age,annual_income,total_debt,credit_limit,current_balance,num_late_payments_12m,employment_years,credit_risk
,190849.3,479266.7,41900.0,17803.46,2.0,36.4,0
69.0,23594.16,50936.59,6300.0,2157.72,0.0,20.4,1
46.0,55136.18,111996.89,11100.0,6219.02,0.0,23.5,0
32.0,70179.19,,20900.0,7286.35,0.0,2.6,0
60.0,46451.24,100123.55,13500.0,3699.81,0.0,28.2,0
25.0,24288.42,22374.73,10600.0,7000.42,1.0,6.8,1
38.0,115181.18,170384.07,32300.0,8040.72,0.0,2.0,0
56.0,66314.28,69272.83,25600.0,2067.87,1.0,0.3,1
36.0,25332.97,26309.83,11000.0,4421.68,3.0,7.8,1
40.0,70488.21,61687.72,29100.0,7015.3,1.0,2.0,0
28.0,150382.85,330913.25,32000.0,9309.34,0.0,7.5,0
28.0,53008.65,104277.47,15800.0,2350.3,2.0,9.1,1
41.0,54104.49,73337.16,13800.0,,1.0,10.0,0
53.0,138801.9,239755.47,37500.0,,0.0,9.1,0
57.0,30265.68,75258.89,7800.0,765.37,1.0,16.9,0
41.0,152745.93,161665.69,50000.0,9861.0,0.0,16.6,0
20.0,97124.28,141222.7,27700.0,7409.58,0.0,0.0,0
39.0,31115.73,45459.31,9600.0,3956.86,2.0,12.4,0
19.0,36280.61,86617.45,16100.0,1723.33,0.0,0.6,0
41.0,39541.75,35975.79,6600.0,1222.31,0.0,14.7,0
61.0,18031.25,45114.83,5300.0,656.32,2.0,10.4,1
47.0,63340.68,54890.81,24200.0,6641.42,2.0,20.7,0
55.0,31972.51,9833.37,6200.0,1128.29,0.0,3.4,1
19.0,64726.81,33458.71,21600.0,2491.21,0.0,0.2,0
38.0,24970.09,28560.75,,,0.0,17.5,1
50.0,94259.6,168301.67,38700.0,15187.33,1.0,23.6,0
29.0,84336.97,114515.66,20900.0,5546.98,0.0,0.2,0
39.0,35471.07,40735.52,8800.0,7368.05,0.0,5.2,1
61.0,67224.26,101573.7,22100.0,7118.02,2.0,9.2,0
42.0,56939.94,120824.29,11700.0,1420.34,2.0,6.5,0
66.0,131844.66,288287.87,31000.0,11766.43,0.0,11.9,0
44.0,29158.82,55065.3,8000.0,2125.43,0.0,1.6,1
59.0,49445.25,121355.75,12700.0,3620.62,0.0,18.8,0
45.0,36886.09,59946.63,11300.0,5520.77,1.0,19.8,0
33.0,55652.98,4064.1,18400.0,2998.67,1.0,9.1,0
32.0,,55816.82,23900.0,1554.73,0.0,9.4,0
64.0,36640.72,32243.0,12700.0,2177.21,1.0,3.7,1
68.0,43544.39,62623.55,10600.0,3041.1,0.0,47.6,0
61.0,96724.74,221223.14,18200.0,2410.14,0.0,36.1,0
69.0,122319.87,274368.81,46300.0,18073.53,0.0,41.1,0
20.0,72846.49,52936.16,29500.0,,1.0,1.6,1
54.0,49872.36,66329.77,11300.0,1571.73,0.0,33.6,0
68.0,47105.35,80983.24,12800.0,3359.67,2.0,27.2,0
24.0,75272.93,200895.72,22500.0,,0.0,1.2,0
38.0,62109.87,12979.14,19300.0,8118.6,2.0,,0
26.0,20143.05,24992.66,7000.0,1632.9,0.0,5.9,0
56.0,76376.56,192824.79,12400.0,4153.94,,28.0,0
35.0,32327.0,81058.64,11800.0,2083.31,0.0,,0
21.0,23152.04,19917.03,3900.0,774.55,0.0,0.2,0
42.0,19910.31,4653.92,5800.0,4653.09,3.0,,1
31.0,47588.07,71103.6,19000.0,1299.68,0.0,12.0,0
67.0,29439.29,66744.0,8400.0,2938.84,0.0,28.6,0
26.0,15000.0,13108.0,2900.0,946.85,1.0,4.3,1
43.0,43692.28,108041.52,19500.0,5990.56,0.0,6.7,0
19.0,40362.54,38636.46,16800.0,5064.67,0.0,0.4,0
37.0,49516.41,85755.42,18900.0,10217.97,1.0,17.0,0
45.0,37147.85,69223.6,10200.0,2167.45,0.0,18.0,0
64.0,162364.29,151369.85,33300.0,11161.89,2.0,36.2,0
24.0,73895.14,65569.85,32000.0,503.99,0.0,2.7,0
61.0,40144.15,48925.31,12400.0,1756.45,,,0
25.0,52147.1,115292.56,21200.0,6406.36,1.0,1.7,0
64.0,126599.72,35907.79,32000.0,3988.59,0.0,32.5,0
52.0,96179.71,160284.41,24100.0,8445.65,0.0,14.5,0
31.0,,43416.64,10400.0,3721.12,2.0,5.8,0
,30194.82,45277.48,9300.0,3165.31,0.0,10.4,0
53.0,,80864.75,6500.0,1574.53,0.0,32.8,0
67.0,41613.5,64674.56,9000.0,2047.21,2.0,3.1,1
57.0,37901.5,60746.04,11200.0,617.51,2.0,32.2,0
21.0,55293.22,85551.17,9000.0,2644.51,,0.9,0
19.0,84240.64,160982.32,24300.0,8924.01,1.0,0.4,1
23.0,93115.52,39244.81,25700.0,7723.01,2.0,0.1,1
59.0,44530.14,105346.41,17100.0,5790.79,0.0,12.3,0
21.0,20316.4,,5200.0,297.7,1.0,1.5,0
46.0,29020.39,51900.13,12900.0,5413.53,1.0,1.6,0
35.0,39661.46,62331.45,8100.0,1304.27,3.0,8.3,0
43.0,25667.46,,8400.0,1826.11,0.0,23.2,0
,107421.47,20513.47,19000.0,9580.39,0.0,4.5,0
51.0,26696.17,12443.92,9900.0,3177.99,0.0,25.2,0
27.0,78451.65,74684.81,35200.0,21402.01,0.0,3.7,0
53.0,19749.27,45167.1,7800.0,1614.74,2.0,22.9,0
31.0,80363.93,179465.5,25500.0,7540.05,4.0,3.4,1
48.0,49833.3,12612.42,14700.0,4657.09,0.0,4.8,0
65.0,134257.98,108191.58,,11100.23,1.0,7.5,0
32.0,27475.84,62278.58,11800.0,1191.8,2.0,1.0,1
25.0,38620.21,25642.86,17300.0,,1.0,1.3,0
31.0,43379.42,108812.46,11700.0,801.47,0.0,8.6,0
40.0,49439.25,35688.05,22100.0,3943.08,0.0,19.4,0
57.0,44020.53,82903.77,8700.0,1563.38,1.0,31.8,0
38.0,44533.32,50085.76,10100.0,3653.19,1.0,13.7,1
33.0,44097.68,20180.31,7800.0,5160.14,1.0,1.7,0
62.0,15635.39,11180.63,3600.0,1207.03,0.0,12.7,0
,98321.77,170129.58,37400.0,,0.0,5.3,0
64.0,300000.0,278293.62,50000.0,25501.32,0.0,11.5,0
41.0,64793.64,105623.98,24900.0,7764.81,1.0,11.8,0
,27406.88,14525.42,9300.0,,0.0,13.4,1
42.0,29122.8,40097.08,8900.0,7437.25,1.0,8.6,0
62.0,78268.81,109552.43,28400.0,9320.26,1.0,15.6,0
58.0,68273.82,76841.49,18200.0,,1.0,33.1,0
,45680.46,24800.38,18400.0,,1.0,22.1,0
32.0,85139.18,107636.12,30100.0,9395.4,1.0,4.3,0
62.0,15703.97,29456.53,5600.0,2253.31,0.0,40.2,0
18.0,85172.79,215390.4,26500.0,9931.13,1.0,0.0,1
42.0,62483.43,127391.56,26000.0,,0.0,7.8,0
24.0,29804.99,13787.27,6700.0,1755.7,1.0,2.1,0
26.0,22925.51,18020.39,6100.0,2390.82,,4.0,1
41.0,58267.3,,22300.0,6000.95,0.0,21.6,0
18.0,126038.52,54452.32,37500.0,11709.66,0.0,0.0,0
,47246.98,30874.86,19700.0,1264.83,1.0,4.4,0
25.0,32480.3,17050.22,8200.0,848.45,0.0,2.7,0
41.0,60765.23,36704.83,15800.0,4248.72,2.0,12.7,0
28.0,161542.43,97837.58,50000.0,4639.62,0.0,5.0,1
68.0,70177.28,62054.58,20300.0,9302.55,0.0,9.7,0
34.0,74879.93,27301.17,22800.0,3791.48,1.0,13.7,0
25.0,112834.7,83954.67,28200.0,5581.1,1.0,4.7,0
52.0,71936.17,128587.47,16800.0,4783.19,1.0,28.5,0
52.0,33908.4,22481.27,11800.0,2441.32,4.0,29.2,1
50.0,19020.28,8762.19,3500.0,591.15,0.0,23.9,0
22.0,31163.67,11286.23,12900.0,6012.12,,1.8,1
59.0,27921.83,38605.89,10700.0,3705.59,,25.0,0
56.0,80465.59,178919.98,16700.0,9543.39,0.0,6.1,0
58.0,87466.3,36312.42,31300.0,23407.5,0.0,26.9,0
45.0,60194.92,88061.99,19900.0,6448.81,0.0,4.8,0
24.0,25305.7,43363.89,5200.0,2202.97,0.0,4.2,1
26.0,158254.25,243189.69,36700.0,8790.75,1.0,1.8,0
25.0,42204.15,96937.27,11500.0,4338.92,1.0,0.8,1
29.0,77814.93,180952.72,28000.0,12406.44,2.0,1.8,0
51.0,55803.67,10950.03,19100.0,2955.1,1.0,0.1,0
50.0,,58210.44,19000.0,2803.72,3.0,23.0,1
,76184.28,130156.0,29000.0,2389.28,0.0,34.4,0
40.0,35681.51,88944.81,13500.0,3983.15,1.0,11.3,0
41.0,118567.95,245822.89,39800.0,7298.32,1.0,3.7,0
54.0,21000.4,12678.35,8100.0,3407.23,0.0,3.0,0
52.0,29052.69,25269.09,7300.0,4989.67,0.0,0.7,0
61.0,117648.62,,48800.0,13354.18,2.0,7.1,1
57.0,77188.28,92494.17,25800.0,1513.34,0.0,34.7,0
39.0,248757.71,362973.47,50000.0,22609.21,0.0,5.1,0
44.0,56444.34,90263.05,17700.0,4329.39,0.0,9.2,0
52.0,150280.31,45191.31,32400.0,6384.61,4.0,3.6,1
18.0,17774.37,39022.26,5600.0,986.8,2.0,0.0,0
52.0,23199.62,50491.24,6100.0,430.26,0.0,17.7,0
54.0,92717.76,123551.28,33300.0,15016.0,1.0,21.9,0
64.0,19068.24,33009.63,5600.0,3127.54,1.0,11.3,0
31.0,48126.08,86043.27,19300.0,6646.77,0.0,0.8,0
20.0,109133.31,65623.8,,13861.17,0.0,0.8,0
18.0,73181.85,22358.36,26000.0,,3.0,0.0,0
22.0,54538.23,3931.67,11700.0,1113.01,0.0,0.9,0
43.0,41379.28,101394.59,18400.0,6958.61,0.0,,0
31.0,61165.31,55313.42,24600.0,2449.27,3.0,8.0,1
56.0,76599.74,29234.44,29600.0,12797.87,1.0,21.2,0
44.0,36441.5,47033.06,9100.0,4596.94,0.0,10.8,0
26.0,67713.55,23096.35,21000.0,10294.24,1.0,3.4,0
32.0,103472.22,26622.22,19800.0,4569.51,1.0,7.6,0
32.0,47406.43,64929.96,14800.0,6989.19,0.0,9.8,0
43.0,56436.63,77413.46,10900.0,5620.89,0.0,17.6,1
59.0,,,22900.0,5270.29,0.0,7.0,0
30.0,75417.95,,26000.0,2480.35,1.0,6.0,0
68.0,91772.88,164889.24,24500.0,11567.19,0.0,20.6,0
49.0,29477.28,33550.67,8800.0,1641.76,,27.0,0
56.0,39444.37,67160.47,16300.0,3701.08,0.0,24.0,0
66.0,40330.88,33959.74,7400.0,3233.68,0.0,25.6,0
69.0,31497.16,40687.31,,5937.42,,5.9,0
49.0,18415.57,18694.19,3700.0,585.84,2.0,18.8,0
21.0,15000.0,13417.78,2400.0,1076.15,1.0,0.4,0
47.0,110998.46,75380.94,22800.0,9178.45,2.0,9.8,0
54.0,21325.61,6436.0,8100.0,2253.03,0.0,,1
40.0,138677.38,182770.07,37700.0,7374.22,0.0,15.2,0
56.0,84427.27,121692.82,34800.0,8288.38,1.0,7.8,1
62.0,42471.43,40251.43,,4558.97,1.0,17.2,0
32.0,78421.49,193489.4,12300.0,2171.58,0.0,12.5,0
60.0,69918.11,108328.88,25500.0,10974.69,2.0,8.6,0
46.0,27971.33,65116.54,5100.0,2949.52,0.0,14.2,0
53.0,53691.68,78308.78,20800.0,1786.68,0.0,14.7,0
30.0,30094.47,,6000.0,816.75,0.0,0.2,0
49.0,80215.88,199611.52,20300.0,4161.01,1.0,24.6,0
24.0,35272.8,79908.93,13300.0,1838.32,1.0,0.4,0
68.0,51124.66,67642.15,22300.0,7407.88,3.0,23.7,0
39.0,49817.45,34742.67,13000.0,4471.36,0.0,11.8,1
45.0,58276.1,38031.16,23200.0,5590.37,2.0,17.0,1
19.0,146903.77,,30400.0,5506.51,0.0,0.7,0
59.0,46883.62,,18400.0,4179.6,2.0,10.4,1
62.0,112505.38,185478.74,39100.0,6015.68,0.0,0.4,0
,72257.99,125798.09,15000.0,10160.93,2.0,3.6,1
,126885.65,65252.38,30500.0,7375.22,0.0,14.5,0
45.0,44220.27,80587.91,8400.0,2659.37,1.0,22.6,0
61.0,82263.41,157801.85,21800.0,12729.03,0.0,35.3,0
61.0,52283.66,46989.12,11000.0,1236.88,1.0,36.3,0
37.0,15000.0,18983.02,5100.0,856.42,0.0,9.2,0
47.0,28172.28,59921.26,12600.0,1269.14,0.0,9.7,0
28.0,76835.82,105823.35,11800.0,5331.07,1.0,7.9,0
45.0,73847.61,121613.23,23100.0,7489.67,0.0,12.2,0
42.0,24909.72,26149.3,8000.0,444.36,0.0,4.4,0
56.0,61834.73,,26200.0,10368.44,0.0,32.5,0
50.0,73273.63,186101.02,22100.0,3271.11,2.0,28.2,0
18.0,53061.17,77962.32,16600.0,7452.45,0.0,0.0,0
44.0,83892.47,78986.72,24500.0,8423.41,0.0,2.0,0
69.0,77306.49,143106.61,17800.0,5155.63,0.0,19.8,0
30.0,,86041.1,8800.0,3710.9,0.0,9.6,0
58.0,39875.01,25933.18,10900.0,2715.13,0.0,36.1,0
20.0,101267.92,222747.04,,735.99,0.0,0.4,0
56.0,71531.79,20907.15,22500.0,8227.62,2.0,2.5,0
23.0,23650.52,36044.72,5700.0,232.02,0.0,4.4,0
,61854.4,83563.23,19200.0,9664.47,,2.7,0
44.0,27156.87,22475.59,5200.0,872.41,0.0,14.1,0
26.0,30371.48,66633.89,13100.0,3887.92,0.0,7.7,1
54.0,36638.47,66481.9,15300.0,6369.43,0.0,2.4,0
50.0,,108263.75,11500.0,2589.23,0.0,20.7,0
68.0,67825.35,70523.92,,212.98,0.0,,0
59.0,42388.61,102834.73,14200.0,2967.34,0.0,15.4,0
61.0,43516.28,38542.34,7800.0,1039.64,1.0,34.6,0
41.0,40056.8,56143.2,10300.0,2963.3,0.0,10.0,0
32.0,101570.48,242260.49,22900.0,,0.0,14.0,0
49.0,,4365.58,6400.0,1245.99,0.0,17.3,0
49.0,45016.91,16532.29,18300.0,4286.52,1.0,10.0,0
41.0,136897.93,356119.1,44300.0,15863.48,1.0,5.1,0
58.0,73890.39,185816.47,22600.0,6375.29,1.0,14.0,0
69.0,115856.58,233010.84,49700.0,9494.07,0.0,19.0,0
66.0,15985.71,23172.95,6900.0,3822.72,4.0,3.3,0
,25710.39,33893.82,,1366.27,0.0,17.7,0
69.0,73749.46,57621.65,13800.0,10198.37,1.0,23.7,0
29.0,137362.45,154228.09,27200.0,5625.6,1.0,8.0,0
56.0,27316.83,34852.9,9600.0,5395.16,1.0,25.0,0
,42930.72,7799.94,13400.0,3926.51,0.0,0.7,1
20.0,68932.19,78794.73,10700.0,701.76,0.0,0.0,0
66.0,22663.27,28904.18,3800.0,1719.9,2.0,10.4,1
54.0,74088.44,129655.68,30900.0,6338.59,0.0,23.8,0
66.0,15000.0,23467.14,6200.0,4100.16,0.0,23.2,0
34.0,72790.71,167137.14,18700.0,10330.86,0.0,0.1,1
66.0,29820.43,31168.8,12400.0,3766.67,0.0,38.6,0
19.0,41416.79,43698.75,13600.0,1275.78,0.0,,0
19.0,80107.95,122963.59,31400.0,8512.86,0.0,0.5,0
45.0,70852.2,37881.98,19700.0,1973.6,0.0,1.8,0
40.0,53917.55,55875.48,9900.0,2834.35,2.0,16.9,0
54.0,96898.99,183622.76,27100.0,17400.42,0.0,21.0,0
49.0,19533.66,20820.17,5600.0,709.84,2.0,24.2,1
50.0,61245.68,142094.09,19300.0,3278.23,0.0,24.1,0
18.0,33721.74,55081.22,6100.0,3208.71,0.0,0.0,0
36.0,93978.27,46805.61,42000.0,10678.54,0.0,9.3,0
19.0,81816.99,104392.14,18300.0,4689.07,0.0,0.1,0
61.0,83617.57,164037.27,17500.0,4164.92,0.0,28.9,0
43.0,145397.86,241124.68,44800.0,7272.15,1.0,15.5,0
49.0,106490.23,245558.8,33100.0,9879.0,1.0,,0
23.0,49293.48,94914.07,13900.0,2490.9,1.0,0.8,0
49.0,54135.17,9966.12,20700.0,1627.44,1.0,6.0,0
21.0,77696.31,30100.6,23700.0,8246.06,,2.7,0
28.0,58788.69,101875.37,19600.0,6380.68,0.0,7.5,0
,82710.68,57945.96,30400.0,8648.75,1.0,14.5,0
55.0,15000.0,22657.48,2400.0,613.67,0.0,28.1,0
41.0,167457.04,344973.0,50000.0,13316.97,0.0,13.7,0
22.0,,92103.99,23300.0,11049.54,0.0,2.6,1
69.0,20466.01,21467.39,3200.0,208.91,1.0,45.3,0
51.0,31310.98,51195.81,8500.0,607.42,0.0,19.1,0
23.0,15099.3,9726.55,6500.0,4305.17,1.0,3.2,0
39.0,28165.66,56004.44,7200.0,5080.36,0.0,3.3,0
28.0,49744.29,91009.23,14300.0,4326.68,0.0,4.7,0
65.0,134434.02,197308.74,50000.0,24425.46,2.0,33.7,0
33.0,69314.18,51190.78,14500.0,2876.46,2.0,4.1,1
50.0,62299.98,129846.35,10600.0,5625.83,0.0,6.5,0
26.0,27417.51,36200.49,11200.0,1205.44,1.0,2.5,0
23.0,33034.54,8799.74,13600.0,3912.54,0.0,1.2,1
33.0,34608.11,81466.49,10100.0,1987.88,0.0,3.2,0
46.0,35465.75,,10800.0,209.61,0.0,11.9,0
20.0,43874.03,65622.19,17600.0,1477.79,0.0,,0
,45907.94,53738.41,17100.0,3604.01,2.0,9.6,0
53.0,44203.22,108265.54,10100.0,2188.9,0.0,6.6,0
36.0,36214.16,71760.06,5600.0,1593.26,1.0,1.4,0
43.0,58749.15,87486.28,17300.0,8910.31,1.0,17.4,0
20.0,44862.21,76014.99,18300.0,2760.17,1.0,,0
36.0,20798.99,16388.86,,1790.55,0.0,14.8,0
37.0,55305.58,35881.38,24200.0,8820.92,0.0,12.5,0
49.0,50510.76,39215.83,20900.0,4701.88,,24.7,0
24.0,20998.86,17523.11,6800.0,,3.0,1.6,1
69.0,37995.35,72861.68,10800.0,2595.13,1.0,35.3,0
58.0,77516.3,43204.91,29600.0,16062.38,1.0,10.6,1
50.0,27395.39,57415.17,10200.0,4159.41,0.0,30.1,0
57.0,25711.47,36867.59,8000.0,3224.43,2.0,24.8,0
56.0,44581.3,43466.68,7900.0,604.76,0.0,,0
35.0,78728.41,64330.01,33700.0,5205.74,2.0,,0
57.0,160523.65,229439.88,46000.0,23487.79,1.0,7.4,0
18.0,80447.59,70380.43,20800.0,6521.44,0.0,0.0,0
28.0,103870.13,122701.68,35200.0,11183.59,0.0,2.2,1
45.0,66703.89,125814.64,23500.0,2576.65,0.0,16.1,0
42.0,35915.72,56684.13,7700.0,476.16,1.0,6.4,0
67.0,80099.64,171838.28,32100.0,22055.48,0.0,32.4,1
40.0,51463.86,94612.79,12200.0,2881.84,,17.9,0
48.0,67929.13,146477.01,14000.0,8059.1,0.0,23.3,1
47.0,30711.18,20297.81,8400.0,4812.47,1.0,22.1,0
59.0,71672.86,186270.26,26500.0,,0.0,7.7,0
,50397.41,61996.54,22200.0,2052.54,0.0,3.0,0
24.0,62240.09,116282.47,24400.0,4525.26,0.0,4.2,0
33.0,51480.38,97758.49,22200.0,10531.4,0.0,5.5,0
43.0,45875.12,66584.55,8800.0,1654.04,2.0,10.8,0
65.0,72461.78,188296.89,12400.0,7900.35,0.0,1.5,0
69.0,42461.17,24126.04,13500.0,1057.33,0.0,13.2,0
66.0,20885.01,24790.56,5000.0,2771.03,0.0,1.6,0
19.0,,7252.53,7000.0,1632.59,1.0,0.9,1
18.0,60515.21,34611.74,21300.0,7102.21,1.0,0.0,0
65.0,41426.22,81025.03,18300.0,7186.51,1.0,26.2,0
29.0,19197.6,1587.71,4300.0,1355.29,0.0,0.4,0
,57752.45,130271.64,17100.0,1798.33,0.0,2.7,0
54.0,51209.24,87830.96,15400.0,6768.72,,11.6,0
49.0,40144.14,48309.6,8900.0,4060.21,0.0,27.8,0
26.0,62823.57,58831.89,20500.0,6788.67,1.0,7.1,0
58.0,,40116.79,33700.0,2468.37,0.0,13.0,0
52.0,117096.59,279707.66,33300.0,9928.07,0.0,30.6,0
36.0,59057.03,108190.66,15300.0,3021.56,0.0,17.9,0
65.0,51491.59,44029.16,8000.0,725.63,1.0,38.8,0
33.0,59554.14,13611.18,18300.0,3049.82,1.0,12.7,0
20.0,65212.35,62495.06,16300.0,9398.7,0.0,0.5,0
37.0,46120.88,23332.62,6900.0,2043.88,0.0,11.0,1
41.0,60157.77,123781.23,14600.0,,0.0,1.5,0
50.0,21074.57,39667.94,4900.0,1754.86,2.0,3.0,1
41.0,56886.27,74400.02,,,0.0,23.0,0
69.0,72120.11,161881.38,13700.0,2163.99,1.0,,0
28.0,40380.2,20829.09,12200.0,2589.28,1.0,7.5,0
,51160.16,64826.09,18300.0,,3.0,38.7,0
25.0,27808.49,55306.84,9400.0,,1.0,,0
53.0,25586.29,5190.53,10000.0,853.5,0.0,34.9,0
55.0,61481.34,60223.47,17600.0,2941.71,1.0,8.9,0
57.0,34970.57,53488.11,10700.0,3509.5,2.0,,0
37.0,18655.66,19158.95,7300.0,2051.54,0.0,7.8,1
,27803.94,37148.67,7700.0,3770.11,0.0,4.4,0
65.0,30338.49,49447.6,10900.0,3324.12,0.0,,0
42.0,86227.83,89271.31,24200.0,9857.5,1.0,8.7,0
52.0,60322.98,24218.6,16600.0,,1.0,26.6,1
42.0,32113.72,15477.3,12100.0,4282.1,1.0,13.6,0
46.0,38076.04,53600.0,7700.0,3434.44,0.0,8.8,0
35.0,119044.26,69757.6,29900.0,17753.11,0.0,11.1,0
63.0,95002.78,215537.36,20600.0,4195.68,0.0,10.4,0
35.0,27699.34,60563.4,7100.0,,,0.2,1
19.0,108892.4,96408.75,,1391.4,0.0,0.8,0
52.0,51617.84,109996.0,16700.0,2761.59,2.0,21.2,0
33.0,87532.64,131368.03,34100.0,,0.0,11.4,0
58.0,49119.69,29215.44,19000.0,9684.11,,1.6,0
53.0,110359.39,172536.08,28600.0,3075.97,0.0,,0
50.0,27017.16,49638.44,12100.0,3746.34,0.0,19.8,0
21.0,46477.79,20908.06,15300.0,11160.32,0.0,1.7,1
50.0,112406.37,101166.33,30300.0,12800.0,0.0,20.0,0
31.0,15000.0,557.77,6000.0,355.87,0.0,11.2,0
38.0,52699.6,49832.76,19400.0,8143.58,0.0,11.7,0
65.0,42781.98,37710.7,16000.0,1833.16,0.0,27.3,0
37.0,,133217.81,17100.0,4499.31,0.0,18.8,0
25.0,102944.79,56549.07,29900.0,5322.9,0.0,5.3,0
24.0,83966.26,10334.05,34300.0,4017.48,0.0,2.7,0
20.0,62604.98,52649.11,18900.0,3248.38,,1.4,0
34.0,55511.12,119072.84,19700.0,4495.18,1.0,6.2,0
50.0,44106.99,48740.01,14400.0,4727.28,1.0,7.3,0
65.0,61450.27,71381.72,24700.0,7612.66,0.0,28.1,0
29.0,130065.43,165415.78,30600.0,12905.1,1.0,10.2,0
68.0,32915.29,65967.79,10600.0,4104.42,0.0,46.5,0
39.0,,53814.64,8000.0,2735.85,0.0,7.2,0
39.0,51776.62,,18500.0,939.71,0.0,11.1,0
63.0,98771.03,61783.41,36500.0,10817.61,0.0,9.5,0
47.0,61943.71,30491.46,10100.0,,1.0,28.9,0
55.0,97742.24,133913.1,34500.0,,1.0,36.3,0
55.0,100756.9,10264.77,27600.0,2725.77,0.0,24.0,0
62.0,77282.44,60579.21,14500.0,5782.75,1.0,35.4,0
68.0,28612.64,47670.54,7900.0,4236.91,1.0,35.8,0
25.0,146775.04,132879.45,30600.0,2744.78,0.0,4.2,0
44.0,126428.02,234641.92,34700.0,10955.3,0.0,1.4,1
44.0,56281.66,61232.1,14900.0,6185.63,0.0,11.8,0
,23645.73,60925.56,8800.0,3037.41,0.0,22.3,0
38.0,21241.27,,8100.0,722.88,0.0,,0
47.0,63107.15,130404.55,21000.0,4215.38,0.0,10.8,1
50.0,35559.04,85976.3,5600.0,1133.27,0.0,30.1,0
45.0,19335.28,13506.73,8300.0,3608.12,0.0,4.5,0
64.0,21002.16,41649.99,7500.0,2222.47,1.0,23.0,0
50.0,40864.23,35408.42,6500.0,2547.59,1.0,22.1,0
22.0,60898.13,119162.25,24100.0,8739.58,0.0,2.8,0
65.0,125923.24,125349.89,26500.0,7645.2,1.0,30.5,0
36.0,72441.34,57740.84,23500.0,5325.79,1.0,5.0,0
21.0,43094.79,105280.16,12500.0,1982.48,0.0,0.5,0
52.0,68048.08,37230.17,18800.0,1524.42,0.0,21.6,0
66.0,64494.84,124260.94,26900.0,1951.54,1.0,28.8,0
34.0,84434.14,149072.03,23700.0,6658.62,1.0,2.9,0
61.0,52893.45,44475.43,9100.0,4345.48,1.0,,1
45.0,100883.2,128997.49,43800.0,13399.71,,12.3,1
47.0,88847.0,45580.18,37900.0,13830.02,0.0,19.4,0
46.0,56932.41,137010.78,20200.0,5894.22,0.0,,0
63.0,,122670.86,14600.0,600.03,,7.6,0
23.0,94075.14,177039.6,16700.0,4773.19,,,1
52.0,35309.79,79302.76,13700.0,4320.63,0.0,26.5,0
58.0,21939.24,6494.07,3800.0,1962.66,1.0,24.4,0
54.0,21864.54,23179.1,3700.0,2190.86,1.0,25.2,0
,33596.44,30502.14,10500.0,,1.0,19.3,1
46.0,80482.2,121147.94,15900.0,7476.58,1.0,22.5,0
66.0,42037.64,,6400.0,2868.95,1.0,46.1,0
63.0,61249.42,88868.71,17000.0,2601.76,1.0,24.1,0
48.0,40248.27,66608.19,7700.0,765.51,1.0,,0
52.0,40440.44,15317.37,8000.0,1936.33,0.0,13.7,0
50.0,29281.81,10637.23,,994.68,,4.9,0
69.0,,8233.29,10800.0,3692.89,1.0,29.2,0
38.0,48771.52,100155.94,17800.0,7381.24,,5.5,0
49.0,69397.01,63431.53,27300.0,6004.02,0.0,28.6,0
40.0,64383.88,42461.5,,6177.89,0.0,12.8,0
50.0,48132.44,96174.0,14500.0,2545.05,0.0,19.0,0
,21946.14,8327.85,3500.0,468.08,1.0,0.7,0
35.0,102985.93,,17600.0,1453.14,0.0,0.9,0
42.0,51481.27,96379.62,11700.0,523.21,1.0,0.8,1
59.0,56828.07,82963.73,17800.0,1439.27,0.0,17.4,0
48.0,141534.25,207478.55,50000.0,11453.56,0.0,2.5,0
20.0,93426.78,42347.36,,5569.11,1.0,1.2,0
57.0,70818.07,35588.07,19000.0,3554.8,1.0,34.4,0
63.0,54101.46,85009.06,10000.0,6215.86,0.0,39.7,0
41.0,53799.14,14439.4,20700.0,11269.71,0.0,15.2,0
67.0,62571.72,141863.81,16200.0,5908.29,,10.4,0
49.0,69157.66,67326.42,25600.0,6732.07,0.0,26.8,0
64.0,151272.94,167122.77,46000.0,,0.0,40.8,1
39.0,238938.06,177813.3,50000.0,23440.0,0.0,4.1,0
40.0,64482.97,154098.35,27200.0,12772.46,1.0,16.2,1
19.0,15000.0,25894.37,6400.0,1800.47,0.0,0.3,0
44.0,30606.06,36063.37,9500.0,1638.56,1.0,,0
59.0,160636.31,248749.49,48700.0,13694.88,1.0,40.9,0
19.0,83382.32,82964.53,19200.0,3674.28,0.0,0.0,0
43.0,69956.43,83908.65,30100.0,2482.43,0.0,22.4,0
34.0,49015.76,,14100.0,5980.3,0.0,10.0,0
57.0,26544.74,,5000.0,1445.6,2.0,38.0,1
50.0,148252.75,120240.87,41500.0,3500.52,1.0,14.9,0
26.0,33059.82,8815.87,6200.0,2398.87,0.0,6.8,0
60.0,83917.3,9405.75,25200.0,1570.75,0.0,2.6,0
65.0,24824.32,11746.49,7900.0,,1.0,15.8,0
56.0,47609.65,35157.55,12000.0,5206.59,2.0,,1
46.0,98299.51,223181.01,16900.0,4348.64,1.0,27.3,0
59.0,46638.59,78449.24,,7179.8,1.0,33.5,0
43.0,43431.06,110158.57,16600.0,6108.92,2.0,21.3,1
52.0,54523.21,58768.13,21900.0,12471.54,0.0,31.9,1
67.0,,26617.25,6300.0,2207.6,0.0,4.2,0
42.0,,39367.1,8200.0,303.14,1.0,9.3,0
41.0,83161.68,129875.5,24600.0,,2.0,1.6,0
30.0,42052.5,58296.23,8800.0,,1.0,2.5,1
24.0,82775.79,125223.57,15500.0,6116.65,1.0,,1
53.0,105969.84,156991.63,26900.0,2239.82,0.0,16.4,0
62.0,111211.11,216692.24,21300.0,3795.13,0.0,11.8,0
37.0,20483.91,37728.48,9200.0,3516.15,1.0,1.9,0
18.0,35642.8,86463.01,5900.0,,0.0,0.0,0
25.0,74798.36,191535.57,21100.0,14270.37,0.0,1.0,0
63.0,75493.44,88205.46,,,0.0,43.8,0
33.0,208910.78,24972.24,50000.0,6315.14,0.0,,0
31.0,31427.29,2873.64,10100.0,2003.51,1.0,12.6,0
29.0,109196.15,39502.57,21300.0,5871.96,0.0,4.8,0
68.0,67735.44,19561.32,26100.0,6878.3,0.0,13.9,0
40.0,20248.96,19968.73,5100.0,1068.04,0.0,,0
32.0,38999.76,10006.89,,4851.65,0.0,4.6,0
45.0,63418.87,109410.06,23100.0,10331.7,1.0,8.1,0
51.0,19484.61,12087.92,8100.0,2824.24,0.0,7.7,0
19.0,15609.83,22102.47,6300.0,2045.19,,0.1,0
49.0,18830.9,6200.89,6300.0,1348.22,0.0,8.0,0
40.0,63289.85,132254.8,16900.0,1287.68,0.0,7.8,0
39.0,40505.77,80097.96,12200.0,1115.88,1.0,14.2,0
68.0,37347.7,39896.71,14200.0,3810.69,0.0,3.1,0
42.0,38125.05,94232.02,15800.0,7440.98,0.0,5.1,0
,23052.43,12708.32,4200.0,2006.19,2.0,17.0,1
39.0,41198.54,86722.23,10900.0,2889.72,0.0,3.1,0
66.0,18174.25,25987.57,7000.0,1186.29,0.0,16.4,0
69.0,110479.44,109573.7,30900.0,18544.15,0.0,44.1,0
59.0,149551.76,41825.61,37300.0,10284.79,0.0,6.4,0
23.0,15000.0,6998.32,4100.0,574.15,1.0,0.4,0
32.0,40885.15,94082.32,13500.0,5886.65,0.0,6.8,1
60.0,42514.19,68141.16,19100.0,3637.99,1.0,12.7,0
54.0,,33465.45,14500.0,4544.89,0.0,20.3,1
,98806.46,123877.2,21000.0,,0.0,25.7,0
25.0,40956.82,12549.14,8100.0,1507.52,0.0,1.0,1
61.0,51382.3,16575.82,8400.0,3878.93,,25.0,0
61.0,300000.0,687915.49,50000.0,7092.0,2.0,21.7,0
22.0,50676.84,59469.32,15900.0,1462.55,,0.6,0
56.0,156333.05,154518.69,,13206.45,0.0,23.7,0
21.0,73217.71,187218.46,26300.0,13496.3,1.0,0.8,1
23.0,38862.09,42398.16,14500.0,3633.16,0.0,2.4,0
62.0,35156.32,30701.08,,1148.49,1.0,3.6,0
49.0,53940.48,41545.31,13700.0,4732.8,0.0,14.2,0
69.0,27559.87,40492.35,12300.0,1559.71,1.0,,0
47.0,32263.13,46474.61,8500.0,1434.43,0.0,23.8,0
64.0,42031.04,10100.75,15900.0,8399.1,1.0,2.6,0
52.0,64602.35,113684.05,18500.0,8049.14,0.0,14.2,0
57.0,162039.97,342744.44,50000.0,23401.29,0.0,17.9,0
69.0,40498.79,66095.38,15400.0,3730.83,2.0,37.0,0
33.0,71461.26,168221.83,25000.0,12813.57,0.0,8.6,0
30.0,20399.41,15044.08,8300.0,947.25,1.0,8.0,1
67.0,102352.01,60465.16,44200.0,11341.47,0.0,38.1,0
59.0,19283.22,,6200.0,,0.0,35.4,0
47.0,87468.31,42168.98,19400.0,,0.0,9.1,0
,51608.67,15827.89,13900.0,4073.39,,9.7,0
34.0,50393.03,14896.03,19000.0,2724.21,1.0,,0
36.0,45244.72,94051.19,15600.0,7136.82,0.0,17.8,0
45.0,24816.11,,,1715.02,0.0,24.0,0
43.0,25617.67,20612.62,4200.0,2074.6,0.0,9.3,0
54.0,89492.68,44964.93,,16061.83,,7.0,0
43.0,54565.77,108044.17,12300.0,5063.54,0.0,12.2,0
40.0,45047.19,58629.99,13500.0,1927.62,0.0,16.3,0
26.0,,44111.28,26400.0,7796.38,0.0,3.9,0
29.0,57571.69,111254.02,,3247.96,0.0,5.3,0
18.0,33665.91,64055.82,5900.0,901.39,1.0,0.0,0
18.0,237185.48,315395.81,,5262.37,1.0,0.0,1
64.0,84495.52,62977.74,18200.0,4707.56,0.0,39.6,0
51.0,58468.37,87868.31,13300.0,2171.64,1.0,,0
49.0,39808.4,97299.03,12700.0,4393.18,0.0,10.2,1
65.0,95957.03,24233.03,28900.0,11845.84,0.0,21.3,0
42.0,33774.43,22937.04,7100.0,396.84,0.0,18.3,0
,32110.4,24194.26,5500.0,1318.07,0.0,4.9,0
62.0,,238951.31,30100.0,2588.75,1.0,8.6,0
18.0,55182.72,101791.63,24600.0,,0.0,0.0,0
33.0,,22717.25,10000.0,5041.8,1.0,2.6,1
56.0,54361.5,33584.73,22300.0,4215.85,2.0,21.6,0
22.0,90229.52,214382.33,36500.0,5001.87,0.0,2.3,0
39.0,78649.19,160357.08,23900.0,11651.36,1.0,10.3,0
46.0,97203.05,248360.92,35200.0,21326.26,0.0,18.1,0
,25597.92,54528.07,5300.0,1433.95,0.0,0.5,0
29.0,95749.39,99863.6,34100.0,3607.22,0.0,6.1,0
43.0,48657.67,16304.18,11300.0,1474.83,1.0,9.3,0
33.0,57151.47,93740.96,22800.0,3791.64,0.0,9.9,0
68.0,111937.58,103416.4,19600.0,4913.83,0.0,7.1,0
54.0,,96919.91,31500.0,9083.71,0.0,20.6,0
39.0,66878.41,75884.12,12000.0,4678.72,0.0,3.9,0
46.0,16475.04,39077.1,6800.0,504.1,2.0,7.8,0
31.0,52717.3,12282.31,12700.0,3206.71,1.0,2.8,0
45.0,33833.1,17237.06,11700.0,903.81,0.0,4.9,0
22.0,83002.6,128620.9,24600.0,2468.8,0.0,3.3,0
64.0,98181.68,224842.72,25500.0,7920.59,1.0,13.1,1
,45196.79,107113.59,15500.0,3393.44,1.0,44.5,1
47.0,36307.34,54042.79,15800.0,3331.15,1.0,28.1,0
63.0,137830.57,18648.22,22400.0,6739.24,1.0,25.7,0
69.0,37726.25,39950.36,16100.0,5725.01,2.0,7.3,0
22.0,26457.04,62297.59,8800.0,1523.57,0.0,1.5,0
29.0,32872.68,43593.6,12900.0,2507.35,0.0,,0
33.0,38832.02,74309.54,,3769.89,0.0,5.5,0
43.0,32311.62,24630.27,,2885.08,0.0,2.2,0
43.0,89970.29,28528.2,36900.0,22903.49,1.0,13.9,0
65.0,15000.0,22535.5,4100.0,846.99,0.0,39.7,0
38.0,31903.27,71299.2,9900.0,4702.64,0.0,,0
56.0,52654.21,133663.03,8200.0,3308.49,0.0,6.7,0
53.0,61460.36,134030.37,12100.0,3945.35,0.0,23.5,0
50.0,149507.36,226393.02,50000.0,19327.43,0.0,,0
47.0,136918.7,235204.0,50000.0,26838.52,0.0,6.3,0
54.0,20734.57,43212.21,6700.0,490.49,0.0,31.5,1
40.0,17243.17,935.64,3300.0,81.64,0.0,5.5,0
27.0,54994.19,132798.17,15600.0,1960.89,2.0,2.4,1
22.0,36173.74,49362.42,9300.0,1321.77,0.0,0.0,0
53.0,26496.93,66475.9,7900.0,3409.75,0.0,30.5,0
,,112047.27,22500.0,7493.81,1.0,26.2,0
69.0,62219.17,32636.17,23800.0,8943.47,1.0,32.0,0
48.0,32748.71,14844.74,5700.0,1314.63,3.0,22.5,0
27.0,37255.29,35806.45,15500.0,2868.49,1.0,1.4,0
36.0,,25361.16,10000.0,2727.03,2.0,8.2,0
49.0,42323.82,49090.59,15800.0,2608.59,0.0,10.9,0
18.0,74971.74,118571.83,14400.0,5382.52,1.0,0.0,0
22.0,28374.79,34679.93,10000.0,3710.3,1.0,1.9,0
62.0,36886.06,6975.3,8100.0,1772.47,1.0,40.5,0
21.0,42635.0,106426.7,12000.0,2436.57,0.0,0.1,0
33.0,53957.32,58145.32,8400.0,799.19,1.0,4.4,0
41.0,63932.98,138722.66,12500.0,2693.26,1.0,4.8,0
33.0,184490.77,49708.08,32800.0,15598.37,1.0,3.6,0
19.0,76364.67,162586.3,16900.0,,0.0,0.9,0
66.0,77463.24,36439.3,13900.0,2858.09,1.0,22.5,0
45.0,46167.54,79088.71,16500.0,672.57,2.0,12.6,0
49.0,30093.98,51386.97,4800.0,1595.98,0.0,23.6,0
44.0,39461.14,91804.52,13200.0,2049.49,0.0,4.0,1
37.0,35376.41,31356.91,6800.0,2995.94,0.0,9.3,0
41.0,68551.35,28105.98,29700.0,9432.63,0.0,9.9,1
29.0,20115.2,48158.92,8600.0,4681.63,2.0,6.6,1
67.0,77305.49,70164.98,16800.0,6083.07,0.0,49.0,0
52.0,50496.35,34040.88,16900.0,4685.61,1.0,26.2,0
50.0,84120.78,,13300.0,1457.7,1.0,12.7,0
50.0,35089.43,15850.85,15100.0,3031.3,2.0,26.5,0
68.0,31545.25,27057.23,9700.0,3637.77,2.0,8.5,0
60.0,,43412.92,6900.0,2528.42,0.0,1.3,0
,41840.1,31394.61,10600.0,2393.64,0.0,7.4,0
29.0,87887.16,101475.62,15200.0,2545.55,,3.7,0
20.0,87385.35,97136.25,23400.0,13104.17,0.0,1.0,0
18.0,,332068.21,50000.0,3044.69,0.0,0.0,0
50.0,40243.54,93475.3,11700.0,1075.26,1.0,29.1,1
57.0,,4681.51,4000.0,896.89,0.0,19.9,0
27.0,42376.38,92584.85,7900.0,5363.4,,4.5,1
60.0,62217.7,150583.29,13900.0,5651.64,0.0,2.1,0
61.0,83176.36,148607.14,15000.0,5832.18,0.0,1.5,0
46.0,65001.3,172425.94,25500.0,10504.5,2.0,15.4,0
30.0,40224.58,39286.56,7700.0,5594.15,0.0,5.3,0
,151523.9,331991.94,49800.0,17462.44,1.0,9.2,0
48.0,29136.84,49762.78,7400.0,688.87,0.0,4.8,0
63.0,45945.59,42089.78,10000.0,4939.46,0.0,1.1,1
19.0,28340.7,50789.22,9700.0,861.66,0.0,0.4,0
68.0,54816.47,70945.91,,1106.73,2.0,11.9,0
67.0,140561.93,79835.79,38000.0,13429.45,0.0,2.4,0
52.0,,23150.22,16300.0,1509.25,0.0,24.6,0
40.0,49967.1,91317.12,14900.0,2200.94,0.0,2.5,1
34.0,19583.11,37641.29,4700.0,2786.76,1.0,9.7,1
43.0,45606.46,66445.21,14500.0,,0.0,7.0,0
25.0,108043.83,137163.41,37900.0,1726.24,0.0,1.2,0
46.0,46623.42,22040.86,7400.0,1055.84,0.0,10.6,0
43.0,44771.45,51517.63,13000.0,3468.22,1.0,,0
27.0,105180.03,231615.74,17600.0,2481.7,1.0,3.5,0
43.0,44885.12,99050.64,9200.0,3139.3,2.0,18.8,1
51.0,117622.09,205140.26,37400.0,10793.6,0.0,4.1,0
68.0,25064.71,65272.26,10300.0,2776.12,1.0,38.6,0
58.0,81365.97,193346.43,33800.0,11660.62,0.0,9.5,0
24.0,145480.53,56916.93,24900.0,4096.43,1.0,4.1,0
21.0,99182.23,104266.18,27300.0,5298.08,1.0,1.7,1
67.0,17670.22,7721.45,5700.0,1893.04,1.0,45.5,0
62.0,36938.81,48329.68,7200.0,5287.69,0.0,17.0,1
28.0,46855.75,99314.81,17800.0,8369.81,0.0,0.7,0
46.0,99307.19,50806.51,37100.0,12129.16,0.0,0.5,1
53.0,24368.07,55429.65,10300.0,1794.19,1.0,28.9,0
42.0,29396.71,,4500.0,1854.6,0.0,12.6,0
38.0,20679.73,39370.31,4400.0,,1.0,15.5,0
53.0,33008.48,4959.25,13100.0,1232.94,0.0,8.2,0
27.0,25566.44,6630.28,9000.0,632.51,0.0,3.1,0
54.0,141314.55,235079.39,50000.0,15737.59,2.0,1.1,1
26.0,36738.25,80913.32,6100.0,3929.06,2.0,7.7,1
41.0,82006.61,186004.68,27000.0,6847.9,0.0,15.4,0
52.0,54763.64,97917.59,17600.0,3673.57,0.0,31.7,0
66.0,54305.28,30226.95,8700.0,,0.0,12.7,0
52.0,37992.11,20374.32,11600.0,1851.1,0.0,20.8,0
65.0,85992.34,191530.5,28600.0,2054.39,1.0,31.9,0
53.0,59433.1,17705.98,12300.0,881.16,1.0,11.1,0
35.0,57414.17,101966.87,13300.0,,0.0,14.4,0
66.0,37947.07,58859.56,13000.0,,0.0,45.5,0
56.0,41862.03,47466.82,12200.0,,0.0,33.6,0
49.0,77137.64,90537.59,31400.0,5621.67,2.0,22.9,0
41.0,62195.22,152960.51,15700.0,5992.06,0.0,6.4,0
40.0,58342.34,127099.13,13400.0,1452.6,0.0,6.2,0
49.0,,81879.16,15400.0,7359.31,0.0,29.9,0
54.0,173939.81,195978.48,50000.0,19160.7,1.0,0.4,0
29.0,,,,2161.26,1.0,7.9,0
66.0,53201.85,140977.15,20300.0,8259.89,0.0,33.9,0
30.0,48425.4,19142.32,8900.0,1546.58,1.0,7.5,0
40.0,175049.96,231980.25,,6348.58,,21.8,0
42.0,45501.99,32294.03,10600.0,2192.28,1.0,7.5,0
52.0,43070.55,60212.12,9900.0,5217.18,0.0,11.6,0
58.0,58161.95,51941.64,23000.0,7602.87,0.0,3.2,0
47.0,35734.63,82262.87,13000.0,2138.09,0.0,12.8,0
34.0,57928.21,141450.31,25700.0,1214.57,1.0,4.2,0
66.0,224799.04,242023.63,50000.0,11568.49,,16.5,1
37.0,64849.04,17863.21,,6483.88,0.0,15.9,0
65.0,63446.2,114255.38,,9039.99,0.0,44.0,0
42.0,35216.04,38965.35,15800.0,5807.2,0.0,4.5,0
39.0,151073.88,388773.66,50000.0,16388.38,0.0,7.8,1
30.0,173410.97,53609.57,,14863.15,0.0,11.1,0
36.0,90364.63,40309.77,39000.0,13397.73,2.0,1.1,0
66.0,80201.7,143956.8,14800.0,3719.49,1.0,,0
53.0,47058.22,96842.83,17000.0,7591.08,1.0,5.7,0
29.0,68514.63,84270.94,27800.0,3578.45,0.0,6.5,0
58.0,32823.68,24530.19,14300.0,1778.08,0.0,6.0,0
36.0,27565.81,22336.56,5900.0,,0.0,,0
29.0,22194.15,20732.79,6700.0,1980.23,1.0,4.9,0
,,,24500.0,3898.45,0.0,4.0,0
,23693.96,52597.28,5300.0,2209.55,2.0,1.5,0
45.0,40143.62,7337.36,13300.0,806.27,0.0,12.7,0
31.0,52222.17,58711.88,11900.0,5539.55,1.0,8.6,0
48.0,98437.22,192676.1,24600.0,8696.16,1.0,22.5,0
69.0,38294.74,6146.05,10800.0,5779.81,0.0,38.4,0
36.0,105658.07,245088.54,32600.0,13160.49,1.0,,1
64.0,95177.17,172689.18,27100.0,4631.71,1.0,41.6,0
33.0,28487.34,7227.85,8500.0,2002.28,,12.3,0
22.0,106265.43,243368.09,25500.0,5600.1,1.0,3.0,0
52.0,45699.9,59585.45,9000.0,3910.98,4.0,1.9,1
29.0,40160.1,67621.34,6600.0,2136.35,0.0,0.1,0
42.0,45815.97,101375.51,9600.0,347.47,2.0,5.1,0
69.0,54062.53,120745.26,17500.0,1650.6,0.0,33.8,0
38.0,42233.68,47837.48,16300.0,4680.56,0.0,8.2,1
53.0,32734.51,22407.79,6600.0,2956.17,1.0,14.1,0
40.0,34518.36,25153.43,6300.0,2939.01,0.0,19.5,0
33.0,58886.41,120194.97,,7436.09,0.0,13.4,0
56.0,49203.59,,11900.0,5140.61,2.0,34.5,0
62.0,74338.62,31860.24,32400.0,18436.42,1.0,13.8,0
59.0,,10849.04,20400.0,8749.83,3.0,28.3,0
56.0,56738.51,123000.94,14100.0,6270.67,0.0,10.3,0
31.0,77318.41,80617.32,18300.0,5888.57,2.0,,0
48.0,126924.9,89997.45,39000.0,2276.72,0.0,5.5,0
22.0,130016.08,69014.04,22600.0,7784.97,0.0,1.4,0
52.0,121084.49,115492.03,22400.0,10608.46,1.0,14.6,0
40.0,91333.19,223304.81,18500.0,,0.0,18.3,0
46.0,189329.92,473385.15,50000.0,10909.06,0.0,3.4,0
60.0,70452.52,59690.98,21400.0,1301.07,0.0,,0
28.0,65862.7,161621.98,10100.0,2943.9,0.0,5.3,0
35.0,208220.47,,50000.0,,0.0,4.9,0
64.0,15000.0,33202.57,4200.0,1159.53,2.0,22.7,0
29.0,47651.15,28793.14,14500.0,3537.53,1.0,3.3,1
26.0,114863.23,238775.3,24600.0,1442.72,0.0,4.8,0
27.0,97553.65,92013.06,30800.0,5743.83,1.0,3.9,0
61.0,252556.67,148758.8,50000.0,25180.6,0.0,7.1,0
34.0,57785.4,139616.8,9900.0,4575.22,1.0,1.9,0
55.0,41835.87,25341.7,9800.0,2940.23,0.0,20.2,0
24.0,44389.1,110283.23,9900.0,216.55,0.0,5.4,0
63.0,65567.86,25991.45,14700.0,8194.06,0.0,15.5,0
30.0,143341.98,16805.92,37800.0,13214.92,0.0,8.8,0
,144420.52,323459.26,50000.0,,3.0,25.7,0
59.0,52385.82,81512.83,22200.0,4688.45,1.0,38.2,0
26.0,63057.68,71289.86,13300.0,4822.92,1.0,6.6,0
67.0,37535.37,10908.04,11700.0,3216.67,0.0,27.8,0
44.0,39961.46,61542.79,13600.0,,1.0,17.1,0
19.0,101493.94,101446.54,31100.0,1544.64,0.0,0.9,1
22.0,141680.08,178064.3,39700.0,6765.32,0.0,1.6,0
46.0,35654.47,57247.95,7400.0,1057.23,0.0,9.2,0
54.0,62678.5,100882.3,18600.0,607.1,2.0,0.4,0
55.0,46824.09,114252.91,12700.0,1804.95,1.0,30.6,0
36.0,,156047.33,35400.0,7066.16,0.0,14.4,0
,42911.3,38076.8,16300.0,,1.0,0.7,0
65.0,17053.78,14606.11,3200.0,552.4,0.0,27.1,0
62.0,98934.61,125987.1,17500.0,7967.77,2.0,20.4,0
,45157.42,41937.3,,12660.88,1.0,0.0,0
39.0,48066.16,46030.65,14900.0,795.71,0.0,20.6,0
69.0,70358.07,155744.06,28700.0,7620.49,0.0,10.9,0
34.0,66949.92,148413.02,11200.0,4510.59,1.0,1.1,0
24.0,71230.26,121911.75,21900.0,,1.0,3.6,1
42.0,,32597.38,6400.0,2906.06,0.0,17.7,0
62.0,75643.4,97246.04,30900.0,16477.83,0.0,1.4,0
21.0,17232.74,,3100.0,817.25,0.0,2.0,1
53.0,85968.75,183790.77,19100.0,10552.27,0.0,18.6,0
23.0,105982.45,198394.78,28800.0,2897.68,0.0,0.5,0
48.0,23834.46,3899.52,9800.0,1786.62,2.0,5.2,1
,65976.89,125561.06,28500.0,4966.85,1.0,10.2,0
61.0,102161.22,189162.6,45700.0,5285.77,1.0,,0
56.0,41381.86,12783.8,18100.0,2542.77,0.0,35.7,0
44.0,81160.33,31030.58,12300.0,545.27,2.0,21.3,0
27.0,15000.0,29743.62,2500.0,197.05,1.0,8.9,0
43.0,104706.63,156321.7,20300.0,9996.91,0.0,6.5,0
,55160.18,117120.19,14000.0,3817.18,2.0,17.5,1
56.0,46411.49,29834.71,18500.0,8399.08,2.0,16.4,0
20.0,97775.07,17870.69,40900.0,10387.29,0.0,0.7,0
62.0,152905.26,65252.78,31500.0,3348.41,2.0,2.2,1
30.0,72506.36,90303.16,24400.0,8267.64,0.0,0.6,0
67.0,142233.92,191421.97,50000.0,5347.02,0.0,33.9,0
45.0,21333.42,49114.68,6200.0,3370.43,0.0,12.4,0
37.0,80786.84,152190.56,14600.0,7541.62,0.0,,0
45.0,50051.0,127436.33,14400.0,3511.23,2.0,16.6,0
25.0,33761.24,7304.02,8900.0,659.84,2.0,1.8,0
58.0,17031.01,7323.56,5500.0,1779.07,0.0,23.1,0
56.0,78203.7,18266.61,22000.0,1774.31,0.0,13.6,0
18.0,91598.85,127550.94,14200.0,4245.6,0.0,,0
,121201.98,100367.8,50000.0,19507.67,0.0,1.6,0
30.0,109742.75,195523.75,34400.0,7964.35,0.0,5.7,0
45.0,34097.32,14670.76,10000.0,3359.75,1.0,9.5,0
66.0,117526.99,56043.9,50000.0,,0.0,17.4,1
42.0,125217.62,147246.37,24600.0,3194.31,3.0,19.3,0
50.0,46351.53,44760.55,9600.0,1201.89,1.0,,0
,55108.37,120933.86,21600.0,6699.04,1.0,7.7,0
23.0,30930.79,69133.38,7100.0,4367.86,,0.4,0
61.0,131732.91,,50000.0,9746.49,1.0,20.1,0
62.0,,45429.14,5100.0,1012.87,0.0,21.2,0
,74681.11,112168.76,11900.0,6837.59,0.0,26.1,0
62.0,,50417.08,11600.0,2743.28,0.0,,0
64.0,,7780.18,5800.0,1177.66,0.0,17.5,0
38.0,17591.36,32824.34,6600.0,296.56,1.0,16.2,1
33.0,47608.01,10929.07,16300.0,3831.46,0.0,12.4,0
38.0,25368.13,19185.91,10800.0,1574.61,1.0,7.7,0
28.0,56041.72,16467.69,21600.0,3097.32,1.0,4.6,0
54.0,156623.86,215299.91,32000.0,7472.73,0.0,10.9,0
53.0,61065.63,104124.08,23800.0,5620.63,0.0,32.6,0
52.0,179578.6,404352.39,50000.0,4406.09,1.0,4.0,0
36.0,30050.54,58077.07,10500.0,2943.95,,16.8,1
37.0,25120.4,61997.09,10000.0,1638.77,0.0,13.0,0
35.0,29254.56,59455.08,9400.0,3801.95,0.0,9.0,0
64.0,52101.01,43641.0,15100.0,4816.23,0.0,,0
58.0,277553.56,386509.17,50000.0,6548.89,1.0,19.0,0
66.0,,24874.37,,1994.7,1.0,19.6,0
31.0,78574.14,113804.03,16100.0,2627.77,,2.1,0
32.0,35597.15,55400.07,11900.0,4488.19,0.0,9.2,0
48.0,47368.76,85541.78,10400.0,2397.64,1.0,29.1,0
18.0,25468.25,5739.6,4400.0,452.15,1.0,0.0,0
20.0,91810.6,177703.44,13800.0,6305.64,,1.4,0
33.0,52767.19,20925.03,17500.0,1962.66,1.0,1.0,0
,104033.9,13616.67,26900.0,6800.55,1.0,9.2,0
28.0,60183.12,,22600.0,7316.94,0.0,1.2,0
29.0,17000.97,25756.3,4500.0,1042.12,1.0,6.7,0
27.0,104602.81,13696.81,30900.0,4583.01,0.0,8.4,0
49.0,16190.82,21019.22,4400.0,158.52,0.0,20.5,0
33.0,17642.36,25896.84,6100.0,2319.14,1.0,1.2,0
25.0,31246.99,8162.05,8000.0,4061.28,0.0,2.5,0
55.0,31498.23,64025.48,13800.0,7991.29,1.0,20.4,0
29.0,125193.12,82570.84,50000.0,16753.78,2.0,4.4,0
41.0,48888.93,98953.71,,,2.0,19.2,0
45.0,114511.57,96016.64,48800.0,7034.81,0.0,22.0,0
25.0,38532.2,49931.53,,3895.9,1.0,4.3,0
45.0,65551.27,151040.34,20400.0,4885.45,0.0,,0
53.0,72000.29,,,764.74,1.0,8.9,0
43.0,82259.92,167285.4,29500.0,6495.31,1.0,2.6,0
25.0,40988.4,20080.48,17100.0,3640.63,1.0,2.5,0
67.0,43186.67,6746.76,15800.0,1548.99,0.0,20.2,0
45.0,45302.69,73102.91,20400.0,4496.64,0.0,18.2,0
45.0,20101.56,21096.93,5100.0,458.07,0.0,17.8,0
54.0,51516.58,,20600.0,,0.0,2.5,0
58.0,43035.88,40824.03,15500.0,3211.4,0.0,15.8,0
53.0,76729.67,81371.43,27400.0,2618.33,1.0,6.4,0
44.0,57226.98,81595.6,14200.0,6342.04,0.0,4.1,0
34.0,120792.45,253468.62,46600.0,12970.65,0.0,13.2,0
26.0,56503.23,45910.61,23700.0,8011.2,2.0,0.3,1
50.0,38664.48,93709.51,8300.0,2672.0,0.0,13.4,0
37.0,56084.7,85423.95,18900.0,9720.67,0.0,3.2,0
30.0,83658.67,180660.88,22400.0,4773.28,0.0,10.6,0
45.0,18696.2,26269.86,8400.0,1702.19,1.0,15.0,0
65.0,,72358.4,10400.0,4283.62,1.0,10.9,1
46.0,35721.0,5831.26,7800.0,1239.26,0.0,14.1,0
30.0,69327.31,141522.34,18300.0,3004.21,0.0,8.8,0
63.0,74337.58,103580.43,25700.0,6205.74,0.0,43.1,0
52.0,57568.83,67637.23,9900.0,2956.41,0.0,7.5,0
23.0,15000.0,5403.83,5000.0,1218.47,0.0,4.4,0
,20107.52,39258.13,8600.0,1980.67,0.0,15.9,0
68.0,46940.72,18294.14,19000.0,2901.85,1.0,45.8,0
,40099.47,20563.47,6800.0,1283.86,0.0,2.5,0
64.0,54351.21,23655.21,24400.0,6477.07,0.0,,0
42.0,,1608.47,14700.0,936.47,0.0,9.7,0
19.0,135806.38,235664.68,27000.0,10934.39,0.0,0.8,0
27.0,15000.0,10958.79,2300.0,802.14,0.0,4.8,1
47.0,64963.22,30537.98,13100.0,6262.77,,19.6,1
67.0,89036.91,82992.92,35700.0,11769.52,0.0,21.0,0
62.0,82530.49,103506.17,12900.0,531.91,1.0,32.2,0
22.0,86887.01,115709.6,19100.0,6359.58,0.0,3.3,0
50.0,94718.97,95244.25,,8293.18,0.0,4.7,0
18.0,37707.42,51008.17,12300.0,4351.62,0.0,0.0,0
35.0,27976.21,30978.83,10800.0,1090.34,0.0,9.2,0
49.0,15981.56,34251.81,,1383.12,0.0,26.2,0
64.0,43583.69,6825.03,7200.0,3598.32,0.0,19.8,1
66.0,33978.39,79473.7,14200.0,5738.03,1.0,18.2,0
28.0,108767.22,70143.05,23700.0,3818.09,1.0,9.2,0
38.0,45590.98,87342.14,14400.0,5075.24,2.0,5.0,1
43.0,29195.11,32131.97,10000.0,2569.03,0.0,21.1,0
42.0,,20531.05,5300.0,992.87,1.0,11.6,0
39.0,178669.33,284274.98,50000.0,9415.72,1.0,10.8,0
44.0,53463.17,106285.22,15800.0,3517.72,0.0,8.0,0
66.0,33897.53,,5700.0,,1.0,27.5,0
30.0,58362.28,71019.96,,2947.09,0.0,,0
50.0,169081.05,47482.35,50000.0,22603.56,1.0,1.3,0
51.0,42881.32,108451.89,15400.0,9396.47,0.0,9.0,0
58.0,81814.23,178582.76,25200.0,5362.26,0.0,0.3,0
52.0,110401.24,121301.94,44200.0,11454.7,0.0,33.3,0
,17416.02,34377.2,2800.0,1071.21,0.0,0.0,0
38.0,36936.39,30343.03,8500.0,1414.53,0.0,7.9,0
65.0,102401.02,194489.26,,7499.42,0.0,34.2,0
23.0,35611.29,49640.76,6200.0,3640.61,2.0,1.7,1
45.0,69478.68,83405.09,25100.0,3371.43,0.0,18.1,0
34.0,34369.03,7643.64,9200.0,2787.04,0.0,12.9,0
22.0,41467.65,103357.43,9600.0,3272.98,1.0,3.8,1
48.0,38545.0,81889.6,,1194.78,0.0,12.0,0
22.0,79380.03,162245.6,29000.0,4797.68,0.0,,0
55.0,61141.62,53999.29,24500.0,7391.61,0.0,9.8,0
20.0,57487.09,45395.8,15400.0,3776.56,0.0,2.0,0
40.0,243895.99,350604.25,50000.0,1105.51,1.0,0.6,0
54.0,153863.09,,33600.0,2133.66,0.0,21.7,0
54.0,16502.28,39789.48,5600.0,1230.73,1.0,23.7,0
,41520.98,28729.6,6400.0,814.11,2.0,6.2,1
27.0,232321.67,363515.96,50000.0,10726.91,1.0,1.1,0
36.0,38378.24,74426.93,13200.0,4971.64,,16.9,0
34.0,189595.4,119082.55,50000.0,11775.28,1.0,2.9,0
38.0,41948.75,48469.88,11100.0,5737.88,1.0,12.5,1
31.0,47079.9,27670.78,17900.0,5605.1,,2.9,1
26.0,90957.06,170046.81,30000.0,11120.93,1.0,2.5,0
63.0,51322.05,114727.44,22000.0,3899.38,0.0,24.6,0
18.0,72894.96,162255.38,19600.0,2335.8,1.0,0.0,0
68.0,,247017.58,34200.0,13522.8,1.0,8.0,1
62.0,85415.3,86090.26,35500.0,11959.95,0.0,7.5,0
30.0,58977.97,97667.35,9700.0,200.3,0.0,5.0,0
21.0,147874.04,327942.32,28200.0,8435.79,0.0,2.3,0
18.0,91675.69,145463.47,16000.0,2024.06,0.0,0.0,0
66.0,34887.16,43168.23,14100.0,7156.66,0.0,4.0,0
,177734.32,412166.11,27200.0,3464.82,,15.3,0
49.0,79651.76,175648.63,32500.0,9332.45,0.0,3.1,0
51.0,47657.44,108828.87,13600.0,,0.0,0.5,0
45.0,16115.06,37569.45,2400.0,1181.97,0.0,17.9,1
48.0,23705.31,27048.81,6400.0,3710.2,0.0,18.1,0
25.0,150253.77,332432.47,31000.0,9522.47,1.0,1.1,0
56.0,153860.12,,50000.0,11198.43,0.0,8.9,0
43.0,57020.75,14139.69,20200.0,8700.06,0.0,,0
51.0,18729.47,31766.66,5500.0,1994.47,1.0,27.6,0
20.0,28220.81,33915.5,4600.0,712.38,1.0,1.9,0
67.0,20450.02,16625.81,7100.0,2558.51,0.0,6.6,0
29.0,20008.92,51615.15,8100.0,3074.35,3.0,2.5,1
18.0,182787.84,44239.66,50000.0,19073.95,0.0,0.0,0
61.0,186456.03,456454.96,50000.0,15543.6,0.0,39.8,0
22.0,27653.06,13611.43,5800.0,2600.88,0.0,1.7,0
47.0,,56664.45,22500.0,,0.0,1.5,1
47.0,25062.36,27415.71,6200.0,1273.46,1.0,1.1,0
34.0,53683.3,102839.44,8300.0,4730.46,0.0,9.2,0
65.0,,108159.88,50000.0,30072.37,0.0,,0
64.0,103490.12,263413.93,44800.0,8284.43,0.0,1.3,0
40.0,88009.29,185890.52,30500.0,21090.52,0.0,12.8,0
32.0,48218.22,97458.83,10600.0,2233.55,0.0,0.2,0
54.0,115517.84,40268.83,,9532.78,0.0,28.3,0
38.0,79857.67,105805.21,23200.0,10712.29,,6.1,0
31.0,69033.65,170143.36,28900.0,6946.2,0.0,0.5,0
19.0,50551.83,37377.82,9900.0,3246.98,1.0,0.6,0
28.0,65579.85,27718.67,26100.0,3883.07,0.0,4.0,0
68.0,64405.28,82486.99,15300.0,4332.07,0.0,48.7,0
56.0,39149.42,93835.63,15400.0,2774.76,1.0,20.7,0
55.0,34031.78,46927.25,14500.0,5511.37,0.0,10.2,0
51.0,29787.85,35606.93,8300.0,5459.07,0.0,23.4,0
55.0,30954.76,55804.9,8000.0,5482.33,1.0,10.0,0
67.0,48394.35,124730.4,18900.0,11380.67,1.0,44.3,0
51.0,43843.82,9989.67,13500.0,4612.51,0.0,12.4,0
35.0,37330.27,17799.64,13300.0,3483.9,1.0,9.3,1
47.0,35708.04,14065.28,12000.0,2214.29,0.0,1.5,0
32.0,64545.65,18306.92,12600.0,4537.24,0.0,6.0,0
44.0,123817.56,104330.93,50000.0,10815.84,0.0,21.6,0
68.0,53822.7,34797.99,11200.0,3942.91,1.0,40.3,0
51.0,51751.13,73203.82,22200.0,2215.34,0.0,7.4,0
69.0,30917.2,26025.19,7000.0,728.01,1.0,11.5,0
55.0,47389.6,53879.75,17500.0,5873.15,2.0,30.2,1
50.0,110658.24,265556.57,26000.0,4993.85,1.0,29.8,0
41.0,100959.7,48023.24,24800.0,8735.87,0.0,2.2,0
32.0,96836.98,95473.85,23500.0,1431.26,0.0,6.3,0
47.0,94989.47,68455.83,35600.0,7405.66,0.0,,1
59.0,70406.41,104677.37,22300.0,8015.36,2.0,35.7,0
68.0,68921.56,137933.37,28600.0,11059.77,1.0,4.2,1
34.0,62746.01,130436.0,,2279.18,0.0,3.4,0
22.0,42187.06,62121.71,15100.0,7774.58,2.0,3.0,0
46.0,56966.56,127060.29,21400.0,5306.15,0.0,1.4,1
21.0,61658.1,122492.85,12100.0,1477.19,2.0,1.5,1
27.0,79213.43,36179.82,21400.0,5087.74,1.0,4.0,0
34.0,57535.3,42694.75,17000.0,7392.71,0.0,5.4,0
,191586.91,329177.41,49200.0,,2.0,3.6,1
34.0,26215.67,64976.98,6500.0,1089.78,1.0,8.5,0
37.0,85193.93,,30300.0,14053.21,0.0,3.1,0
41.0,52852.16,36047.03,11400.0,5682.43,0.0,13.2,0
22.0,54246.18,125033.06,19700.0,7165.68,2.0,3.2,1
51.0,,21430.34,14300.0,4826.9,2.0,25.1,1
23.0,,186194.55,31900.0,12072.38,,0.8,0
19.0,80153.99,18070.31,26700.0,11207.31,0.0,0.1,0
30.0,89338.02,6656.2,15200.0,,0.0,3.2,0
60.0,59966.85,76529.88,24500.0,8832.3,0.0,15.2,0
,44581.0,77015.62,10500.0,3842.58,2.0,17.2,0
65.0,52055.36,21711.46,17400.0,3175.27,1.0,,0
28.0,70268.53,147510.13,31200.0,13317.89,0.0,0.6,0
68.0,16263.1,8318.15,5300.0,3084.01,1.0,1.7,0
64.0,91469.4,124592.2,33600.0,2547.37,0.0,18.0,0
40.0,232283.92,198657.81,50000.0,19625.45,0.0,15.3,0
33.0,72272.65,,12100.0,3292.76,0.0,2.9,0
48.0,45772.74,97519.68,,5503.11,1.0,19.2,0
28.0,49180.81,8981.35,7900.0,855.3,1.0,2.6,0
33.0,82828.33,44488.56,29800.0,4605.77,0.0,13.3,0
25.0,,103900.14,7300.0,356.32,2.0,6.3,0
21.0,91236.03,97142.1,37300.0,2344.94,1.0,0.9,0
57.0,48801.46,62605.77,9600.0,4442.25,0.0,9.0,0
21.0,151525.63,88249.58,,24599.78,0.0,1.2,0
42.0,149038.16,393895.16,49100.0,23201.94,0.0,5.8,0
20.0,44440.13,103806.97,12800.0,1256.07,1.0,1.3,0
49.0,51605.61,8125.53,13000.0,7864.32,0.0,25.6,0
20.0,53454.1,83432.45,15500.0,9834.88,0.0,1.3,0
44.0,53885.69,123560.66,13100.0,6053.84,0.0,21.4,0
46.0,30685.41,33780.01,8600.0,752.26,1.0,11.1,0
49.0,28215.98,36038.62,7300.0,5225.76,0.0,4.8,0
67.0,114674.68,122821.94,36700.0,14068.16,0.0,36.2,0
68.0,104179.66,16529.14,23100.0,9020.82,,18.0,0
36.0,103105.96,220338.37,46000.0,16631.06,1.0,12.1,0
38.0,51967.46,64370.43,15600.0,5025.51,1.0,5.4,0
22.0,168586.97,230088.67,35100.0,6261.8,1.0,0.3,0
35.0,53450.89,40514.25,15700.0,6347.76,1.0,16.9,0
45.0,90919.13,191678.58,37300.0,13450.15,0.0,4.2,0
59.0,23548.72,47978.02,3700.0,1248.61,0.0,40.5,0
39.0,47200.45,66588.05,16700.0,1342.77,0.0,20.5,0
38.0,49340.84,120211.29,15500.0,8623.54,0.0,15.9,0
23.0,52088.92,17919.83,10500.0,2829.12,0.0,3.3,0
,,48535.55,9700.0,437.83,0.0,0.0,0
22.0,82646.57,118497.06,21500.0,3084.4,0.0,3.5,0
,100424.97,71350.53,23900.0,13351.8,2.0,11.6,0
29.0,34671.88,18833.12,13800.0,7365.07,0.0,5.1,0
43.0,27216.95,23053.54,9300.0,2572.31,0.0,15.5,0
63.0,34154.0,77249.1,14300.0,,0.0,18.5,0
51.0,72933.2,146584.05,24700.0,2975.05,0.0,14.1,0
66.0,37874.68,,14100.0,7794.4,0.0,15.9,0
31.0,49989.13,12984.88,20000.0,1696.46,2.0,7.3,0
43.0,28450.57,,4700.0,2437.98,1.0,21.3,0
62.0,177650.22,149714.94,50000.0,14061.17,0.0,8.9,0
44.0,56608.77,91834.26,18900.0,5930.45,1.0,24.3,0
26.0,107993.81,223365.91,18500.0,6540.83,1.0,5.5,0
43.0,72831.36,27656.6,22000.0,3466.42,,20.6,0
64.0,,88042.44,,1900.33,1.0,25.6,0
39.0,51215.76,4860.47,19000.0,725.31,0.0,16.4,0
64.0,35061.32,10585.04,11000.0,,3.0,0.7,0
47.0,41345.63,83961.11,18000.0,9214.04,0.0,23.7,0
,29593.75,13081.8,6100.0,1608.14,0.0,1.7,0
65.0,27719.2,31962.84,9200.0,1228.71,0.0,41.8,0
34.0,189439.55,122952.22,40400.0,5342.2,3.0,15.9,0
,64045.4,72029.19,21400.0,4584.66,0.0,7.4,0
53.0,130539.4,46312.16,47900.0,21111.45,2.0,7.4,0
18.0,33643.08,68011.28,12300.0,4518.33,2.0,0.0,1
25.0,25566.49,7920.28,10100.0,2868.27,1.0,1.8,0
66.0,30131.7,66261.25,12200.0,3141.78,1.0,41.5,0
52.0,42055.98,71332.77,7300.0,1666.11,0.0,3.5,0
69.0,55375.91,60188.91,14000.0,2516.9,1.0,6.4,1
32.0,,,17600.0,4579.02,0.0,13.7,0
,34067.03,18378.8,10200.0,2526.45,0.0,31.0,0
39.0,57103.97,39060.51,11800.0,1291.34,0.0,17.8,0
31.0,60188.2,22620.5,19000.0,1987.43,0.0,4.2,0
,82567.04,87237.76,22500.0,8475.27,0.0,,0
45.0,130909.22,333320.18,35000.0,10389.0,0.0,16.0,0
40.0,43549.95,20596.0,17100.0,3064.16,0.0,13.3,0
31.0,112340.35,242533.76,30600.0,9153.29,0.0,8.9,0
41.0,56362.68,,8900.0,2476.55,1.0,13.2,1
19.0,21668.36,1956.75,3600.0,1100.08,1.0,0.4,0
62.0,157938.74,405913.55,50000.0,32826.63,1.0,12.1,0
,211826.3,551856.29,50000.0,37599.62,0.0,19.2,1
31.0,78547.43,191147.53,,9526.1,0.0,2.9,0
68.0,57174.94,72301.87,14800.0,584.53,0.0,34.6,0
24.0,46034.99,32485.35,19900.0,7122.93,0.0,1.4,0
20.0,,44273.21,14300.0,4156.39,3.0,1.3,1
64.0,112018.66,183622.23,45200.0,11619.94,1.0,34.4,0
40.0,53617.78,55726.68,20400.0,4945.77,2.0,4.8,0
63.0,147910.68,265822.64,39000.0,3957.26,1.0,2.7,0
60.0,55321.53,112162.78,16200.0,2131.64,1.0,5.5,0
64.0,42302.1,25088.66,8700.0,2944.26,2.0,27.9,0
62.0,37768.09,44103.68,9000.0,5868.97,0.0,37.4,0
35.0,34674.86,85857.93,13300.0,2833.8,0.0,0.8,0
55.0,73753.78,59481.9,30800.0,13421.41,0.0,27.2,0
52.0,24916.96,23255.5,9200.0,,1.0,11.6,1
68.0,33156.61,6189.88,9600.0,3233.93,1.0,23.9,0
32.0,119933.13,109242.6,21100.0,9588.35,1.0,13.0,0
42.0,30554.6,29966.57,5100.0,1632.42,,8.0,0
54.0,90909.79,35480.8,23800.0,12790.73,0.0,,0
45.0,15712.2,1447.48,4500.0,1390.83,0.0,0.4,0
27.0,129320.9,197071.04,43000.0,11041.15,0.0,0.7,0
56.0,25282.33,19830.04,3800.0,771.8,1.0,9.8,0
,32021.53,6367.12,14300.0,4940.25,2.0,0.4,0
56.0,81487.55,180529.23,21100.0,5342.34,0.0,24.0,0
39.0,63719.43,96900.71,25800.0,3805.08,1.0,9.0,0
43.0,92687.83,41981.64,28800.0,2318.58,0.0,13.7,0
61.0,25160.8,56048.46,4800.0,1622.72,0.0,7.5,0
42.0,45611.57,32003.91,17800.0,3087.77,0.0,7.1,0
34.0,37412.24,26541.67,13600.0,5268.53,1.0,10.6,1
30.0,27830.47,66032.43,8600.0,3787.21,0.0,11.6,1
37.0,77461.67,42413.66,23600.0,7660.89,0.0,1.0,0
42.0,95399.71,211629.84,16800.0,1992.37,0.0,21.4,1
21.0,,95030.95,15300.0,6178.08,0.0,1.7,0
27.0,135080.58,121304.03,,16691.71,0.0,5.1,0
20.0,33812.3,3916.11,6000.0,1008.5,0.0,1.0,0
58.0,133129.87,46063.73,30500.0,18581.36,1.0,2.8,0
62.0,75913.02,28651.77,31900.0,7865.22,0.0,4.0,0
35.0,26000.2,59153.35,6100.0,1250.98,1.0,10.2,1
64.0,177888.91,203698.7,50000.0,24014.9,1.0,15.7,0
53.0,41494.39,6864.21,12900.0,3489.7,1.0,32.1,0
64.0,111644.01,163271.72,36700.0,7933.46,1.0,18.7,0
39.0,59123.84,33814.17,16200.0,3070.92,0.0,3.0,0
,67823.55,49164.91,16300.0,9297.2,2.0,23.6,1
64.0,93034.35,38388.46,15300.0,978.94,0.0,13.5,0
25.0,89995.12,188908.72,33600.0,17463.19,0.0,3.7,0
57.0,,6106.86,16500.0,6039.25,0.0,27.2,0
66.0,74533.16,93203.04,26200.0,11405.85,0.0,43.2,0
61.0,71250.7,17885.71,24400.0,2411.63,0.0,34.1,0
36.0,61582.73,90914.46,13700.0,5872.62,1.0,12.2,0
59.0,47954.6,43831.41,,,2.0,27.9,1
58.0,61509.01,8929.68,24100.0,4569.99,0.0,37.8,0
54.0,176402.65,232301.1,50000.0,29008.41,1.0,10.6,0
23.0,45387.12,67462.36,11000.0,2719.28,0.0,,0
69.0,111742.51,,20200.0,7702.64,1.0,13.9,0
43.0,37354.85,73610.73,6300.0,2121.77,1.0,5.4,0
,31927.12,30429.8,8100.0,813.5,2.0,21.8,0
,300000.0,582912.16,50000.0,20902.27,1.0,27.9,0
23.0,74907.89,118826.06,31900.0,10393.94,0.0,3.0,0
54.0,,,31900.0,4433.48,1.0,,0
50.0,77430.55,112363.42,33000.0,6491.7,1.0,23.3,0
39.0,126043.18,61498.42,,3005.82,0.0,6.8,0
38.0,,151144.34,21300.0,8846.04,0.0,13.3,0
23.0,88409.36,176700.24,19100.0,,0.0,2.8,0
23.0,28705.93,71566.02,11200.0,1785.08,1.0,1.7,1
65.0,97768.15,28501.39,,5628.06,0.0,6.3,0
21.0,47001.92,72342.92,10800.0,2870.42,0.0,0.3,0
47.0,81068.15,103178.24,17800.0,3531.5,0.0,24.1,0
28.0,19359.3,33279.17,5900.0,810.13,0.0,9.2,1
47.0,,196688.8,19500.0,2928.07,0.0,18.8,0
48.0,15000.0,20447.38,2900.0,487.18,1.0,3.1,1
41.0,45910.57,,13100.0,732.5,2.0,9.2,0
26.0,19470.76,18836.2,8000.0,1934.93,1.0,5.8,0
20.0,79207.16,66090.42,25400.0,6888.91,0.0,1.6,0
68.0,56475.48,56898.47,23400.0,9558.38,0.0,5.9,0
48.0,34116.2,4974.75,7100.0,1681.86,0.0,0.0,0
57.0,,96629.82,25600.0,5434.48,0.0,27.8,0
54.0,31634.39,19763.99,10200.0,6086.36,2.0,12.8,1
53.0,15000.0,18191.06,4300.0,1037.51,0.0,8.9,0
41.0,73731.18,91301.07,25700.0,6358.19,1.0,0.3,0
48.0,18770.48,37630.53,7300.0,1721.2,0.0,16.2,0
23.0,32241.0,42561.94,12100.0,2075.98,0.0,4.3,1
19.0,39719.28,51118.02,17200.0,,0.0,1.0,0
37.0,23054.21,14750.75,6200.0,1400.85,0.0,10.7,0
45.0,,88107.73,8500.0,2249.84,1.0,13.9,0
28.0,23314.5,6142.02,7400.0,837.92,0.0,0.9,0
21.0,59720.46,150441.26,10900.0,3783.34,1.0,1.6,1
32.0,25919.55,31458.76,6100.0,609.64,1.0,5.3,1
23.0,55165.21,28574.58,11700.0,,0.0,3.0,0
66.0,108793.26,110590.14,29300.0,14218.88,0.0,18.7,0
47.0,86631.92,14920.5,15900.0,11591.63,2.0,7.0,0
55.0,51584.35,24298.9,,2823.99,0.0,3.5,0
68.0,29934.22,25270.19,10400.0,174.85,1.0,15.7,0
19.0,59605.69,89970.55,19900.0,7354.79,0.0,0.1,0
32.0,35687.96,18885.74,12900.0,7333.47,0.0,,1
28.0,61124.87,111851.09,21300.0,8555.67,0.0,,0
25.0,19357.38,42482.91,3600.0,1625.46,0.0,3.1,0
43.0,87935.3,129237.48,20900.0,,0.0,13.3,0
68.0,55266.93,43585.36,10400.0,2563.28,2.0,43.7,0
62.0,,74376.21,50000.0,,0.0,43.8,0
,118614.84,15550.5,44400.0,10943.78,0.0,25.1,0
22.0,76093.05,143827.35,16000.0,4614.67,0.0,3.2,0
,50292.15,79799.62,12700.0,780.67,1.0,1.6,0
43.0,34969.7,48165.29,15400.0,6526.57,0.0,7.6,1
21.0,95362.97,39762.69,31300.0,,2.0,1.2,0
36.0,47207.98,26171.31,18400.0,1738.21,0.0,12.1,0
37.0,109209.0,227960.38,25100.0,5400.0,0.0,13.0,0
50.0,68905.68,88134.84,14700.0,5473.61,0.0,10.1,0
,69202.92,169412.86,26700.0,2835.75,0.0,2.5,0
66.0,77397.96,,27500.0,1996.96,1.0,30.4,0
29.0,31201.57,66021.08,11100.0,3562.78,1.0,1.4,0
64.0,29340.33,21304.96,9300.0,2366.98,0.0,26.6,0
18.0,28737.96,20993.86,9200.0,4389.43,0.0,0.0,0
43.0,101569.46,70394.84,37700.0,5991.09,1.0,17.5,0
31.0,30716.86,77820.42,7100.0,2043.07,0.0,9.8,0
55.0,33100.52,30373.69,8500.0,2623.83,0.0,32.3,0
54.0,74795.3,137396.89,30800.0,5299.65,,18.0,0
,46572.73,115313.74,11300.0,3653.56,0.0,7.3,0
53.0,43136.44,91037.35,13500.0,2651.2,2.0,21.7,0
30.0,40948.36,66118.32,14800.0,4941.08,1.0,2.2,0
60.0,15000.0,8766.42,6700.0,2430.21,1.0,1.1,0
20.0,30329.35,14539.83,8500.0,1275.42,1.0,0.6,0
50.0,110077.27,148091.59,30600.0,12580.12,2.0,14.2,1
23.0,39197.22,95143.51,15800.0,1859.57,2.0,3.1,1
67.0,17321.54,40847.74,6800.0,1679.68,0.0,41.6,0
27.0,29590.35,16082.57,10900.0,3788.37,2.0,1.8,1
22.0,67232.52,53624.99,19400.0,5264.68,0.0,0.5,0
40.0,66437.75,99887.11,16400.0,2088.86,1.0,21.2,0
27.0,45407.46,59167.32,15100.0,4970.06,1.0,1.0,0
61.0,35827.73,14721.01,14800.0,4029.76,1.0,20.6,1
19.0,23357.71,24221.72,9700.0,2656.29,,0.6,0
30.0,67569.44,167008.26,12300.0,,0.0,6.5,0
57.0,89565.21,219384.98,24900.0,6344.67,1.0,3.4,0
19.0,117398.33,173249.68,,9060.52,1.0,0.1,1
,27823.81,47389.89,12300.0,3201.42,2.0,2.0,1
18.0,122923.05,91592.56,43400.0,23399.07,1.0,0.0,0
54.0,52367.04,100475.43,14300.0,3340.76,1.0,19.6,0
26.0,,9979.54,8700.0,2755.14,0.0,1.9,0
34.0,92610.26,51240.32,29600.0,146.73,1.0,10.2,0
26.0,39160.65,,7000.0,60.18,0.0,6.6,0
28.0,15000.0,17758.84,6000.0,3295.04,0.0,0.4,0
32.0,82695.21,180421.53,,4640.21,1.0,7.0,0
41.0,66778.9,174552.98,19200.0,10526.23,0.0,15.9,0
55.0,43644.56,76837.44,12200.0,3977.65,1.0,9.3,0
52.0,,150615.18,33000.0,4045.02,0.0,10.5,0
47.0,88979.93,61557.67,21000.0,3109.07,1.0,17.8,1
48.0,21868.36,30212.0,4900.0,1764.94,0.0,,0
66.0,54913.13,111910.83,23700.0,10791.34,1.0,38.9,1
22.0,15000.0,19397.55,,749.71,1.0,,0
61.0,50301.19,15925.36,19900.0,4790.39,0.0,31.4,0
67.0,,81816.93,9000.0,1582.54,,17.9,0
31.0,72776.28,43170.57,14000.0,3222.87,1.0,8.3,0
28.0,28457.5,,4500.0,415.16,3.0,4.7,0
26.0,42070.75,52316.13,9300.0,2035.49,1.0,1.5,1
51.0,15000.0,4661.15,5700.0,1863.31,0.0,23.2,0
29.0,75697.64,125087.25,16800.0,5968.75,0.0,6.1,0
52.0,51377.73,92998.59,18900.0,10733.44,0.0,12.2,0
,57087.75,38103.48,12900.0,1467.13,2.0,31.0,0
,22113.46,55549.32,5900.0,2226.34,0.0,0.0,0
57.0,68791.63,147227.77,30600.0,5439.35,1.0,12.3,0
39.0,146042.04,48480.86,32600.0,8470.1,2.0,1.2,0
46.0,48487.07,96656.97,,5924.07,1.0,21.5,0
25.0,80021.72,,19200.0,3025.76,1.0,4.9,0
28.0,32132.63,61565.61,5900.0,1293.75,1.0,3.3,0
58.0,51734.82,110300.55,15400.0,6728.11,1.0,27.0,1
54.0,21616.14,9255.55,5700.0,1075.03,0.0,14.3,0
31.0,86931.27,155703.61,31200.0,11866.7,1.0,9.8,0
47.0,59629.42,130992.04,23600.0,,0.0,13.2,0
52.0,26067.07,22971.47,8200.0,1897.96,0.0,14.0,0
38.0,33486.0,8892.93,5300.0,2168.25,0.0,,0
54.0,56198.86,17240.02,18900.0,13409.02,0.0,,0
22.0,94307.78,32528.84,15700.0,6593.97,0.0,0.5,0
36.0,131625.54,30302.73,44100.0,28918.71,0.0,10.5,0
,49987.33,42246.02,17800.0,1388.13,0.0,12.6,0
43.0,23889.89,18466.87,5000.0,589.55,0.0,9.4,0
21.0,62509.83,22333.17,24700.0,5089.64,0.0,0.2,0
42.0,158091.53,275993.56,50000.0,18653.01,,8.1,0
62.0,20462.54,54209.76,8100.0,3467.45,1.0,22.3,0
,30553.75,69926.11,7400.0,1109.41,1.0,6.6,0
42.0,78165.11,53889.05,25500.0,4478.81,0.0,15.8,0
35.0,59406.53,126016.78,25200.0,,0.0,17.0,0
57.0,39065.23,94961.28,9600.0,3464.33,1.0,17.6,0
25.0,61825.32,141343.03,24500.0,1252.38,0.0,2.5,0
56.0,97394.7,219955.87,14900.0,4579.78,1.0,15.2,0
57.0,51072.33,,7700.0,507.73,0.0,4.5,0
31.0,48455.22,39696.75,18300.0,4204.33,2.0,11.5,0
49.0,77142.88,20609.9,29200.0,4494.16,0.0,12.9,0
68.0,46059.58,60526.05,17800.0,4354.16,1.0,19.4,0
55.0,107528.81,20340.85,46100.0,5611.79,1.0,24.4,0
50.0,182780.97,472823.78,33900.0,16568.81,0.0,14.1,1
40.0,31705.16,31333.46,7000.0,2932.8,0.0,14.3,1
32.0,25590.71,64842.32,10800.0,3530.82,2.0,0.9,0
50.0,67712.87,135067.39,13800.0,4191.79,1.0,26.0,1
42.0,25051.71,26254.5,8900.0,495.65,1.0,22.6,0
34.0,24796.39,8668.74,7700.0,1334.5,1.0,10.4,0
50.0,15842.9,10703.05,2800.0,1308.48,0.0,30.5,0
64.0,43072.87,77275.54,10100.0,4800.64,1.0,7.0,0
19.0,53114.53,115163.5,16300.0,4959.45,0.0,0.5,0
31.0,39718.89,99525.02,16100.0,2269.3,1.0,7.8,0
57.0,124766.58,48795.29,45200.0,,1.0,22.7,0
57.0,119316.2,57398.26,40200.0,10880.65,,15.7,0
68.0,172354.1,23556.65,50000.0,5270.11,2.0,16.9,0
56.0,55710.12,36821.91,13300.0,559.56,0.0,4.8,0
68.0,110226.37,234445.99,20500.0,8187.78,0.0,19.6,1
23.0,65206.31,44779.86,17800.0,12460.86,1.0,0.8,0
23.0,61391.67,88987.6,9700.0,4901.77,1.0,3.7,0
20.0,40927.94,46887.26,8700.0,1210.94,0.0,0.4,0
24.0,15000.0,14550.85,4200.0,,0.0,0.4,1
68.0,79409.63,124502.98,21900.0,1746.33,0.0,27.6,0
25.0,108280.65,142620.36,17700.0,6639.95,2.0,4.2,1
59.0,21690.49,20119.08,7100.0,1966.14,0.0,35.7,0
69.0,53862.02,94973.44,17000.0,2216.19,1.0,29.4,0
32.0,98222.27,72742.72,17000.0,3994.94,,4.8,0
64.0,43664.94,71136.45,18900.0,925.05,0.0,36.9,0
46.0,110842.13,269541.85,19900.0,4283.92,0.0,,0
,49802.98,,20200.0,4925.54,1.0,2.5,0
,39533.55,42618.75,5900.0,1266.7,1.0,28.9,0
47.0,114711.11,215726.66,47600.0,1343.26,1.0,26.3,0
56.0,,63112.57,4800.0,521.3,0.0,15.1,0
44.0,35068.47,31902.66,13200.0,3335.84,1.0,7.7,0
53.0,31655.67,62264.04,8200.0,6460.46,0.0,5.0,0
46.0,27294.56,31342.33,10100.0,1700.7,2.0,4.2,0
55.0,59386.39,130200.12,16100.0,8677.38,1.0,16.0,0
50.0,39824.57,33189.5,6800.0,3781.29,2.0,19.1,0
54.0,72632.51,178310.99,27600.0,8031.39,0.0,2.9,0
44.0,19133.88,27707.01,3300.0,212.25,2.0,24.4,0
50.0,27624.85,29262.13,11800.0,4862.25,0.0,24.2,0
21.0,55879.2,59932.37,9200.0,1347.04,1.0,1.8,0
39.0,130850.19,121433.46,38400.0,7659.67,1.0,17.4,0
19.0,67989.01,40543.83,24900.0,15685.97,1.0,0.1,0
27.0,38038.94,8197.22,10200.0,1683.77,1.0,4.3,0
22.0,22165.25,19913.64,4800.0,2082.88,1.0,2.5,0
27.0,36727.91,45076.06,13900.0,2959.21,,7.5,0
50.0,52812.83,54014.03,20300.0,6242.59,0.0,25.1,0
55.0,15000.0,2879.13,6400.0,2357.15,0.0,,0
30.0,26159.77,38119.86,6900.0,253.18,2.0,11.3,1
48.0,34803.26,18047.74,10500.0,5447.53,2.0,3.7,0
64.0,46423.21,26787.29,12000.0,2298.43,1.0,40.3,0
53.0,52438.59,16909.4,11900.0,1079.69,0.0,34.0,0
62.0,37551.9,52009.57,14100.0,3151.48,1.0,7.8,0
41.0,73388.6,24295.75,18500.0,6836.73,0.0,16.6,0
69.0,58385.58,42561.94,16300.0,5143.02,2.0,2.1,0
,43389.03,51730.75,11800.0,2732.74,0.0,5.7,0
46.0,79719.16,42815.71,29000.0,9391.68,1.0,14.5,0
25.0,75899.42,91749.83,32300.0,7076.18,1.0,4.1,0
22.0,22645.6,21912.92,,2509.31,1.0,3.7,1
46.0,53145.22,115505.69,,1164.12,1.0,18.8,1
64.0,92425.33,193421.74,35500.0,9748.76,1.0,22.1,0
,102180.24,,35000.0,23791.17,1.0,2.4,1
29.0,67679.95,91225.85,11400.0,1734.05,1.0,10.5,1
62.0,47099.93,72005.19,8400.0,4252.28,0.0,1.0,0
19.0,69758.31,170996.0,11300.0,5904.96,0.0,1.0,0
44.0,87962.34,97357.51,25200.0,9484.84,0.0,2.2,0
48.0,58075.5,91679.08,,11000.21,0.0,24.4,0
68.0,62141.08,66436.06,15200.0,7544.1,0.0,14.0,0
68.0,46635.54,72479.26,12400.0,8837.99,0.0,6.6,0
53.0,24292.64,7874.93,10300.0,,,15.4,0
53.0,48794.92,96634.55,19600.0,1021.62,0.0,22.5,0
43.0,36088.58,90914.62,12600.0,2021.23,1.0,9.5,0
60.0,36157.77,6777.0,8300.0,834.43,0.0,2.3,0
44.0,128065.96,,23700.0,5153.56,,15.6,0
22.0,95887.84,,14800.0,3310.91,0.0,3.6,0
37.0,19612.07,11422.87,3600.0,1737.1,0.0,7.3,0
28.0,28256.33,51478.67,,2498.41,1.0,2.2,0
27.0,43558.61,6403.66,,1597.81,3.0,4.0,1
57.0,36887.23,43693.13,6200.0,974.09,0.0,1.9,0
55.0,65542.3,1056.15,12500.0,819.47,0.0,30.4,0
23.0,25689.79,36838.1,5200.0,1232.43,0.0,4.1,0
25.0,96289.94,119380.98,32700.0,8146.44,1.0,4.1,0
40.0,52764.65,123996.46,17700.0,3233.66,1.0,7.8,0
64.0,44165.22,85665.26,13900.0,6137.84,1.0,36.8,0
43.0,53712.89,19908.74,12100.0,2988.35,2.0,13.9,0
63.0,42171.3,38006.17,11000.0,627.64,0.0,37.2,0
60.0,16020.34,37955.51,2900.0,644.95,0.0,26.5,0
29.0,54565.42,106214.04,11900.0,7268.63,0.0,8.6,0
43.0,,75560.44,18700.0,,0.0,15.0,0
30.0,30556.29,45448.07,13600.0,2740.19,0.0,5.0,1
57.0,104658.49,107017.51,36000.0,2856.55,0.0,37.4,0
35.0,80956.14,127680.7,34400.0,9241.57,1.0,9.2,1
42.0,234055.61,472315.28,50000.0,20784.32,1.0,,0
,89401.89,34917.17,14300.0,6411.9,1.0,7.1,0
64.0,36825.25,94721.0,16500.0,5435.36,1.0,28.8,0
57.0,31461.71,20083.16,5700.0,1256.09,0.0,22.3,0
60.0,40272.2,48182.53,14300.0,3103.57,2.0,7.8,0
29.0,36316.33,5130.76,8200.0,3068.39,1.0,0.7,1
61.0,57830.41,83254.94,15500.0,3688.11,0.0,26.0,0
53.0,21519.65,21968.82,7400.0,1424.72,1.0,26.7,0
65.0,79887.28,54447.5,22400.0,4566.71,0.0,24.6,0
21.0,57223.38,144157.25,12900.0,3169.68,0.0,0.7,0
22.0,74568.88,82201.57,18700.0,2386.56,0.0,2.7,1
54.0,27269.17,32137.75,6900.0,3893.96,0.0,2.9,0
25.0,62819.03,88583.97,27500.0,15854.73,0.0,3.1,0
59.0,118125.86,43113.77,46000.0,8811.86,1.0,6.7,0
66.0,32328.21,32082.52,9300.0,312.29,0.0,8.9,0
45.0,31802.07,27183.69,6700.0,437.81,1.0,5.5,0
48.0,83048.04,115662.7,32700.0,19093.51,0.0,11.6,0
26.0,30289.89,65627.02,6000.0,759.62,2.0,0.4,0
68.0,47100.06,25260.41,10000.0,2559.9,2.0,19.9,0
46.0,131326.2,204812.86,34100.0,5282.62,0.0,14.3,0
31.0,32073.92,11649.29,13300.0,8631.37,0.0,6.3,0
57.0,136853.36,113156.93,25900.0,4771.63,0.0,14.9,0
58.0,44290.74,54135.51,8300.0,1799.62,1.0,33.6,1
39.0,27647.19,8110.68,8200.0,2976.66,1.0,,0
28.0,77825.35,109055.16,18100.0,3218.92,0.0,5.1,0
40.0,57794.5,,18500.0,2477.17,0.0,1.4,0
18.0,54606.5,138958.17,15600.0,3423.47,1.0,0.0,1
63.0,34158.58,60488.6,9600.0,6606.04,1.0,25.8,0
,,37450.92,10600.0,2325.05,0.0,20.4,0
38.0,15668.72,4871.22,3000.0,849.32,0.0,17.6,0
43.0,61775.3,13727.64,24500.0,7438.95,0.0,13.9,0
63.0,117989.34,35841.51,49100.0,9065.82,,43.2,0
53.0,18783.66,32226.05,4100.0,291.03,0.0,1.7,1
40.0,42443.75,93163.88,7800.0,2441.18,1.0,2.2,0
18.0,32055.25,12969.62,5300.0,409.32,0.0,0.0,0
68.0,21880.86,24114.16,7300.0,2116.54,1.0,9.3,1
57.0,15808.06,17139.38,5800.0,3139.95,0.0,21.1,1
32.0,26675.44,46139.13,7000.0,3157.12,0.0,9.0,1
38.0,46843.8,28510.77,16600.0,7117.45,,0.9,0
64.0,107956.35,263210.17,39300.0,5917.99,,43.5,0
26.0,21728.31,40483.23,9400.0,907.48,2.0,6.7,0
26.0,64643.04,154836.54,,489.67,0.0,,0
27.0,61807.81,44973.3,,2114.34,1.0,0.7,0
69.0,147735.35,228941.38,25200.0,11875.44,2.0,8.7,0
43.0,76314.55,,31300.0,10918.31,0.0,3.2,0
58.0,78996.57,156737.53,30600.0,16329.77,1.0,4.9,0
52.0,82419.74,8143.23,26600.0,3744.88,0.0,17.6,0
69.0,31115.48,78217.14,5400.0,561.52,0.0,12.5,0
42.0,38418.96,89421.75,8900.0,284.0,1.0,8.6,0
43.0,105886.27,36908.06,25300.0,5207.81,,24.7,0
28.0,15827.75,21910.33,5000.0,401.73,1.0,,1
55.0,35976.22,31489.53,8200.0,3198.15,0.0,35.1,1
19.0,24379.9,54100.96,4200.0,532.59,1.0,0.1,0
24.0,62351.71,115604.13,23000.0,6875.28,0.0,2.3,0
35.0,42067.67,25839.31,10100.0,2332.2,2.0,9.4,1
44.0,78872.06,7967.34,22500.0,1290.59,1.0,2.0,0
51.0,50746.75,38354.91,9600.0,1342.54,0.0,0.1,0
44.0,21425.66,5429.27,8400.0,3386.48,0.0,17.4,1
34.0,22028.22,,7000.0,1319.94,0.0,10.3,0
60.0,53980.11,87057.8,22700.0,1210.8,0.0,17.3,0
61.0,34109.08,64419.88,10200.0,884.46,0.0,21.1,0
68.0,39356.63,50519.3,17000.0,4470.38,0.0,20.8,0
41.0,95134.72,152476.95,39700.0,9706.4,0.0,0.6,0
42.0,85427.18,38727.2,27600.0,5435.15,0.0,8.0,0
24.0,159315.26,140496.89,,14321.13,0.0,1.1,0
69.0,44810.54,81158.77,11100.0,1296.99,0.0,5.0,0
23.0,36875.85,36871.49,9600.0,3232.31,2.0,4.8,0
41.0,69627.4,65587.01,11400.0,4869.96,0.0,13.8,0
50.0,38697.23,24651.04,12600.0,5883.6,2.0,23.3,1
66.0,39464.76,60614.97,14500.0,1928.42,0.0,15.1,0
46.0,47989.57,103077.31,18300.0,5953.79,0.0,11.0,0
60.0,146041.98,174981.5,28500.0,3584.8,2.0,,0
39.0,82650.78,35626.62,23400.0,11753.1,1.0,2.0,0
43.0,88017.61,191450.93,17900.0,6973.19,0.0,4.5,0
45.0,142160.59,28233.26,49600.0,2858.62,1.0,21.5,0
67.0,93108.41,114257.44,18400.0,4452.98,0.0,33.2,0
38.0,27478.43,,11600.0,4361.15,0.0,10.9,0
66.0,92265.86,223294.52,20200.0,7319.02,1.0,22.8,0
24.0,99563.7,186840.43,23600.0,3259.11,1.0,,0
34.0,80107.03,116654.38,32500.0,3221.03,0.0,1.2,0
37.0,48181.72,83860.78,13900.0,3426.77,0.0,5.3,0
58.0,75191.92,103712.9,11800.0,3570.94,0.0,14.0,0
66.0,53522.43,21372.55,16000.0,1622.65,0.0,37.6,0
37.0,,53907.07,5300.0,501.14,0.0,18.9,0
39.0,34969.09,49526.53,15600.0,6455.63,,5.1,1
45.0,82638.73,134480.91,27000.0,3434.63,0.0,23.6,0
57.0,31461.12,8575.27,7100.0,5020.03,1.0,32.4,0
66.0,33291.85,16065.68,10600.0,4244.18,0.0,10.8,0
24.0,85138.16,127429.72,14700.0,1984.93,2.0,2.4,1
18.0,58704.6,73264.54,22900.0,5838.07,2.0,0.0,0
49.0,76597.21,49886.01,32800.0,6441.28,1.0,30.3,0
30.0,25915.31,17822.15,10700.0,2223.67,1.0,2.2,0
47.0,75331.81,122172.34,19000.0,,1.0,23.2,0
40.0,36460.44,11568.17,9000.0,6193.26,0.0,7.4,1
68.0,29432.94,33293.24,4700.0,1339.49,1.0,36.5,1
36.0,40006.33,53392.53,13800.0,1073.9,1.0,7.6,0
49.0,122668.27,96409.51,38100.0,1911.21,0.0,17.9,0
47.0,43535.31,94306.9,12500.0,4999.67,0.0,24.1,0
46.0,202974.26,63481.21,50000.0,34674.3,1.0,22.5,0
66.0,15720.06,35665.42,3100.0,1640.03,0.0,41.6,1
62.0,21423.28,39862.36,3300.0,,0.0,2.6,0
46.0,119911.73,136467.37,20600.0,2689.53,0.0,19.4,0
47.0,139436.24,327717.05,30300.0,5456.41,0.0,4.1,1
33.0,32271.04,57439.27,5200.0,784.37,0.0,6.2,0
57.0,56462.74,136267.19,17000.0,4843.76,0.0,21.4,0
36.0,83059.62,105110.85,20300.0,6978.03,0.0,7.2,0
35.0,47210.64,59022.57,9600.0,5559.69,1.0,8.8,0
18.0,59273.66,,22200.0,1238.28,0.0,0.0,0
,54532.92,11179.19,,2259.42,0.0,1.8,0
68.0,22273.03,51654.63,7900.0,1067.33,0.0,33.8,0
64.0,44055.4,76310.63,,2769.28,2.0,18.2,0
67.0,54579.8,89417.5,16600.0,5148.24,1.0,6.5,0
19.0,57634.3,146024.62,24800.0,12534.43,2.0,0.2,0
45.0,19181.4,48639.81,3100.0,991.43,2.0,25.6,1
66.0,85153.97,43012.13,25600.0,8228.14,0.0,42.2,0
67.0,58553.5,123466.85,23800.0,13825.86,1.0,44.4,0
47.0,28760.79,45098.2,9400.0,3399.0,1.0,28.8,0
55.0,159442.48,192138.93,37200.0,8382.59,0.0,7.7,0
,44004.59,109633.16,11900.0,2084.56,2.0,,0
21.0,45752.95,99064.16,16200.0,1809.06,1.0,2.0,0
18.0,79620.39,152036.87,33200.0,13348.11,1.0,0.0,0
25.0,167778.63,167483.28,27200.0,6971.07,1.0,2.9,0
46.0,81521.64,138671.52,14000.0,,2.0,10.0,0
56.0,88935.43,125469.64,22000.0,7253.53,2.0,22.6,1
20.0,29703.7,21305.79,6500.0,2787.88,0.0,1.2,0
49.0,57078.1,68716.52,,,3.0,5.0,1
27.0,39365.42,,8500.0,2785.84,3.0,4.2,1
27.0,82658.91,106572.36,17300.0,3161.87,0.0,5.0,1
36.0,87393.79,,16500.0,,0.0,10.3,0
63.0,144341.56,21797.04,50000.0,8573.11,0.0,9.5,0
51.0,15000.0,29507.01,,,0.0,24.5,0
50.0,37110.42,4288.23,7800.0,2433.27,1.0,0.8,0
40.0,118201.89,166176.23,26500.0,13318.22,0.0,7.8,0
45.0,23367.05,35710.51,10000.0,2209.36,1.0,21.1,0
49.0,87850.4,181568.63,33100.0,14379.77,0.0,17.5,0
67.0,106980.33,207399.45,41400.0,3861.66,,12.8,1
24.0,53262.94,55999.99,9700.0,412.73,2.0,4.2,0
46.0,23089.22,7527.75,9300.0,3696.53,1.0,15.9,0
,50366.83,91119.73,13700.0,3796.22,2.0,5.6,0
18.0,129989.48,168686.05,29700.0,2629.04,0.0,0.0,0
20.0,136408.65,123666.62,44000.0,10086.48,0.0,1.2,0
41.0,61373.18,44630.58,24300.0,8593.2,0.0,11.2,0
40.0,30141.47,9862.25,11600.0,838.03,1.0,2.9,0
25.0,153743.1,127963.08,50000.0,14522.77,0.0,1.8,0
64.0,88659.08,120452.09,38000.0,18828.92,0.0,19.3,0
54.0,,41194.0,6900.0,3756.72,0.0,21.6,0
20.0,66536.86,104150.09,,7216.04,0.0,1.0,0
68.0,64734.47,61764.31,10000.0,3103.78,0.0,14.4,0
50.0,36972.25,93848.64,15300.0,8821.91,,0.2,1
45.0,66760.31,89951.77,13100.0,7190.75,1.0,13.4,0
64.0,105209.84,113224.53,43000.0,1774.42,0.0,13.1,0
25.0,45353.86,8242.12,11300.0,2780.61,0.0,5.1,0
51.0,111855.31,170009.95,29100.0,2502.41,1.0,0.8,1
52.0,18897.54,28749.4,3100.0,267.55,0.0,19.9,0
49.0,205039.97,316454.91,50000.0,17460.69,0.0,29.2,0
41.0,56073.06,134759.04,23400.0,10333.35,3.0,4.0,1
31.0,103136.91,201837.88,,5129.79,0.0,6.1,0
49.0,61769.62,136622.45,16800.0,2674.16,1.0,2.8,1
63.0,33053.62,7060.41,5300.0,2150.08,0.0,28.2,0
60.0,,44336.25,13800.0,2179.15,1.0,23.1,0
33.0,17228.45,14428.5,,701.22,,6.1,0
21.0,81881.81,137162.17,18500.0,2662.07,1.0,1.6,1
69.0,60855.58,84080.77,25200.0,15828.95,0.0,45.7,0
54.0,48294.15,98270.63,13600.0,4402.18,2.0,,0
38.0,85103.19,85715.86,19800.0,3925.19,1.0,0.5,0
,,31156.77,18100.0,458.62,0.0,11.2,0
48.0,77971.44,57877.85,15000.0,1163.17,1.0,17.3,0
65.0,96508.85,49989.67,22000.0,5964.81,1.0,41.9,0
35.0,38966.72,23261.41,12200.0,3983.34,0.0,10.1,1
24.0,32818.7,19958.7,7300.0,2167.77,,4.9,1
27.0,19273.07,3015.01,6800.0,2239.52,0.0,,0
24.0,58310.44,112636.99,17300.0,8248.47,,4.5,0
50.0,71058.47,88418.67,27100.0,17430.84,0.0,29.2,0
40.0,24485.36,2324.3,10600.0,936.51,0.0,12.6,0
38.0,127036.27,118093.53,23500.0,582.58,1.0,3.6,0
36.0,33077.17,75515.45,8300.0,647.91,1.0,4.8,0
65.0,15335.11,21726.34,3800.0,2126.37,1.0,9.3,0
36.0,132839.08,332095.48,,4397.41,1.0,4.4,0
53.0,16583.96,22615.76,6500.0,229.1,1.0,10.7,1
46.0,96616.74,236850.36,36500.0,4294.11,1.0,15.5,1
35.0,83505.83,44461.18,24700.0,2332.34,0.0,10.0,0
19.0,65626.34,53185.85,20400.0,5617.45,1.0,0.4,0
18.0,39590.13,70591.8,6600.0,1312.03,1.0,0.0,0
64.0,73253.29,189961.96,23200.0,9242.13,1.0,3.8,0
22.0,101629.68,220988.39,39400.0,11301.61,0.0,0.4,0
37.0,29986.83,43009.98,9700.0,,0.0,3.3,0
28.0,97326.27,22155.41,22300.0,1436.44,0.0,5.2,0
59.0,94705.25,110643.8,33200.0,24372.26,0.0,8.8,0
19.0,64591.02,18289.33,16700.0,4333.52,0.0,0.3,0
20.0,39230.71,31394.26,12300.0,864.79,0.0,0.8,0
40.0,94966.02,65578.37,28100.0,4137.23,0.0,17.9,0
29.0,73496.11,,19400.0,6473.78,0.0,0.2,0
37.0,29449.26,66681.77,10800.0,5038.83,0.0,12.3,0
22.0,,20153.95,18000.0,3815.68,1.0,2.7,0
54.0,88559.77,70166.52,13400.0,2404.14,1.0,28.8,1
55.0,58031.91,44249.46,25000.0,6366.63,1.0,,0
47.0,103942.15,93322.85,31500.0,16368.85,1.0,0.6,0
26.0,,40944.61,15900.0,1154.17,2.0,1.2,0
51.0,29734.49,20312.27,12100.0,2151.06,1.0,29.2,0
61.0,202028.0,505330.12,50000.0,29260.6,0.0,19.7,0
52.0,19760.95,22995.73,7900.0,2241.71,1.0,19.2,0
69.0,40138.7,11928.42,8200.0,477.52,1.0,33.8,0
39.0,64077.51,81213.6,12700.0,6297.6,0.0,14.3,0
61.0,97894.96,55751.56,34000.0,,0.0,40.1,0
41.0,79847.16,54579.5,32800.0,11435.96,0.0,22.9,0
34.0,216805.39,171718.03,50000.0,,1.0,11.5,0
27.0,50485.47,22998.07,17300.0,7251.67,1.0,2.6,0
47.0,32087.12,61381.07,9900.0,3534.5,2.0,25.5,0
63.0,47485.63,98440.84,11800.0,4425.65,1.0,2.2,0
,44712.75,50662.72,19900.0,6588.81,0.0,5.1,0
49.0,52001.24,90750.54,12800.0,1179.37,0.0,27.8,0
34.0,30046.67,34981.95,11200.0,5765.0,1.0,4.1,1
67.0,86719.46,,26800.0,4024.49,0.0,10.8,0
68.0,67676.76,69313.95,22500.0,2116.33,0.0,6.9,0
34.0,25378.85,36738.97,6800.0,1399.72,0.0,13.7,0
31.0,96839.96,10895.55,42600.0,970.83,1.0,6.5,0
26.0,33293.29,57805.02,10700.0,3330.17,0.0,5.4,0
57.0,26643.77,53062.07,11500.0,3597.38,0.0,9.3,0
19.0,57090.74,127063.51,8700.0,4322.66,0.0,0.8,0
62.0,18869.35,6181.86,6100.0,1333.83,1.0,33.4,0
42.0,77165.04,8061.31,28200.0,8043.25,1.0,7.5,0
56.0,15000.0,,5600.0,1377.02,1.0,15.6,0
26.0,29213.39,69111.16,12300.0,1619.7,2.0,1.7,1
39.0,139397.16,272087.24,21100.0,5296.51,0.0,20.5,0
60.0,35882.48,77037.22,5400.0,2093.46,1.0,27.1,0
63.0,39856.82,53073.38,,1557.07,0.0,42.1,0
21.0,116331.49,154473.38,18500.0,,0.0,0.9,0
43.0,33667.28,27170.26,14900.0,2045.58,0.0,19.5,1
46.0,85653.29,182557.94,18600.0,2096.51,0.0,21.4,0
62.0,109591.26,231906.42,32000.0,4567.68,1.0,30.4,0
51.0,72194.43,72597.8,12200.0,1816.33,1.0,,0
40.0,22766.87,20804.24,7000.0,2063.29,0.0,8.7,0
54.0,37707.28,70836.84,10000.0,1231.72,0.0,4.7,0
28.0,276004.34,28892.35,45100.0,10836.05,1.0,6.7,0
23.0,40363.69,90496.36,10100.0,3719.58,1.0,3.6,1
,300000.0,335854.43,50000.0,1168.44,0.0,9.8,0
38.0,151051.85,175670.34,50000.0,9005.68,0.0,,1
59.0,73971.99,132626.43,15700.0,8893.88,0.0,20.7,0
53.0,64753.34,107580.95,20300.0,3044.88,0.0,10.9,0
58.0,40990.93,32208.97,18300.0,4952.66,1.0,17.1,1
55.0,51361.93,121628.77,19900.0,507.25,0.0,23.9,0
51.0,35838.05,100883.34,16100.0,,1.0,24.6,0
34.0,52147.12,73940.98,23000.0,5368.95,0.0,3.7,1
54.0,23925.09,35623.16,7100.0,2045.44,1.0,14.6,0
42.0,23168.23,33197.99,8300.0,1091.57,1.0,6.5,0
55.0,118256.28,148031.6,21700.0,4413.07,0.0,7.3,0
29.0,20591.1,51180.11,5800.0,2524.01,0.0,8.6,0
40.0,92197.0,61341.7,,4928.1,0.0,20.0,0
59.0,17385.13,6120.46,5200.0,1428.29,1.0,15.2,0
39.0,79045.79,193052.82,,9360.82,1.0,15.8,1
38.0,47831.96,,17900.0,3786.88,0.0,17.9,0
44.0,119705.49,231502.28,27100.0,7307.26,0.0,,0
48.0,44391.5,28603.94,18300.0,,1.0,5.5,0
23.0,16224.47,39437.95,4700.0,491.68,1.0,4.8,1
44.0,48396.28,,,,1.0,9.8,0
57.0,59622.98,,24400.0,8003.46,0.0,13.2,0
51.0,50051.78,125411.86,13800.0,6415.65,,2.1,0
29.0,76501.43,28497.54,28700.0,,0.0,5.3,0
62.0,38613.88,42241.28,12100.0,404.22,1.0,4.8,0
24.0,25386.13,43363.52,6700.0,2231.62,0.0,1.5,0
27.0,29738.88,,11700.0,5958.5,1.0,2.9,1
,39756.94,27135.58,12900.0,3135.14,1.0,35.6,0
34.0,,93925.78,10600.0,3487.91,2.0,14.0,0
43.0,229503.47,136316.56,42000.0,9529.47,0.0,7.6,0
38.0,115043.23,263144.26,48200.0,14024.93,1.0,17.2,0
45.0,81799.43,109412.02,13100.0,4563.03,1.0,23.1,0
63.0,70799.52,103450.6,29000.0,12221.49,1.0,34.4,0
19.0,64852.02,66270.87,16700.0,5633.32,0.0,0.1,0
60.0,65055.78,22290.5,22200.0,5456.47,1.0,29.0,0
18.0,59752.82,61212.42,25500.0,9363.39,1.0,0.0,1
,55496.29,60632.06,10900.0,1426.3,0.0,34.1,0
53.0,15442.54,20001.99,4900.0,1508.74,1.0,11.6,0
68.0,43413.41,83696.59,16500.0,3479.97,1.0,25.0,0
,,49161.77,17700.0,7879.63,0.0,16.1,0
46.0,34565.67,36223.32,10600.0,1087.93,0.0,14.3,0
38.0,38806.45,90135.63,13100.0,2229.45,1.0,2.4,0
28.0,64890.04,137777.38,24500.0,15692.08,1.0,3.1,0
57.0,85866.93,14155.42,34500.0,9249.03,1.0,31.3,0
28.0,64831.18,144516.59,24500.0,12894.91,1.0,8.6,0
53.0,84581.14,214847.3,21700.0,5520.84,0.0,4.8,0
66.0,85482.32,222360.92,38400.0,21527.1,1.0,45.7,1
56.0,45259.9,100377.9,12700.0,5789.7,2.0,12.5,0
57.0,74249.36,121884.95,11700.0,5095.58,0.0,25.8,0
52.0,18999.66,15015.47,,1801.58,0.0,25.6,0
51.0,43019.33,72995.54,8100.0,2612.62,1.0,26.8,0
64.0,40090.27,71720.76,7500.0,2004.54,0.0,43.5,0
41.0,135780.66,105928.35,31800.0,10352.97,1.0,7.2,0
39.0,66320.37,,11000.0,5871.97,0.0,18.0,0
,24326.65,27749.21,8700.0,3609.64,1.0,0.5,1
50.0,77400.64,128258.58,13300.0,4195.62,1.0,22.6,1
53.0,93514.33,77050.02,19700.0,8536.22,0.0,26.0,0
64.0,51338.78,73589.93,9100.0,2271.83,2.0,31.2,0
37.0,,186711.19,13800.0,2426.69,1.0,4.8,1
36.0,15000.0,11542.24,3500.0,475.98,1.0,15.7,0
52.0,,38180.81,4800.0,1956.79,1.0,5.7,0
69.0,26710.14,35368.74,11700.0,3760.76,0.0,2.7,0
60.0,59244.24,,24400.0,6881.07,0.0,30.1,0
34.0,135848.87,22653.6,50000.0,3961.0,0.0,7.6,1
62.0,27560.62,24734.05,5600.0,1398.85,0.0,37.4,0
60.0,32460.96,23405.84,,2406.93,0.0,16.1,0
51.0,57134.52,121979.8,,1466.91,1.0,5.6,0
26.0,40320.23,80879.49,15500.0,6525.11,1.0,6.7,0
43.0,38967.59,86701.02,6700.0,529.43,2.0,13.7,0
19.0,42071.05,63045.68,13300.0,1069.4,2.0,0.2,1
26.0,119237.56,137326.41,26800.0,7519.26,1.0,5.8,0
26.0,105839.66,73542.73,23600.0,1950.69,0.0,4.1,0
57.0,54944.65,84170.83,24600.0,4074.05,1.0,23.6,0
34.0,146193.76,232582.09,50000.0,6703.67,0.0,7.4,1
18.0,73527.67,80574.28,29500.0,8342.98,3.0,0.0,1
42.0,108264.92,255035.59,34800.0,1534.52,1.0,19.9,0
60.0,32327.45,54274.6,13300.0,2554.35,1.0,29.8,0
57.0,36599.64,82399.66,12600.0,5770.88,,4.1,1
59.0,36365.31,64816.93,15800.0,8415.18,2.0,34.4,0
42.0,51429.47,41999.44,12100.0,1301.14,1.0,16.1,0
56.0,56159.32,104961.14,,1541.06,1.0,26.5,0
52.0,65808.64,44431.32,23500.0,6549.48,1.0,12.3,0
20.0,176992.55,272228.57,47400.0,,1.0,1.8,1
67.0,83513.78,85121.87,34600.0,1114.03,0.0,,0
54.0,39780.22,18382.08,17700.0,3475.95,1.0,4.1,0
61.0,54070.03,62407.97,16100.0,6548.14,0.0,17.5,0
61.0,133648.07,,35700.0,2785.37,1.0,38.1,0
68.0,86606.31,31079.87,25300.0,6782.02,0.0,2.4,0
47.0,132596.94,293644.16,50000.0,20551.4,2.0,27.9,0
55.0,,55130.73,13900.0,4581.93,0.0,25.1,0
51.0,35348.21,32916.87,5800.0,2309.18,0.0,20.8,0
29.0,35659.58,49922.53,,4905.5,0.0,3.0,1
36.0,42565.87,81386.38,6600.0,1087.66,0.0,4.5,0
,28624.84,5946.58,11000.0,4637.32,0.0,33.9,0
,64674.08,92864.05,16100.0,4462.38,1.0,12.8,0
66.0,65344.75,79998.95,19100.0,1723.98,0.0,37.2,0
34.0,120966.24,288448.59,47100.0,18370.23,,6.3,0
27.0,18841.98,27826.69,3100.0,1637.67,1.0,1.3,1
66.0,30746.25,,6100.0,1109.25,1.0,0.5,1
64.0,87846.68,93134.2,23700.0,7772.87,0.0,25.0,0
29.0,60480.96,100771.97,13200.0,6864.79,0.0,10.7,0
33.0,55652.46,11491.79,14000.0,5100.97,0.0,5.5,0
41.0,115648.69,269017.46,50000.0,13246.19,2.0,8.2,0
36.0,29555.57,6596.14,11800.0,1587.78,1.0,6.2,0
25.0,34988.07,8402.23,14500.0,5726.42,1.0,,0
48.0,32600.83,1843.86,14100.0,1679.59,,13.2,0
38.0,16191.72,28007.1,4100.0,329.6,0.0,17.6,1
34.0,58670.39,,14000.0,5833.65,0.0,8.1,0
40.0,39588.28,11935.17,8700.0,1759.23,0.0,11.2,0
,34900.61,76248.67,13900.0,1543.17,2.0,5.0,0
33.0,31317.89,18578.88,11100.0,2706.95,0.0,14.7,0
23.0,53602.55,44161.81,11800.0,432.29,0.0,1.2,0
25.0,33552.82,16742.51,8800.0,1834.87,0.0,0.5,0
42.0,61879.27,146944.04,18700.0,3576.53,1.0,15.9,0
35.0,71361.09,142106.51,22000.0,6865.33,0.0,10.1,0
42.0,45399.37,91911.26,18900.0,9743.69,1.0,10.0,0
29.0,43587.23,7604.27,11500.0,2810.11,0.0,4.6,0
32.0,,87033.63,25600.0,7904.13,0.0,11.0,0
43.0,53246.65,81547.36,15000.0,,0.0,4.9,0
58.0,120342.32,124923.66,45000.0,9840.05,0.0,32.8,0
62.0,65575.62,56527.12,28100.0,3778.71,0.0,28.5,0
43.0,104542.78,231719.52,44100.0,9058.33,0.0,10.5,0
,78143.85,6693.7,13100.0,2197.19,0.0,21.1,0
49.0,,38981.46,5200.0,581.8,0.0,8.0,0
27.0,,40597.77,11400.0,,1.0,6.8,0
33.0,52635.26,94886.02,14700.0,7254.8,0.0,,0
24.0,91223.39,55061.73,31200.0,9924.96,1.0,1.9,0
34.0,172247.52,115403.44,50000.0,12632.24,1.0,9.5,0
40.0,40518.41,61229.81,7400.0,1783.85,3.0,21.9,0
43.0,56002.61,141125.92,16000.0,3928.13,0.0,10.9,0
38.0,87548.37,215041.07,18200.0,1711.17,1.0,18.4,1
39.0,52328.87,36240.87,21900.0,3668.64,0.0,,0
24.0,145285.79,63448.69,,26273.31,0.0,0.3,0
31.0,24132.82,37631.84,7100.0,2015.22,0.0,2.7,0
32.0,81374.07,92566.78,14700.0,7127.54,1.0,5.9,0
24.0,80896.67,172647.1,31200.0,18602.3,1.0,1.3,0
,108144.46,148879.54,38800.0,6133.25,1.0,0.0,0
68.0,56231.41,77392.43,14400.0,,1.0,45.8,0
65.0,92495.26,,38500.0,,1.0,39.7,0
25.0,46654.12,19811.7,20700.0,5066.85,0.0,5.2,0
67.0,33495.46,61693.64,,4989.03,1.0,8.2,1
40.0,30689.57,42693.22,9800.0,5212.07,0.0,2.6,0
46.0,22814.66,48415.85,5500.0,1637.41,0.0,1.9,1
35.0,41572.11,19116.14,13500.0,4700.3,0.0,12.3,0
48.0,65309.52,50653.01,18400.0,1548.9,0.0,27.9,0
47.0,47816.25,121089.74,11500.0,7496.69,1.0,12.5,1
69.0,61009.18,88908.05,10400.0,4551.74,1.0,6.1,0
56.0,113655.52,266293.76,25700.0,,0.0,19.5,0
52.0,39715.95,70878.15,,2463.94,0.0,11.9,0
35.0,220615.78,519262.07,50000.0,8298.62,0.0,6.4,0
59.0,,80915.65,28200.0,13192.3,1.0,25.5,0
56.0,48138.84,15666.45,16000.0,4770.97,0.0,27.3,0
34.0,47488.3,95307.22,12700.0,64.48,0.0,1.8,0
31.0,29587.94,,8200.0,1370.63,0.0,0.5,1
48.0,53346.83,87665.53,21400.0,5134.41,0.0,29.8,0
41.0,15000.0,23380.86,4400.0,1646.98,0.0,5.4,0
,115088.85,279255.67,,16016.35,0.0,1.8,0
61.0,15000.0,7214.45,4200.0,595.76,1.0,8.2,0
62.0,55550.65,87908.43,19200.0,2285.72,1.0,1.7,0
51.0,27271.75,4949.23,4500.0,1555.9,1.0,,0
20.0,35571.24,17587.64,12300.0,,,1.6,1
54.0,38434.43,45974.79,15600.0,3959.01,2.0,12.3,0
60.0,172021.66,387521.57,50000.0,34357.93,0.0,18.7,1
57.0,27946.57,56944.07,12600.0,5722.71,1.0,26.3,0
43.0,93765.82,240492.0,22000.0,12157.13,2.0,12.7,1
40.0,108688.48,30166.07,35100.0,,1.0,19.0,0
61.0,15000.0,,4300.0,378.0,1.0,37.2,0
56.0,37450.99,21064.79,12000.0,6197.61,0.0,0.4,0
32.0,132015.61,28243.15,26000.0,16044.48,,10.9,1
66.0,24615.61,18647.98,10000.0,2377.21,1.0,22.1,0
21.0,111186.65,84477.81,47000.0,16522.8,0.0,3.0,0
46.0,53598.7,63953.56,15300.0,7671.21,0.0,13.5,0
39.0,52226.31,22472.26,12200.0,4182.45,1.0,20.7,0
42.0,56483.0,72474.27,10900.0,3484.86,1.0,18.1,0
30.0,66538.97,155361.89,23600.0,2305.9,0.0,3.0,0
35.0,30534.64,57962.32,7400.0,848.12,1.0,9.2,0
50.0,46339.42,100896.36,19600.0,3331.34,0.0,31.7,1
33.0,67667.35,143801.7,23800.0,7667.07,1.0,12.9,0
62.0,60242.39,65704.9,20700.0,7024.85,2.0,4.3,1
59.0,66805.14,124981.86,21200.0,6576.26,1.0,29.0,0
61.0,35199.52,66454.03,5800.0,80.39,1.0,,0
19.0,79172.12,50953.52,34000.0,10249.53,2.0,0.0,0
52.0,58447.57,129787.2,19800.0,4086.59,1.0,13.7,0
59.0,20985.35,26469.37,9400.0,2454.4,2.0,9.6,0
51.0,,3424.77,12300.0,1813.89,1.0,27.0,0
47.0,31656.45,54250.88,11500.0,3332.74,0.0,9.8,0
30.0,31412.88,54019.75,5200.0,872.06,0.0,9.9,0
,40705.23,58444.99,13800.0,2295.96,0.0,0.0,0
35.0,78282.8,44969.67,29700.0,3398.51,1.0,5.2,0
49.0,37194.82,46716.26,14300.0,1870.65,0.0,,0
49.0,62008.99,65422.85,23600.0,3394.1,,7.2,0
52.0,56201.43,141947.49,12200.0,5000.61,1.0,2.3,1
56.0,33947.43,74942.47,15000.0,4953.19,1.0,7.1,0
63.0,44051.33,89648.15,19800.0,5741.42,1.0,25.0,0
69.0,91026.83,44907.44,15700.0,3701.03,0.0,14.9,0
46.0,59271.5,63423.35,25500.0,14370.25,1.0,11.7,1
,75304.62,76931.89,17800.0,5446.75,2.0,18.1,0
46.0,116249.95,149190.94,41500.0,6021.13,1.0,24.5,0
61.0,70330.6,9621.33,17700.0,4307.06,0.0,38.9,1
33.0,17112.88,27140.26,7500.0,1770.02,2.0,7.4,1
61.0,63726.68,58703.48,11500.0,1690.96,1.0,14.2,0
64.0,37389.05,57545.34,11200.0,,0.0,4.9,0
27.0,,23305.4,44700.0,19702.35,1.0,8.6,0
47.0,68841.47,56708.21,17100.0,1388.39,3.0,,0
42.0,37855.71,75974.31,13000.0,3228.31,2.0,7.1,0
56.0,76107.89,103930.53,,8589.88,1.0,11.3,0
37.0,,122677.89,20900.0,9848.34,0.0,6.1,0
22.0,19326.37,39255.13,8600.0,5484.21,0.0,0.7,0
18.0,90929.2,210866.44,35600.0,16523.33,1.0,0.0,0
47.0,42475.22,3786.75,17300.0,2996.33,0.0,3.6,0
66.0,127054.45,89609.83,32800.0,6603.41,0.0,30.5,0
20.0,50278.94,72917.41,12400.0,3934.49,,0.2,1
62.0,,316531.48,39200.0,14262.1,0.0,3.1,0
31.0,69908.25,121223.43,11400.0,2416.08,1.0,11.8,0
47.0,97194.95,119611.55,42100.0,8666.24,1.0,5.5,0
67.0,,17138.38,7800.0,,0.0,40.2,0
21.0,66956.85,88612.67,28200.0,6052.3,1.0,1.6,0
,,23367.97,3400.0,2162.03,0.0,1.3,0
54.0,50200.38,107119.39,19900.0,9424.02,1.0,34.4,0
42.0,22231.85,25461.39,4300.0,2487.63,0.0,5.9,1
65.0,27288.31,23099.3,4400.0,,0.0,40.4,1
18.0,31745.85,9300.67,11600.0,2180.1,0.0,0.0,0
63.0,80519.33,13451.92,18800.0,4091.33,0.0,38.4,0
32.0,49591.96,58675.47,18100.0,4231.63,1.0,0.2,1
26.0,55207.62,,17500.0,7075.35,,4.1,0
32.0,48788.38,69509.83,8900.0,1776.41,1.0,10.8,0
66.0,103614.47,195487.54,44500.0,11072.32,0.0,44.9,0
41.0,54307.91,10867.66,15500.0,5435.94,,20.9,0
21.0,62900.05,93059.77,23300.0,15029.57,0.0,2.5,1
29.0,38478.24,86664.43,11600.0,3746.53,2.0,9.8,1
54.0,107973.98,129573.41,,6708.04,1.0,7.2,0
54.0,112942.44,152000.99,27200.0,4825.07,0.0,10.2,1
60.0,52990.43,67392.22,11100.0,2903.95,0.0,12.1,0
,38155.42,43362.05,11900.0,6180.27,0.0,1.9,0
56.0,20545.85,6726.41,5800.0,1070.16,0.0,14.9,0
63.0,32171.69,13000.36,8600.0,2837.63,,24.5,0
41.0,,9439.06,5300.0,2723.21,0.0,3.7,0
28.0,31370.23,66293.04,11200.0,4135.7,1.0,6.9,0
30.0,67116.29,50897.26,11000.0,4699.05,0.0,2.0,0
51.0,52562.6,124867.07,13200.0,277.44,0.0,10.2,0
42.0,218373.07,475022.08,50000.0,32723.71,0.0,12.1,1
24.0,43363.18,77265.96,7800.0,3056.31,0.0,4.8,0
69.0,41378.68,,9100.0,,0.0,37.7,0
21.0,102504.48,19703.45,17000.0,7497.16,1.0,1.9,0
25.0,17048.85,28040.92,7700.0,3814.96,0.0,1.1,1
37.0,22268.75,55901.93,,3511.53,1.0,10.4,0
46.0,80684.75,9014.33,14200.0,1125.34,1.0,2.4,0
68.0,48182.23,39959.85,7500.0,4905.29,0.0,18.9,0
62.0,48849.64,7407.7,17900.0,1116.91,0.0,18.2,0
63.0,30875.22,47302.99,8700.0,3325.75,0.0,1.8,0
27.0,62558.79,21930.42,24200.0,3756.99,1.0,2.5,0
60.0,33362.44,41223.36,14200.0,1250.97,0.0,40.1,1
51.0,56593.31,102940.83,18700.0,1080.03,1.0,31.5,0
43.0,27035.6,12561.69,5600.0,,,8.8,0
58.0,48560.31,94931.29,18700.0,3229.46,1.0,1.7,0
66.0,182575.92,34594.17,50000.0,7114.46,0.0,8.6,0
20.0,41983.78,20421.99,13600.0,4717.49,0.0,0.8,0
23.0,50058.37,39688.46,17800.0,4633.79,2.0,4.7,1
22.0,47977.44,97289.55,12100.0,1802.56,1.0,0.6,0
22.0,60157.35,129535.05,15900.0,1680.09,,3.1,0
64.0,71746.27,48009.99,26600.0,8481.42,1.0,5.0,0
40.0,63217.89,17335.59,27100.0,2197.46,0.0,21.6,0
66.0,,139194.77,21700.0,3393.06,1.0,18.3,0
26.0,48605.89,83040.41,18800.0,4132.7,0.0,6.2,0
52.0,57536.44,29315.01,11600.0,6608.91,0.0,11.6,0
37.0,47649.47,72271.16,10200.0,5833.89,0.0,,0
66.0,18262.13,40940.15,5700.0,1111.75,0.0,9.2,1
59.0,262595.21,78431.04,50000.0,32795.31,0.0,6.0,0
52.0,83859.97,29608.27,28600.0,12056.12,1.0,31.9,0
67.0,30103.85,24467.79,7100.0,3876.17,2.0,45.0,1
35.0,62195.4,108658.35,24100.0,7239.06,0.0,15.1,0
,24156.66,12272.07,9500.0,1521.84,1.0,10.0,0
41.0,40274.71,84667.57,11600.0,,0.0,18.6,1
20.0,22265.79,41988.97,,216.67,0.0,0.1,0
,52537.85,78270.8,18100.0,4585.83,0.0,10.4,1
52.0,20977.1,7859.6,9400.0,1772.69,0.0,10.7,0
55.0,68394.91,175190.64,23000.0,6217.62,0.0,23.5,0
30.0,81579.45,101145.88,13100.0,1204.2,1.0,4.3,0
64.0,32985.11,39330.47,5100.0,,0.0,6.8,0
42.0,,151146.49,14700.0,2639.62,1.0,14.3,0
,,70442.3,6700.0,1434.34,1.0,6.5,0
21.0,73646.99,,29000.0,6480.24,1.0,1.1,0
31.0,35840.33,43904.1,,6379.01,1.0,1.7,0
54.0,86975.53,24593.57,19800.0,3739.15,0.0,7.1,0
51.0,18270.53,42824.75,4500.0,505.1,0.0,7.8,0
28.0,29643.98,65049.86,6500.0,2517.75,0.0,3.0,1
58.0,27853.4,27144.32,11800.0,5557.76,0.0,25.7,0
20.0,,117884.52,18400.0,2613.71,0.0,1.2,0
45.0,75588.08,154521.86,26200.0,10388.73,0.0,18.8,0
46.0,64111.72,36801.08,17600.0,271.71,1.0,10.2,0
26.0,39919.26,66577.7,13500.0,5336.02,0.0,6.6,1
20.0,15000.0,10474.48,4000.0,910.9,0.0,0.4,1
42.0,55449.13,111294.86,14000.0,1798.62,1.0,11.3,1
51.0,86927.48,51159.8,29600.0,17734.08,2.0,26.4,0
29.0,270575.19,475300.0,50000.0,22826.58,1.0,2.0,0
59.0,41997.39,37752.37,10000.0,3523.27,0.0,4.5,0
26.0,36344.96,4513.99,7100.0,1226.4,1.0,7.1,0
32.0,65653.94,23857.7,,3553.46,2.0,4.8,0
57.0,46458.05,82416.99,12800.0,6353.65,0.0,26.7,0
42.0,116450.79,87791.55,39400.0,17946.02,0.0,0.6,0
22.0,33359.13,57956.57,14200.0,5329.59,0.0,2.8,0
28.0,46662.28,51202.53,7500.0,2811.16,0.0,3.2,1
51.0,91649.6,161499.11,20400.0,2781.83,3.0,1.8,0
41.0,65187.21,82888.59,13600.0,2553.73,0.0,14.0,0
32.0,108741.05,93604.88,,9725.54,1.0,3.4,0
55.0,41691.83,16819.23,11600.0,1620.56,0.0,14.3,0
25.0,115609.19,112507.08,42600.0,13921.85,0.0,0.6,0
22.0,19964.2,32138.95,4400.0,451.07,1.0,0.6,1
65.0,,39796.65,,1940.76,0.0,14.0,0
43.0,116707.25,66458.59,48500.0,19676.58,1.0,2.2,0
35.0,54415.8,104135.08,23000.0,13767.79,0.0,15.5,0
23.0,94135.41,49594.0,41200.0,7402.62,0.0,0.0,0
54.0,57508.19,41219.51,,9328.44,1.0,17.4,0
65.0,53947.98,85065.74,,13407.01,1.0,5.8,0
,24420.73,19109.0,5400.0,1452.67,1.0,,0
45.0,53310.91,91405.17,11200.0,3229.53,1.0,25.0,0
22.0,122634.58,303081.78,18600.0,10053.62,0.0,0.6,0
30.0,56050.15,30346.19,20300.0,9482.61,1.0,11.6,1
34.0,81572.45,124253.03,35200.0,7908.11,2.0,3.3,0
67.0,80227.72,190639.88,16500.0,5454.41,,36.3,0
,29506.78,14290.84,10100.0,1268.84,1.0,,0
62.0,90606.23,96870.59,33900.0,13773.15,0.0,38.9,0
49.0,,15629.75,19200.0,1759.73,1.0,17.2,1
46.0,46360.75,76175.81,16000.0,1762.43,1.0,15.0,0
68.0,190730.58,335780.81,50000.0,16715.76,1.0,9.8,0
20.0,77527.04,132119.32,19600.0,3389.1,0.0,0.3,0
57.0,36934.41,50405.41,9400.0,347.55,0.0,35.7,0
51.0,56315.37,114546.78,17600.0,9481.89,0.0,10.8,0
57.0,55379.9,7739.51,14700.0,2772.31,2.0,14.5,0
44.0,148993.19,361239.42,22400.0,4581.95,0.0,19.8,0
30.0,55474.37,35487.44,20500.0,4685.82,1.0,4.1,0
62.0,203780.6,66241.81,50000.0,4311.88,0.0,41.9,0
50.0,24883.5,59901.73,9300.0,1354.83,1.0,23.6,0
23.0,53134.85,115122.15,13500.0,4809.3,0.0,3.0,0
41.0,34278.95,69046.49,10500.0,3499.1,0.0,20.3,0
36.0,40259.56,12623.74,10400.0,2081.2,1.0,0.9,0
33.0,40787.34,83640.62,6300.0,1298.2,0.0,3.9,0
57.0,35355.74,54666.81,11300.0,835.62,0.0,18.1,0
,152986.21,286469.16,28600.0,6539.35,0.0,6.1,0
50.0,127202.58,313194.01,22100.0,,0.0,23.8,0
65.0,68981.02,48246.53,26000.0,14714.65,5.0,43.2,1
58.0,40757.24,51921.88,6200.0,528.84,2.0,17.0,0
30.0,35956.32,69081.26,15700.0,1361.85,0.0,4.1,0
60.0,84548.89,106040.84,25800.0,14377.93,1.0,40.4,0
62.0,64866.76,17779.46,28900.0,8916.54,1.0,19.6,0
42.0,49667.42,15438.3,8300.0,1601.09,1.0,11.7,0
59.0,74960.44,119801.56,24400.0,6968.86,0.0,14.4,0
53.0,92470.26,77146.34,23600.0,11260.32,1.0,31.8,0
44.0,49393.59,21323.91,19900.0,4302.8,0.0,14.8,0
55.0,33779.33,32777.37,8700.0,4074.06,1.0,28.2,0
24.0,24522.11,14409.83,5600.0,2088.64,0.0,4.9,0
22.0,62967.82,14218.0,25600.0,10449.46,0.0,1.4,0
60.0,198858.26,81272.97,50000.0,5799.31,2.0,18.2,0
62.0,27822.55,62871.83,4300.0,1448.13,3.0,,0
68.0,104786.63,6670.3,28000.0,3516.93,1.0,18.2,0
48.0,36122.32,76856.2,12500.0,6973.03,0.0,23.8,0
40.0,40765.08,80265.84,9200.0,3478.58,0.0,20.7,0
59.0,93803.18,136754.29,26200.0,4436.07,0.0,25.6,0
27.0,46483.15,25010.07,7800.0,786.8,1.0,6.7,1
49.0,62878.27,145737.42,20500.0,7710.31,0.0,25.0,0
60.0,62159.37,75658.41,23400.0,1832.41,0.0,35.5,0
47.0,36157.2,17834.74,9900.0,2178.11,0.0,11.5,0
56.0,92693.95,107709.45,,8289.95,0.0,1.9,0
48.0,52211.12,28887.13,9200.0,3445.01,3.0,12.1,0
35.0,23550.3,24297.1,5000.0,2159.36,1.0,11.5,0
53.0,31713.88,41529.34,6200.0,2149.6,0.0,15.8,0
19.0,,15751.22,4400.0,2254.94,0.0,0.7,0
31.0,55893.04,99228.26,17300.0,7417.76,1.0,4.6,0
30.0,118472.94,289909.51,50000.0,12707.18,1.0,7.6,0
46.0,28903.27,27567.04,5000.0,2410.4,1.0,5.2,1
29.0,76981.7,71621.06,25400.0,3157.48,1.0,8.2,0
56.0,70146.45,134127.63,21600.0,4654.39,0.0,20.7,0
19.0,34505.48,48217.84,10500.0,2447.1,3.0,0.2,0
49.0,136205.56,168801.91,50000.0,22776.12,0.0,9.0,0
30.0,46000.32,94351.9,9700.0,763.31,0.0,9.0,0
63.0,180983.48,412722.39,29400.0,9565.37,3.0,21.7,0
44.0,20304.39,30169.36,7100.0,190.61,,5.6,0
66.0,46097.72,24220.88,11700.0,2888.78,0.0,46.4,0
,49505.98,58230.66,7700.0,520.81,0.0,28.6,0
34.0,52872.16,72545.79,11900.0,5877.87,,15.3,0
57.0,83266.25,95793.57,20200.0,5822.86,0.0,16.7,0
48.0,300000.0,219764.32,50000.0,22940.41,0.0,14.3,1
51.0,71185.16,89227.38,14400.0,5171.62,1.0,29.6,0
41.0,54970.07,63362.84,15100.0,1996.16,0.0,12.1,0
62.0,28065.05,15890.88,8300.0,1192.26,0.0,31.1,0
52.0,17429.79,41050.64,5000.0,1684.12,1.0,8.6,0
65.0,109333.32,254747.37,48300.0,12754.21,,21.0,0
23.0,39023.9,75322.84,6400.0,1214.85,0.0,0.6,0
36.0,258459.69,287998.53,50000.0,28927.21,0.0,3.7,0
47.0,91210.65,91299.99,29600.0,6852.17,1.0,0.0,0
24.0,66498.57,,25800.0,1475.21,0.0,0.2,0
27.0,68629.47,114053.16,19200.0,9715.91,1.0,8.8,1
58.0,69036.18,,,7784.28,1.0,9.7,0
49.0,35712.64,16810.68,14800.0,5729.8,0.0,20.6,0
51.0,18941.27,31539.35,7900.0,2261.65,1.0,27.7,0
45.0,38932.67,88652.55,8600.0,,1.0,14.9,0
32.0,53582.95,18573.2,11200.0,7077.45,3.0,2.1,1
47.0,36728.55,32368.15,11000.0,1224.97,1.0,21.1,0
54.0,25043.01,33474.46,10500.0,1606.34,0.0,21.6,0
46.0,34581.49,61178.92,8500.0,1870.84,0.0,20.5,0
39.0,100855.04,27304.35,34900.0,4704.01,,16.2,0
21.0,,203159.36,30800.0,17964.03,0.0,2.9,0
37.0,60044.78,12865.25,23000.0,6778.87,1.0,10.9,0
49.0,77053.77,166925.26,24600.0,1704.7,1.0,10.6,0
53.0,27469.73,2671.62,7400.0,772.65,1.0,22.7,0
67.0,33615.59,14515.68,14800.0,1613.74,0.0,3.4,0
21.0,,132517.39,21800.0,1882.59,1.0,2.7,1
44.0,29652.29,64902.54,10900.0,1137.93,1.0,3.1,1
34.0,57817.05,,14700.0,3018.42,0.0,5.2,0
29.0,25399.51,13248.66,,5900.91,2.0,9.0,0
39.0,20135.35,27383.29,4600.0,882.6,,12.5,0
34.0,84258.71,17229.51,18800.0,976.88,0.0,6.3,0
27.0,100330.75,62774.55,36600.0,23543.31,0.0,4.3,0
18.0,37105.01,19107.16,11400.0,2920.67,0.0,0.0,1
39.0,21757.69,6807.28,7700.0,3359.33,2.0,,0
43.0,15000.0,34395.37,3500.0,908.63,1.0,21.7,0
35.0,163603.34,68500.31,50000.0,16819.85,0.0,,0
67.0,57920.95,92651.44,16400.0,1521.39,1.0,38.1,0
31.0,37616.72,62712.23,12400.0,3865.85,0.0,11.0,0
64.0,43549.48,24460.59,10300.0,2833.35,2.0,8.4,0
,17188.58,44586.14,6300.0,1682.96,0.0,12.0,1
,78585.23,78865.87,30800.0,10620.93,0.0,1.8,0
53.0,179883.49,431517.6,41000.0,24488.76,1.0,24.7,0
52.0,33872.06,86136.65,8100.0,5835.76,3.0,18.2,1
,226403.53,544483.74,50000.0,7347.7,,32.4,0
29.0,50521.64,,18100.0,3632.68,1.0,2.2,0
24.0,147274.27,105072.22,,,0.0,1.3,0
46.0,65142.51,23730.03,23100.0,4080.55,0.0,1.2,0
28.0,65099.93,97357.79,17400.0,4609.11,0.0,3.2,0
50.0,163792.46,183055.4,44000.0,35626.16,,17.9,0
23.0,86649.14,186371.36,19600.0,6349.32,1.0,4.3,0
64.0,67840.11,129338.5,13400.0,,1.0,30.7,0
32.0,16902.18,13849.3,6000.0,2167.01,1.0,6.1,1
49.0,21931.4,2849.74,3900.0,1916.82,0.0,29.5,0
68.0,71334.33,49047.76,30800.0,6725.86,0.0,36.0,0
28.0,130701.32,195729.29,50000.0,10422.4,0.0,9.3,0
40.0,58516.89,19519.16,23800.0,7962.44,2.0,11.6,0
43.0,37995.28,67982.99,16000.0,5454.86,0.0,6.5,0
51.0,,31608.04,4900.0,1430.91,2.0,1.7,0
,33855.24,15447.43,13700.0,1110.25,0.0,32.7,0
51.0,58605.78,90423.32,11600.0,3054.08,1.0,,0
46.0,32406.88,49940.05,5100.0,764.92,1.0,8.5,0
21.0,30373.7,37448.94,11700.0,1154.03,0.0,1.6,0
34.0,52539.98,126341.22,9100.0,1132.43,1.0,9.0,0
52.0,129190.97,,50000.0,10675.03,0.0,20.4,0
30.0,81701.83,84143.41,28800.0,1088.26,0.0,2.0,1
58.0,64313.39,148035.47,24200.0,6076.4,1.0,15.2,0
56.0,60663.16,65103.27,13600.0,6515.7,3.0,23.5,1
32.0,75410.82,,26600.0,2455.18,1.0,13.6,0
46.0,,87932.68,8300.0,3208.65,0.0,20.4,0
46.0,42334.22,75772.27,17000.0,5331.99,0.0,25.8,1
28.0,84365.71,7596.9,16900.0,2766.55,0.0,7.6,0
69.0,47323.53,59973.85,,6060.82,1.0,30.2,0
49.0,26551.5,24303.08,5800.0,2164.98,0.0,,0
19.0,128795.35,205001.12,22000.0,2890.55,1.0,0.7,0
64.0,17642.1,26016.9,5200.0,,0.0,28.7,0
31.0,,232988.02,27100.0,13769.09,1.0,7.8,0
37.0,73414.24,140088.41,27100.0,20098.82,1.0,9.3,1
,30288.08,23104.1,6700.0,3805.15,0.0,11.1,1
28.0,54970.54,35404.62,13900.0,1533.87,,3.3,0
44.0,41884.95,43803.51,13400.0,5030.36,0.0,13.5,0
20.0,87959.82,,20700.0,5299.34,2.0,0.4,0
34.0,86921.33,152072.01,22900.0,3695.54,0.0,12.9,0
61.0,71454.64,111653.75,28200.0,3959.82,0.0,8.0,0
45.0,84781.26,46681.86,17300.0,817.95,0.0,,0
46.0,50569.33,114265.5,8800.0,2494.03,0.0,12.2,0
38.0,155905.46,182592.34,38700.0,3042.8,1.0,13.2,0
64.0,112889.43,52542.34,31300.0,16684.93,,20.1,0
33.0,40692.4,29397.81,12700.0,7732.61,0.0,4.2,1
54.0,88125.48,119572.1,23100.0,,1.0,20.1,0
37.0,83629.31,77690.4,32400.0,6934.98,3.0,6.6,1
23.0,46357.71,101846.38,7500.0,3194.63,1.0,4.7,0
36.0,44225.02,55793.63,12400.0,1094.42,0.0,16.6,1
22.0,112274.81,,29700.0,,0.0,2.0,0
20.0,53700.83,15777.57,18500.0,2107.15,0.0,0.7,0
18.0,,125074.19,27900.0,19220.39,0.0,0.0,1
55.0,125575.5,287624.88,38100.0,9542.69,1.0,1.4,0
32.0,247707.38,187732.45,,6329.85,4.0,6.6,1
,39498.78,15400.86,9500.0,2002.12,0.0,11.1,0
52.0,47451.33,55743.78,7600.0,1572.78,1.0,31.3,0
66.0,56636.13,143244.18,11300.0,7128.55,3.0,0.6,1
42.0,57413.91,92119.07,15400.0,1195.26,2.0,13.3,0
41.0,67901.47,114892.79,,5575.33,1.0,17.0,0
29.0,40372.05,71028.67,7200.0,3253.96,0.0,5.3,0
35.0,25343.7,3988.47,7100.0,1469.22,1.0,1.5,1
32.0,155172.88,177852.74,39000.0,4970.83,0.0,13.6,0
61.0,78217.56,17310.16,14600.0,2141.43,0.0,22.3,0
33.0,42145.3,38159.19,10100.0,4879.28,1.0,9.2,0
44.0,70422.48,156086.01,29300.0,11438.41,0.0,6.2,0
25.0,162717.41,287066.54,39200.0,20100.17,1.0,,0
63.0,33765.24,87438.69,12300.0,3399.31,0.0,19.3,0
42.0,61493.34,34067.37,20500.0,7601.49,1.0,1.8,0
34.0,23531.17,26972.38,6500.0,3614.5,1.0,1.7,0
46.0,50462.97,107492.13,11200.0,5350.01,1.0,23.4,0
25.0,78429.64,51863.57,20400.0,9572.03,1.0,1.7,0
32.0,27754.85,,,1197.13,0.0,2.7,0
44.0,48420.53,56336.3,12400.0,4573.23,3.0,13.1,0
63.0,87549.22,87103.9,18800.0,3116.51,0.0,,0
67.0,77151.02,191106.69,14300.0,2046.97,0.0,3.0,0
69.0,27049.42,38802.01,11200.0,7948.66,0.0,29.4,0
24.0,67796.44,154291.6,19100.0,,0.0,0.7,0
20.0,75752.85,177033.73,25600.0,8868.93,1.0,0.1,1
46.0,57802.73,25155.42,17200.0,2341.88,0.0,1.5,0
61.0,104151.68,196168.89,42900.0,9918.4,0.0,35.9,0
41.0,,30725.06,11900.0,4326.25,1.0,2.7,0
20.0,69389.49,19312.5,20400.0,2877.78,0.0,0.1,0
37.0,26926.87,59892.39,11500.0,1009.73,1.0,8.3,0
63.0,20735.96,17547.88,7600.0,2388.18,0.0,38.0,0
32.0,86564.7,84571.07,15900.0,9829.88,,3.7,1
42.0,54848.9,45266.47,11200.0,840.36,0.0,10.1,0
47.0,41025.51,29177.43,15800.0,8634.38,0.0,1.2,1
31.0,28592.69,34635.36,11500.0,3576.31,0.0,5.8,0
24.0,88988.41,103110.56,27900.0,7827.82,0.0,3.5,0
34.0,21920.8,23553.01,6900.0,1152.6,0.0,9.1,0
61.0,98294.81,233858.55,33400.0,8690.27,0.0,14.3,0
37.0,71011.59,,20000.0,3020.91,0.0,6.0,0
53.0,22591.41,2588.37,8000.0,872.61,0.0,3.7,0
26.0,58429.54,27141.46,10700.0,1076.48,0.0,,0
55.0,266261.7,495196.86,50000.0,14929.26,0.0,3.7,0
65.0,110597.3,170244.14,41500.0,6875.72,2.0,36.0,0
,32964.41,80268.34,11200.0,1834.9,1.0,20.3,0
19.0,83284.97,152012.32,20400.0,7422.3,1.0,1.0,0
41.0,23166.26,14472.0,4600.0,3222.37,2.0,19.9,0
25.0,23794.54,8788.5,6500.0,1611.82,0.0,4.2,0
28.0,52032.13,73225.1,18100.0,5484.5,0.0,7.0,0
30.0,75432.34,138972.28,25700.0,,1.0,3.4,0
34.0,88150.26,48699.53,23300.0,12197.23,1.0,10.1,0
25.0,88886.03,136740.38,29700.0,3035.12,0.0,3.2,0
38.0,72900.45,165327.87,28700.0,7675.42,0.0,9.6,0
35.0,20570.34,38975.69,3200.0,1559.84,1.0,12.9,0
47.0,52231.5,93305.52,14900.0,6576.28,0.0,8.2,0
35.0,96878.14,199673.08,36600.0,8500.77,1.0,5.4,0
63.0,70684.0,28722.29,22200.0,10329.83,1.0,41.6,0
64.0,60431.37,32333.04,20900.0,1538.5,2.0,2.6,0
48.0,66008.28,11557.84,20100.0,5270.63,0.0,14.6,0
55.0,65349.95,41714.38,29200.0,18028.63,1.0,33.8,0
49.0,16664.93,38793.17,2800.0,,0.0,18.9,0
28.0,,66320.44,32200.0,6158.2,0.0,5.5,0
62.0,50699.95,,9000.0,6541.62,0.0,11.0,0
42.0,82830.52,149278.0,16400.0,6070.81,1.0,8.2,0
50.0,15000.0,24658.67,4000.0,458.97,2.0,27.3,0
55.0,146766.06,210441.97,28900.0,7199.95,0.0,20.7,0
58.0,27069.23,36816.06,11900.0,3918.12,0.0,20.6,0
25.0,248899.53,285835.13,50000.0,,1.0,0.7,0
28.0,193212.18,485037.71,48500.0,42147.72,0.0,0.2,0
39.0,24466.26,3162.8,8400.0,2580.85,0.0,,0
68.0,88452.59,19734.93,27400.0,7906.69,0.0,18.8,0
,,38151.62,11600.0,1918.52,1.0,13.9,0
58.0,36914.38,39039.61,12500.0,8538.17,2.0,3.2,1
34.0,37417.75,41668.72,5600.0,3481.08,0.0,,0
29.0,70881.05,187456.02,26900.0,10634.64,1.0,10.3,1
63.0,65826.78,142540.75,24600.0,14979.2,0.0,25.9,0
49.0,26345.31,59568.15,8000.0,1779.19,0.0,,0
32.0,70542.51,78316.44,29700.0,13316.0,1.0,8.1,0
33.0,47931.8,32297.48,20300.0,3591.07,2.0,11.5,0
39.0,18172.56,38145.43,5600.0,3254.55,1.0,8.5,1
45.0,41755.26,88716.55,13900.0,4415.18,0.0,23.8,0
37.0,146716.31,208202.2,50000.0,,0.0,12.3,0
50.0,42609.45,100969.38,10200.0,5530.44,0.0,28.8,0
27.0,18009.92,43855.51,4500.0,301.88,0.0,,0
57.0,88316.31,113584.3,18100.0,9587.28,1.0,5.1,0
49.0,31054.34,21769.6,13000.0,4482.68,0.0,9.6,0
67.0,61614.8,93046.75,23000.0,13392.2,0.0,9.9,0
50.0,48864.58,,8900.0,1238.22,1.0,29.1,0
19.0,155905.0,130239.81,,16067.9,0.0,0.8,0
50.0,48885.2,79966.83,18100.0,4488.16,0.0,21.6,0
50.0,27261.93,51247.71,11000.0,3949.37,0.0,9.6,0
58.0,40892.07,23368.4,6700.0,1498.42,0.0,7.4,0
30.0,25919.07,41226.63,7800.0,3095.85,1.0,9.1,0
47.0,47783.76,41143.13,17200.0,3572.31,0.0,13.8,0
50.0,156666.47,348542.12,49000.0,,0.0,7.2,0
30.0,,209945.78,40100.0,5193.92,1.0,7.4,0
69.0,184372.66,413714.39,50000.0,,2.0,2.1,1
43.0,72225.62,37472.94,18900.0,1417.48,1.0,8.2,0
39.0,59033.49,8860.85,23900.0,,1.0,9.8,0
56.0,29763.09,,5900.0,,1.0,5.6,0
19.0,63691.14,69967.52,14700.0,8385.48,1.0,1.0,0
55.0,50100.35,24036.17,8200.0,1525.78,0.0,7.7,0
56.0,86437.46,27428.87,22400.0,7570.87,1.0,5.0,0
43.0,27629.71,36192.36,7300.0,515.44,2.0,5.1,0
63.0,55916.2,27001.64,21900.0,6015.18,2.0,34.6,0
67.0,21076.24,33982.06,7300.0,4122.72,1.0,20.8,0
32.0,66341.28,129153.28,18600.0,8527.16,0.0,7.9,0
51.0,81263.41,112823.24,28100.0,4121.61,1.0,0.7,0
59.0,20477.74,47356.42,3400.0,1092.1,0.0,1.4,0
61.0,24249.44,10513.65,4900.0,1082.46,1.0,19.2,0
66.0,24894.74,,8400.0,1080.37,0.0,39.2,0
57.0,48699.55,22640.94,16700.0,2772.69,1.0,34.5,0
28.0,23423.83,53223.37,9000.0,1930.93,0.0,0.9,0
,123883.16,294316.74,33600.0,5594.87,0.0,1.1,0
23.0,70381.93,77578.68,25800.0,,3.0,4.6,1
,77607.84,64695.86,27600.0,5374.71,0.0,3.1,0
23.0,20880.51,15382.05,9200.0,801.39,1.0,4.1,1
26.0,117701.48,260012.7,25300.0,7034.75,1.0,,0
56.0,79998.7,151235.24,25200.0,14749.07,1.0,35.5,1
48.0,35975.47,82624.0,11900.0,3424.63,0.0,22.5,0
49.0,21481.33,8875.43,9700.0,2564.39,2.0,29.2,0
58.0,51757.45,63874.22,10900.0,2279.24,0.0,27.1,0
67.0,40951.39,71733.26,12600.0,2507.08,1.0,,1
29.0,41984.0,96494.56,10700.0,2335.91,0.0,10.3,0
25.0,,36849.62,10900.0,2963.96,0.0,1.9,0
25.0,83521.68,71138.4,18300.0,5763.88,1.0,2.3,0
67.0,15000.0,35142.32,2500.0,906.11,1.0,34.3,0
45.0,127766.12,23691.39,41100.0,8508.54,1.0,20.7,0
37.0,98604.27,122168.18,24700.0,3942.77,0.0,17.7,0
64.0,61476.55,73101.5,12600.0,2614.55,0.0,9.4,0
24.0,49689.49,,12300.0,5462.74,0.0,4.8,0
28.0,103759.44,109979.74,17100.0,7530.23,0.0,7.4,0
37.0,52819.96,100589.99,,5170.77,0.0,1.2,0
33.0,45841.37,43720.74,14900.0,1676.36,0.0,5.8,0
21.0,107283.57,92215.23,42300.0,9161.53,0.0,0.8,0
23.0,190239.19,,50000.0,20841.15,0.0,1.5,0
39.0,30254.37,76128.65,12700.0,1346.25,0.0,20.6,0
43.0,69904.1,139605.18,20600.0,3405.36,1.0,16.1,0
20.0,28230.69,64359.78,9100.0,4627.64,,1.4,0
58.0,73202.42,,21800.0,3598.68,0.0,39.1,0
59.0,33965.18,75411.56,12600.0,7330.69,0.0,15.5,1
31.0,112075.6,286478.42,35900.0,11793.93,1.0,10.4,0
28.0,,97363.68,11800.0,2051.83,0.0,4.3,1
35.0,55708.45,94910.33,10800.0,2779.34,3.0,14.8,0
29.0,144158.56,262259.4,47800.0,12379.08,1.0,2.0,1
40.0,34898.47,80399.85,10400.0,1871.15,1.0,20.8,0
29.0,81707.85,141889.44,,,0.0,2.4,0
30.0,37046.45,71360.06,10000.0,860.19,1.0,3.9,1
42.0,111054.74,63403.78,33800.0,3431.46,1.0,18.1,0
,158269.3,366930.43,50000.0,5819.39,2.0,17.3,0
68.0,46270.31,54246.62,8000.0,2514.88,0.0,30.4,0
36.0,15000.0,7347.16,3800.0,,1.0,8.0,0
63.0,35850.68,77370.71,14200.0,5688.42,1.0,33.4,0
53.0,233183.69,218514.46,50000.0,10751.86,2.0,8.0,0
62.0,37976.83,17927.19,9000.0,446.54,0.0,2.6,0
25.0,156782.17,117347.75,50000.0,16908.72,0.0,2.1,0
46.0,37655.28,9782.53,11200.0,6492.5,0.0,13.3,0
49.0,37101.04,11340.59,11100.0,2935.07,0.0,5.2,0
68.0,86466.52,143711.72,38300.0,15606.22,3.0,17.7,0
61.0,80467.17,187569.08,34900.0,13313.84,1.0,17.2,0
35.0,,114353.33,23300.0,13055.89,0.0,1.0,1
23.0,54336.22,88820.01,10400.0,3775.93,0.0,2.9,0
35.0,100772.02,208389.53,25000.0,4393.43,1.0,,0
36.0,96461.58,89826.73,,3790.5,2.0,2.7,1
39.0,107949.29,185992.18,16900.0,9410.33,0.0,12.6,0
,37267.04,33718.96,10000.0,1070.01,0.0,23.9,0
49.0,100727.84,180698.83,43500.0,18850.51,1.0,13.0,1
58.0,39624.32,,16300.0,1253.07,,28.0,0
20.0,49302.95,123839.84,15000.0,3313.89,0.0,0.8,0
45.0,48699.49,10574.05,15600.0,1299.5,1.0,13.6,1
27.0,29766.46,38248.98,4500.0,,1.0,,1
68.0,19123.81,16156.03,4100.0,2468.33,0.0,34.6,0
52.0,112897.37,175742.48,17800.0,6159.95,2.0,22.5,0
46.0,35548.39,41381.87,,3317.81,3.0,1.1,0
32.0,46081.01,38668.44,8900.0,3339.79,1.0,5.2,1
50.0,34946.37,24517.47,14400.0,2672.7,0.0,31.3,0
24.0,46444.22,23348.5,15900.0,2158.49,0.0,2.5,0
,39992.94,79465.05,,1190.94,0.0,5.5,1
66.0,116710.33,73763.6,23000.0,8931.03,3.0,43.7,0
47.0,38013.53,77818.56,12900.0,4307.41,1.0,20.8,0
38.0,151559.34,216905.27,50000.0,33124.94,0.0,11.6,0
48.0,107319.2,31625.95,39200.0,12247.32,1.0,23.9,0
,40754.92,18098.73,10400.0,1242.22,0.0,19.9,1
37.0,65636.48,152171.7,21400.0,5653.91,3.0,8.7,0
54.0,73984.27,117480.48,18000.0,5983.26,0.0,17.1,0
21.0,89766.25,50604.69,40400.0,9237.44,0.0,1.2,0
45.0,95251.9,,35700.0,13445.66,1.0,26.1,0
61.0,60595.72,125648.8,20300.0,933.45,1.0,30.0,0
37.0,30556.91,31408.26,8500.0,6148.91,1.0,1.6,0
41.0,,116170.76,26700.0,5434.49,0.0,19.8,0
,47009.09,40055.87,11900.0,5568.83,1.0,23.5,0
66.0,15000.0,3111.2,2400.0,108.89,1.0,3.3,0
68.0,68471.1,75311.41,18400.0,6924.34,1.0,27.5,0
49.0,34875.29,68002.08,15000.0,2486.06,2.0,12.9,0
58.0,41149.5,48521.66,13900.0,1335.5,2.0,35.1,0
53.0,54372.44,58738.83,9500.0,3650.17,0.0,7.1,1
51.0,21328.76,21190.45,,1674.25,1.0,27.3,0
53.0,,70368.94,13600.0,2805.03,1.0,19.5,0
19.0,44800.54,36622.73,10000.0,980.66,0.0,0.1,0
32.0,32005.66,52674.08,7700.0,3690.68,1.0,13.6,0
51.0,55700.54,12861.95,18000.0,4010.3,0.0,16.9,1
53.0,19650.98,41003.39,6200.0,1338.47,1.0,10.2,0
,56691.3,25955.31,16900.0,1412.66,,2.3,0
56.0,71851.69,123788.87,26200.0,10003.68,0.0,32.6,0
59.0,65065.46,75432.83,15900.0,2253.3,0.0,12.5,0
68.0,86971.04,181199.17,33500.0,13020.32,0.0,9.6,0
68.0,109011.8,230225.05,22100.0,5077.53,0.0,6.5,0
29.0,51595.58,34914.48,19900.0,8574.89,0.0,3.3,0
20.0,104534.21,190080.68,36500.0,13109.71,0.0,1.6,0
62.0,51480.01,30389.18,18300.0,5948.08,2.0,20.8,0
35.0,35607.92,13706.27,10500.0,2667.97,0.0,3.9,0
57.0,42802.41,100564.33,15000.0,1017.04,2.0,6.5,0
38.0,,32418.3,11100.0,6285.2,0.0,,0
32.0,,77051.27,42100.0,17798.59,2.0,13.2,0
50.0,54223.94,18920.36,9000.0,1253.66,1.0,11.0,0
52.0,36163.51,43540.19,7000.0,1021.68,0.0,33.6,0
43.0,128869.56,305633.0,41600.0,9359.52,,12.1,0
25.0,22904.99,17964.12,8500.0,2843.63,0.0,1.3,0
53.0,36303.77,52182.43,6300.0,3004.24,0.0,31.2,0
65.0,92565.39,107155.09,39500.0,11937.99,2.0,21.6,0
47.0,156353.44,146699.38,50000.0,15358.81,1.0,20.6,0
40.0,72287.66,105409.56,24000.0,2010.61,0.0,21.6,0
59.0,62939.71,90876.75,18500.0,2935.36,0.0,2.1,0
61.0,45500.6,52612.26,16900.0,11733.77,1.0,4.2,0
31.0,75270.43,163060.24,18700.0,3004.58,0.0,9.4,0
31.0,58549.08,10028.75,17400.0,2245.81,0.0,3.7,0
19.0,34450.58,9740.95,14600.0,2399.67,0.0,0.2,0
54.0,45008.37,116502.95,19700.0,5019.33,1.0,1.4,1
22.0,32193.9,62323.19,13800.0,,0.0,0.1,1
55.0,54620.76,111862.93,12500.0,2084.91,0.0,28.7,0
62.0,59700.98,90977.34,13100.0,1022.73,0.0,5.9,0
58.0,144441.51,152478.29,34600.0,865.11,1.0,18.7,0
64.0,37856.64,63370.54,10700.0,3819.5,0.0,27.9,0
31.0,48607.54,12725.94,11900.0,1475.15,0.0,5.6,0
56.0,115324.92,229801.46,30200.0,11327.29,0.0,1.0,0
42.0,160019.92,229370.21,50000.0,13046.06,0.0,18.8,0
37.0,72029.18,177134.79,27300.0,,1.0,0.2,1
19.0,,77936.67,17200.0,3781.66,1.0,0.8,0
56.0,40789.88,18680.27,16100.0,3211.47,0.0,33.9,0
,17928.73,22353.68,2900.0,949.01,1.0,2.2,1
34.0,31049.53,5014.28,5100.0,525.9,2.0,8.6,1
42.0,57580.4,114905.67,22300.0,7600.34,0.0,11.4,0
45.0,48601.44,68576.96,15100.0,7602.62,0.0,,0
19.0,,86113.77,25500.0,13337.45,0.0,0.9,1
52.0,48188.63,117813.41,8000.0,1130.74,0.0,30.4,0
54.0,35044.21,85930.58,7900.0,3524.25,1.0,12.1,1
22.0,66489.98,170349.22,22700.0,11964.77,,2.5,0
18.0,243569.88,149588.91,50000.0,15034.67,0.0,0.0,0
57.0,44783.3,87432.29,19000.0,5862.91,0.0,37.5,0
29.0,58884.46,140829.6,17700.0,1658.81,0.0,5.6,0
53.0,90053.15,139485.72,28200.0,10964.06,2.0,15.8,0
62.0,38446.73,21318.38,,733.97,0.0,12.3,0
40.0,116268.16,244776.5,36200.0,7062.62,3.0,21.1,0
64.0,21006.26,48818.59,6400.0,2609.11,0.0,6.6,0
48.0,42419.51,80782.86,17900.0,6205.61,1.0,17.4,0
28.0,44948.27,40396.57,17400.0,7409.84,1.0,2.8,1
27.0,59319.58,38588.45,25100.0,10308.75,1.0,2.5,0
20.0,16599.22,,3600.0,1048.99,1.0,0.8,0
31.0,121983.85,157933.36,37500.0,10698.69,0.0,13.0,0
33.0,69461.68,127858.7,28000.0,11721.77,2.0,0.8,0
27.0,106265.81,41481.86,19500.0,11807.22,0.0,5.2,0
46.0,142603.23,61548.84,50000.0,13094.56,,2.3,1
27.0,34740.51,32736.35,7100.0,1218.93,3.0,1.4,1
29.0,15000.0,12209.49,5900.0,2505.98,0.0,4.8,1
47.0,107777.01,174929.9,36000.0,8053.74,2.0,14.8,0
58.0,45623.14,47689.16,9500.0,5768.28,0.0,10.4,0
18.0,27449.38,48657.42,8000.0,1720.98,0.0,0.0,0
,76556.15,155189.74,27100.0,8049.13,0.0,0.3,0
37.0,237550.18,122339.4,50000.0,11185.18,0.0,5.8,0
25.0,50749.45,123889.2,14100.0,7187.82,0.0,,0
60.0,,195430.33,40200.0,6782.63,1.0,39.7,0
29.0,29956.4,49432.06,9200.0,2491.82,3.0,3.7,1
18.0,19691.56,,5900.0,3086.76,0.0,0.0,0
37.0,,66525.98,15800.0,4214.4,0.0,17.3,0
45.0,,89279.87,32100.0,10018.61,1.0,0.2,1
60.0,40969.3,10721.93,8300.0,1935.35,0.0,34.0,0
54.0,150803.3,187828.13,46500.0,15843.82,0.0,34.1,0
64.0,18794.26,24512.72,7300.0,719.15,0.0,,0
54.0,25899.58,40720.82,5600.0,831.13,1.0,5.8,1
29.0,39115.71,7165.34,12100.0,902.99,,10.6,0
54.0,43746.28,9448.58,9700.0,5897.91,1.0,19.4,0
66.0,130511.0,151538.62,49300.0,14537.91,1.0,0.7,0
66.0,55799.42,27479.01,17800.0,1095.19,1.0,12.4,1
61.0,48253.69,94787.47,19600.0,3251.63,0.0,19.3,0
45.0,25285.74,42307.7,10600.0,,0.0,18.7,0
64.0,103982.73,86452.39,35800.0,1751.44,0.0,33.7,0
32.0,27392.25,4376.38,10100.0,1241.11,0.0,13.9,0
23.0,25215.98,12558.97,7900.0,1057.73,1.0,1.4,1
61.0,42610.04,76260.84,11300.0,2579.63,0.0,,0
,59749.52,154922.64,20600.0,7017.95,0.0,10.1,0
,35168.79,34434.34,14900.0,5731.3,,19.9,0
31.0,82802.25,169577.35,22800.0,3559.61,0.0,2.2,1
19.0,45716.48,105319.87,11200.0,6218.37,0.0,1.0,0
26.0,101891.25,16214.47,27200.0,3941.45,0.0,6.8,0
54.0,73355.03,173000.74,20600.0,4977.08,0.0,17.9,0
37.0,158718.52,191202.88,27300.0,6215.37,1.0,11.5,0
43.0,41550.41,100705.29,12400.0,543.64,3.0,5.7,0
46.0,89893.65,134862.61,26800.0,13830.74,1.0,15.2,0
18.0,18544.22,,6100.0,1751.22,0.0,0.0,0
52.0,300000.0,734418.11,50000.0,3416.88,0.0,17.5,0
23.0,87235.61,64471.65,29100.0,11409.52,,5.0,0
54.0,45352.28,,18800.0,1526.58,0.0,22.0,0
22.0,46375.42,24371.4,20200.0,4299.13,2.0,1.5,1
50.0,46713.39,81243.94,15200.0,2442.24,0.0,24.7,0
66.0,163410.71,175483.21,26600.0,7459.58,0.0,8.2,0
68.0,92886.14,232199.34,40900.0,6481.8,0.0,19.2,0
31.0,41523.26,23376.0,15000.0,4195.09,,4.5,0
29.0,25763.42,27688.48,6500.0,1358.61,0.0,4.7,1
59.0,111041.89,,21600.0,8397.83,0.0,32.1,0
37.0,89601.68,221459.37,17300.0,2468.29,1.0,9.2,1
67.0,82770.12,70534.53,16600.0,7657.57,2.0,38.9,0
41.0,51521.44,52189.58,8400.0,1071.16,1.0,13.3,0
60.0,,58993.05,19000.0,6738.64,1.0,14.4,0
51.0,148915.47,114249.82,46500.0,20172.29,0.0,26.7,0
42.0,157465.48,338933.36,50000.0,17170.48,0.0,5.7,0
67.0,79544.74,23903.83,31700.0,5609.41,0.0,11.0,0
46.0,96945.53,183512.08,37600.0,12696.5,0.0,14.1,0
56.0,62421.12,88122.96,25900.0,4801.85,0.0,9.9,0
48.0,23813.51,16399.79,10500.0,1996.97,1.0,0.3,0
64.0,30096.2,40590.08,8500.0,3509.27,0.0,29.8,0
60.0,107765.1,227694.7,46900.0,4095.83,1.0,21.5,0
,116334.3,146148.3,42700.0,16597.96,3.0,21.8,0
40.0,101974.31,32924.04,,1847.94,0.0,,0
61.0,66678.07,8727.88,23600.0,1926.39,1.0,24.6,0
55.0,104274.21,220005.09,37100.0,17244.85,0.0,31.9,0
37.0,52319.14,49522.89,,6302.94,0.0,2.6,0
40.0,,189446.07,20600.0,6327.02,1.0,12.5,0
62.0,47915.32,76801.84,15600.0,2874.83,1.0,38.2,0
,28736.65,32278.33,4400.0,934.99,1.0,29.7,0
33.0,91011.68,133979.06,22700.0,5546.81,0.0,10.8,0
67.0,116433.39,139485.2,19600.0,6421.44,0.0,,0
59.0,239037.39,551226.26,50000.0,9919.47,0.0,3.8,0
25.0,63476.02,86909.95,25100.0,14226.44,0.0,3.2,0
67.0,28891.83,9368.8,,1852.26,0.0,19.3,0
,44486.26,74770.56,,8365.03,2.0,17.3,0
18.0,49934.39,82961.71,10500.0,5191.26,1.0,0.0,0
25.0,59224.98,121135.88,11000.0,7819.23,0.0,6.8,0
46.0,71863.64,175752.99,,8080.0,3.0,26.8,1
49.0,67358.31,75542.88,11700.0,929.8,2.0,7.7,0
55.0,86357.36,83310.57,28200.0,7299.55,1.0,12.9,0
,60989.31,75435.67,9700.0,606.21,2.0,3.6,1
64.0,,35152.6,2700.0,1395.14,0.0,44.5,0
39.0,62086.28,161358.92,19600.0,9250.27,1.0,9.3,0
64.0,57070.26,143180.49,18700.0,4608.9,0.0,14.8,0
51.0,75369.66,46742.98,12000.0,3462.8,0.0,17.4,0
18.0,43613.01,58174.37,14000.0,3996.61,1.0,0.0,0
43.0,61952.02,46364.29,,6176.94,0.0,6.8,0
60.0,75640.36,79833.71,27700.0,10247.83,1.0,30.9,0
27.0,49216.03,7938.52,9300.0,4040.11,0.0,0.5,1
47.0,81269.2,48048.12,26600.0,15418.3,2.0,1.4,0
67.0,56504.47,63127.58,19900.0,7036.16,2.0,18.9,1
35.0,59515.69,58366.2,9600.0,4102.08,0.0,6.0,1
34.0,15000.0,11445.17,6100.0,988.95,0.0,5.1,0
43.0,27273.41,18327.6,11500.0,2624.28,1.0,12.3,0
25.0,27317.98,55990.64,11100.0,4840.75,0.0,2.2,0
64.0,61685.2,52241.67,24500.0,6818.28,,8.8,0
,116191.98,214205.65,43400.0,8968.89,1.0,12.1,0
66.0,50460.74,49092.76,17200.0,2590.02,0.0,46.8,0
29.0,90127.35,185251.74,31900.0,4551.08,1.0,4.5,0
44.0,79933.6,46098.15,31300.0,12679.24,0.0,11.6,0
25.0,58920.01,34063.76,20500.0,10848.7,1.0,4.0,0
42.0,76449.53,139050.6,19000.0,9149.04,1.0,23.6,0
63.0,62790.95,146557.04,16500.0,2936.05,0.0,10.9,0
21.0,49743.33,23632.87,20800.0,5851.28,2.0,2.0,0
50.0,68504.05,16592.66,,3970.0,1.0,22.9,0
,129053.05,310616.48,46400.0,9072.02,0.0,0.0,0
36.0,71944.44,30894.95,31400.0,9792.4,0.0,1.6,0
48.0,61745.89,44520.57,22300.0,5872.75,1.0,20.3,0
33.0,,80677.15,14300.0,6314.76,0.0,1.0,0
31.0,126693.38,274601.58,45100.0,20290.63,1.0,7.7,0
65.0,23289.8,21586.85,3700.0,1629.95,0.0,34.8,0
22.0,19464.78,48948.65,7700.0,2499.47,0.0,0.8,1
,67702.37,103135.23,15900.0,6989.65,1.0,33.7,0
43.0,31937.75,7465.01,9100.0,1696.39,1.0,0.8,1
45.0,104136.66,192696.0,25400.0,9658.41,0.0,22.8,0
19.0,19727.65,27762.2,4500.0,1264.15,1.0,0.5,0
67.0,96479.31,155237.49,27000.0,17130.24,0.0,10.7,0
23.0,88662.22,224578.43,23400.0,4229.71,0.0,0.7,1
26.0,58151.65,23458.23,19800.0,1285.84,0.0,7.6,1
50.0,15371.29,26307.42,6100.0,1067.92,1.0,2.3,0
58.0,19264.48,22771.14,4600.0,,0.0,,1
42.0,62564.99,43156.01,13400.0,628.53,1.0,8.3,0
65.0,47113.97,85519.07,16500.0,3829.95,0.0,29.2,0
30.0,83817.59,144001.34,29400.0,3981.37,0.0,6.5,0
26.0,52003.7,116570.69,21900.0,5218.4,1.0,1.0,1
30.0,,112059.85,7600.0,3607.83,1.0,3.5,0
48.0,15000.0,24126.36,6100.0,3058.13,1.0,7.2,1
58.0,88739.41,86891.9,27200.0,14664.11,0.0,8.5,0
28.0,36699.28,51016.03,12300.0,2427.98,1.0,4.1,0
21.0,42662.54,41650.88,7600.0,3334.04,1.0,2.1,0
51.0,28513.49,21746.95,8000.0,1975.98,0.0,7.2,0
,,30770.42,4700.0,1124.87,0.0,13.6,0
63.0,131043.25,222733.99,29700.0,7189.41,0.0,17.6,0
21.0,87316.32,146062.42,26300.0,17146.14,0.0,2.9,0
55.0,88185.46,214336.39,34700.0,3921.58,2.0,35.3,0
36.0,47576.47,39229.68,17800.0,3709.55,0.0,14.4,0
23.0,,19274.35,6300.0,1498.53,0.0,1.2,0
51.0,,323750.48,50000.0,4568.84,1.0,2.2,1
35.0,69799.0,107051.24,19400.0,2290.16,1.0,5.4,0
30.0,58810.37,12782.0,26000.0,12508.03,1.0,3.2,0
58.0,43674.52,38394.72,13900.0,4297.43,0.0,20.2,1
40.0,15887.16,11179.84,3600.0,1100.95,1.0,17.1,0
36.0,107466.58,236191.38,23500.0,10534.43,1.0,15.4,0
62.0,28720.83,63209.35,9600.0,1010.89,0.0,37.2,0
,75202.63,57460.51,23100.0,4086.73,0.0,3.6,0
18.0,86034.22,25195.03,13100.0,3241.0,0.0,0.0,0
41.0,66203.89,41051.09,26400.0,7088.17,3.0,7.2,1
24.0,71824.73,42032.57,25900.0,10327.63,0.0,0.4,0
42.0,121500.28,94056.93,42300.0,21935.77,0.0,16.8,0
38.0,33676.34,22311.28,5700.0,2556.33,1.0,,0
32.0,59796.45,78283.52,15500.0,6551.9,0.0,5.7,0
18.0,47331.76,44347.71,20400.0,6524.74,1.0,0.0,0
29.0,17966.44,28021.5,7300.0,2876.49,0.0,7.6,0
24.0,64331.2,59502.91,15200.0,4156.43,2.0,4.6,0
32.0,114777.45,236909.73,22600.0,3143.38,1.0,4.3,1
38.0,123723.0,301322.72,35200.0,7235.48,1.0,16.2,1
36.0,165129.67,191280.18,42400.0,24532.88,3.0,5.3,0
46.0,18690.46,3803.31,6600.0,1491.84,0.0,12.5,0
,143943.57,100909.39,50000.0,,2.0,17.4,0
50.0,60530.57,23538.17,15700.0,8124.34,0.0,22.2,0
,141539.98,123785.43,23900.0,1790.74,0.0,47.4,0
49.0,,74809.03,17900.0,5862.03,3.0,,1
,39399.95,52956.51,,1844.15,0.0,31.8,0
52.0,26129.92,18597.56,11400.0,2731.75,1.0,20.7,0
61.0,86300.14,171206.8,30200.0,,0.0,39.3,0
55.0,73768.39,32984.93,31900.0,8737.13,1.0,5.8,0
43.0,27716.81,18716.54,5800.0,2904.38,1.0,18.8,0
28.0,15000.0,26240.26,2400.0,888.49,1.0,5.7,1
52.0,69504.53,37194.69,20600.0,2922.98,1.0,9.3,0
25.0,74421.65,130145.2,21200.0,3858.6,1.0,3.3,0
63.0,29966.31,74317.97,7500.0,1129.65,2.0,15.0,0
31.0,26563.75,57320.13,11600.0,2110.48,1.0,7.5,0
27.0,80299.68,32664.66,31900.0,542.67,0.0,8.0,0
19.0,165022.35,232562.37,50000.0,17827.69,,0.6,0
63.0,40255.66,43304.41,8000.0,802.33,2.0,28.4,1
,,80924.53,,,1.0,4.1,0
20.0,64816.47,159492.65,23900.0,3220.03,0.0,0.1,0
38.0,79312.56,27663.42,22000.0,2459.46,2.0,4.7,0
43.0,43539.59,107911.74,18600.0,8997.32,2.0,12.3,1
25.0,182600.26,94524.22,36500.0,6228.62,1.0,2.2,1
65.0,93061.06,79079.77,21400.0,4758.53,0.0,8.5,0
19.0,43098.25,41498.91,7300.0,3420.75,2.0,0.5,0
23.0,20837.51,15560.29,8100.0,618.65,1.0,1.6,0
,119569.5,271002.84,40200.0,15948.01,0.0,7.0,0
46.0,110764.18,95190.23,27100.0,3828.5,3.0,13.0,1
43.0,45177.22,96083.29,9000.0,3838.36,0.0,3.3,0
42.0,66859.27,170007.66,10800.0,3799.39,1.0,22.3,0
29.0,49499.51,107437.12,9900.0,3393.91,0.0,9.5,0
22.0,,70264.74,21200.0,6193.78,2.0,2.8,0
51.0,29290.84,53937.75,,1854.8,0.0,3.5,0
65.0,26889.43,38314.48,6100.0,2422.24,0.0,36.5,0
54.0,88125.59,190532.73,36400.0,17251.87,0.0,29.1,0
32.0,95089.03,45641.34,29000.0,9246.63,1.0,10.7,0
,40357.19,73956.66,14900.0,9573.36,1.0,4.9,0
53.0,34562.6,,5600.0,579.09,1.0,22.5,0
32.0,107854.66,217803.27,28000.0,,3.0,11.7,1
60.0,35271.92,85925.69,10400.0,,1.0,24.2,0
65.0,56007.83,8912.81,11500.0,734.07,2.0,30.4,0
40.0,51903.99,47662.95,9700.0,2794.63,0.0,10.1,0
23.0,22468.2,28488.76,9200.0,1720.51,0.0,2.6,0
63.0,60795.35,61631.12,26300.0,14550.66,0.0,1.5,0
67.0,,,10000.0,4752.66,1.0,31.3,0
61.0,67246.13,38460.67,17100.0,8850.75,1.0,3.5,1
60.0,59571.86,122998.42,26100.0,1925.85,0.0,18.3,0
62.0,195128.28,458990.79,34100.0,16015.91,1.0,12.9,1
38.0,108771.75,29514.33,37300.0,7127.1,0.0,10.9,0
40.0,55452.68,27824.74,24500.0,6350.84,2.0,2.9,0
60.0,58579.7,38094.11,26000.0,4637.34,0.0,29.0,0
33.0,156087.42,215001.09,45500.0,16384.73,1.0,11.9,0
64.0,,183739.58,18100.0,3885.07,0.0,7.5,0
32.0,25915.55,6207.07,5500.0,1577.55,,1.5,0
,95737.84,,39900.0,8352.22,0.0,3.5,0
53.0,114197.04,51561.12,48400.0,8926.95,0.0,30.7,0
28.0,143004.34,363801.3,47500.0,16494.86,1.0,5.3,0
68.0,42578.51,97631.73,16200.0,1960.65,1.0,23.4,0
32.0,40754.83,99883.36,15200.0,3133.14,1.0,1.5,0
21.0,30788.95,11448.27,10700.0,3276.58,0.0,1.9,0
38.0,65177.95,81287.85,26000.0,1764.82,0.0,17.4,0
30.0,84096.53,49147.36,29900.0,14405.7,1.0,9.9,1
39.0,39815.14,61876.85,12400.0,2118.75,0.0,13.1,0
36.0,49757.22,30921.52,11000.0,1970.39,,1.4,0
51.0,15800.06,33054.11,5900.0,,2.0,3.7,1
31.0,134009.96,226106.72,39100.0,10349.81,2.0,0.6,1
21.0,,31260.29,5100.0,987.72,0.0,0.8,0
65.0,67837.33,142519.73,26500.0,2566.71,0.0,6.4,0
69.0,62501.94,,22400.0,9548.73,2.0,13.3,0
63.0,55686.04,45413.58,24000.0,7846.14,0.0,17.3,0
44.0,56459.46,89123.2,,1511.46,,24.5,0
46.0,29523.19,72760.17,10200.0,,0.0,17.1,0
64.0,44496.28,68554.19,9900.0,1680.8,0.0,38.4,0
45.0,96893.76,157092.0,40800.0,4576.51,1.0,19.2,0
52.0,115739.04,278433.16,20800.0,7965.29,0.0,,0
25.0,42085.54,60268.97,14600.0,6054.89,0.0,5.2,0
,21242.27,56396.97,8200.0,3484.73,1.0,4.1,0
59.0,33955.15,15413.07,8700.0,1859.7,0.0,26.2,0
53.0,164656.75,227260.2,50000.0,6192.11,3.0,11.9,0
47.0,35189.86,21760.39,14300.0,3030.51,0.0,28.9,0
35.0,,,12200.0,3723.33,3.0,4.5,1
19.0,126696.21,63479.32,19300.0,9451.65,2.0,0.3,0
,39492.36,27373.8,9400.0,5403.33,2.0,44.7,0
30.0,49054.09,32311.08,11500.0,6459.57,0.0,0.3,0
21.0,87264.5,73709.65,36400.0,3891.21,0.0,2.1,0
43.0,151309.72,52400.03,50000.0,1482.4,2.0,18.1,0
42.0,36778.51,75842.47,6300.0,1426.47,1.0,20.1,0
47.0,124898.56,72864.67,36400.0,3959.51,1.0,28.3,0
28.0,45756.21,49067.14,14400.0,1415.59,,9.8,0
24.0,31838.86,3840.65,,2562.55,,0.4,0
48.0,62927.2,,16600.0,3695.29,0.0,24.7,0
61.0,27050.46,,6600.0,1604.59,0.0,27.8,0
27.0,71912.61,154271.95,22400.0,3766.01,1.0,5.8,0
56.0,300000.0,633306.52,50000.0,2614.68,0.0,4.9,0
30.0,105172.85,116004.39,38000.0,7846.36,1.0,7.8,0
48.0,50871.61,21607.48,9700.0,3607.73,2.0,29.5,0
24.0,101856.59,37972.34,40100.0,,0.0,5.5,0
66.0,30979.69,52246.44,11000.0,5342.98,2.0,21.1,1
59.0,34262.11,74058.27,14300.0,3119.15,0.0,1.6,1
59.0,51725.24,119449.88,14700.0,3053.29,1.0,14.9,0
53.0,57106.24,46715.68,23900.0,5494.73,0.0,28.9,0
,24934.77,21818.21,10200.0,1806.4,2.0,13.3,1
21.0,45076.37,14741.04,,3373.16,0.0,1.4,0
24.0,49674.49,98848.99,13100.0,2677.96,1.0,0.3,0
18.0,136650.71,101731.97,50000.0,7548.79,0.0,0.0,1
61.0,24934.13,33374.75,9100.0,3395.86,2.0,20.2,0
62.0,23585.11,56042.68,,1272.32,1.0,40.9,0
59.0,60199.86,114499.81,23400.0,1291.61,0.0,26.3,0
64.0,108069.08,20567.74,36000.0,6319.4,0.0,14.3,0
30.0,75429.66,6144.0,13900.0,4606.25,0.0,6.3,0
39.0,64965.14,132619.16,15400.0,,1.0,1.4,0
38.0,45562.27,65809.41,20100.0,2876.5,0.0,19.5,0
39.0,81280.63,150114.66,20000.0,3741.57,0.0,7.6,0
,88977.03,41301.69,15800.0,6419.29,0.0,12.9,0
26.0,46425.93,105985.88,16800.0,4771.8,1.0,2.8,0
43.0,30663.41,59733.94,,451.99,0.0,17.1,0
26.0,30783.27,71377.11,7300.0,2819.77,,,0
32.0,91788.34,83679.6,22000.0,5407.99,0.0,10.0,0
27.0,21449.06,16479.8,6200.0,1695.76,0.0,2.4,0
41.0,148187.78,63106.59,23200.0,6894.73,0.0,7.3,0
59.0,41205.4,99028.91,15900.0,3217.24,2.0,5.1,0
,65232.9,31072.47,16000.0,2234.77,0.0,4.6,0
41.0,82538.99,26898.08,33500.0,2277.27,0.0,0.9,0
33.0,35946.56,22454.2,14000.0,5138.9,1.0,9.0,0
66.0,41112.25,82934.7,14300.0,3651.6,1.0,41.7,1
43.0,58640.57,135814.26,14500.0,5408.01,0.0,22.3,0
44.0,32460.12,66730.26,9900.0,924.39,0.0,11.7,0
54.0,28550.08,43005.24,8100.0,2803.98,0.0,16.5,0
21.0,30131.63,77533.4,7600.0,2665.02,0.0,0.2,0
67.0,111914.2,23206.31,45300.0,3941.94,0.0,32.9,0
41.0,68785.96,153401.85,20300.0,4275.32,0.0,18.9,0
36.0,33661.15,37874.4,13500.0,1881.05,1.0,4.4,0
53.0,91459.88,106218.47,16600.0,2154.88,1.0,14.7,0
56.0,34799.1,14135.78,6700.0,3035.31,,31.9,0
27.0,16810.39,4390.13,7500.0,2985.08,,7.9,0
42.0,82296.63,67471.11,,2327.5,2.0,5.8,0
35.0,145471.95,77664.92,44100.0,14074.21,2.0,9.4,0
36.0,75721.98,96890.28,23200.0,5391.86,1.0,3.5,1
,17458.78,8909.98,3700.0,2479.45,1.0,3.6,0
27.0,53416.06,21421.12,19500.0,3002.23,1.0,8.2,1
50.0,45947.43,106896.18,8100.0,6158.85,0.0,26.3,0
67.0,,161332.31,21900.0,4764.77,0.0,37.2,0
22.0,32586.01,79657.9,10500.0,1108.0,1.0,0.2,0
64.0,44352.03,87434.34,18800.0,11980.18,0.0,38.8,0
66.0,23108.37,45817.0,7100.0,1274.66,0.0,21.0,0
52.0,61886.82,130688.23,,1378.08,0.0,11.6,0
61.0,23629.77,40108.68,7600.0,1183.24,0.0,23.5,0
51.0,70435.64,63626.69,12500.0,5474.48,0.0,3.0,0
50.0,34533.04,16376.39,7300.0,2875.09,0.0,24.2,1
38.0,15000.0,9950.2,2400.0,1052.45,1.0,11.6,0
34.0,87225.75,190606.97,26500.0,7342.61,1.0,3.0,1
39.0,72869.4,131369.09,12800.0,4558.62,2.0,4.0,1
65.0,121998.65,147025.24,35500.0,8009.07,0.0,8.7,0
54.0,15458.73,1751.3,6600.0,614.89,3.0,2.1,1
32.0,36580.49,26614.44,13400.0,2269.72,1.0,8.2,1
52.0,58627.3,,10200.0,5129.1,0.0,28.6,0
45.0,76345.44,101362.88,16600.0,3566.81,0.0,0.5,0
24.0,22522.49,28293.21,7900.0,3770.02,0.0,0.3,1
49.0,70184.02,64170.39,29400.0,9132.19,3.0,17.8,0
28.0,38443.08,59768.51,6100.0,1437.69,0.0,8.2,0
27.0,17799.98,44076.56,7000.0,1072.46,2.0,2.9,1
26.0,34530.26,80300.48,11000.0,,1.0,2.8,0
31.0,,8257.01,23100.0,2632.88,0.0,7.8,0
30.0,18251.84,25918.23,8000.0,3972.5,0.0,3.3,1
42.0,79398.21,71296.96,29700.0,5898.78,2.0,0.6,0
19.0,64217.23,86073.75,26000.0,4099.71,0.0,0.7,0
52.0,46522.18,76503.2,11900.0,5997.24,0.0,21.3,0
24.0,20310.26,12395.36,6400.0,2238.8,1.0,3.5,0
38.0,21312.11,42415.65,7100.0,773.49,,14.8,1
35.0,42655.48,53459.96,10500.0,2799.32,,11.5,0
20.0,27585.24,68815.89,8900.0,404.08,1.0,0.4,1
59.0,44344.54,6293.49,9800.0,3507.83,1.0,14.5,0
56.0,93312.49,48749.43,18000.0,4491.51,3.0,4.8,0
58.0,45990.37,88405.56,12100.0,9114.74,0.0,5.2,0
66.0,45239.82,83607.53,16800.0,4983.01,0.0,32.5,0
,45261.33,72452.82,19200.0,6576.29,,8.6,1
56.0,99512.76,247927.72,28600.0,6121.66,0.0,36.6,1
41.0,117715.02,137588.49,40400.0,15366.45,1.0,14.5,0
63.0,69784.01,76149.55,12600.0,3393.3,0.0,8.3,0
36.0,58803.4,145618.52,24800.0,11770.76,1.0,1.9,1
21.0,62176.82,90509.38,19900.0,6812.89,0.0,2.4,0
43.0,127614.74,127890.9,,15038.74,0.0,14.5,0
55.0,72095.84,135974.23,28000.0,6393.14,1.0,22.9,0
59.0,135058.51,211899.05,30700.0,2669.57,0.0,32.0,0
49.0,42131.42,38197.77,13000.0,5924.04,0.0,21.8,0
56.0,24310.38,20920.16,10700.0,2813.25,0.0,31.7,0
62.0,36263.4,38038.78,6400.0,2173.12,0.0,2.5,0
63.0,38650.76,7328.32,13700.0,407.9,0.0,33.6,0
53.0,141877.14,352870.1,,18530.62,1.0,29.8,1
57.0,84275.65,,20200.0,7620.41,0.0,11.2,0
54.0,36957.58,23851.28,15100.0,5943.09,0.0,23.1,0
50.0,87996.01,146385.41,37800.0,4043.42,0.0,10.1,0
53.0,50123.81,93655.2,18800.0,,0.0,33.5,0
20.0,144456.11,276249.59,31700.0,10148.63,0.0,0.1,0
26.0,44346.06,47480.97,11100.0,5898.22,0.0,4.6,0
25.0,21518.46,47124.61,3500.0,142.87,3.0,1.2,0
50.0,48433.61,68524.23,19300.0,2654.63,0.0,22.8,0
23.0,44360.62,52061.15,18000.0,3421.11,1.0,0.9,0
58.0,24198.94,,8200.0,3420.18,0.0,9.4,0
56.0,76998.95,53695.47,19700.0,6810.57,1.0,18.8,0
21.0,127367.42,280940.92,22000.0,7041.92,0.0,2.7,0
30.0,27625.91,41526.02,10400.0,4311.89,0.0,2.5,0
66.0,97112.58,233599.9,35700.0,15082.48,2.0,6.9,0
19.0,37647.49,21126.94,16000.0,2151.43,0.0,0.8,1
22.0,53378.8,129465.83,,4551.02,2.0,2.0,1
61.0,50118.06,95285.06,,9097.44,0.0,39.2,0
44.0,53379.04,88837.61,20000.0,6323.15,1.0,3.8,0
49.0,71958.84,82684.54,24400.0,6755.82,2.0,20.0,0
38.0,29304.33,,8100.0,3865.56,1.0,,0
25.0,117710.1,142195.46,49500.0,11560.9,0.0,1.1,1
55.0,73286.06,96120.91,,,0.0,25.3,0
25.0,89442.36,179549.59,,4802.0,0.0,4.2,1
67.0,33926.8,24301.11,5900.0,141.63,1.0,37.0,0
20.0,27754.01,22602.61,6600.0,2377.2,0.0,0.6,0
61.0,110153.27,219835.06,34500.0,6331.12,0.0,19.3,0
20.0,27047.52,9090.7,6300.0,396.29,0.0,0.8,0
39.0,59253.68,125510.63,12800.0,,2.0,20.7,1
23.0,99847.32,161785.65,30800.0,5730.53,0.0,1.5,0
19.0,50207.46,69725.37,10100.0,2060.3,0.0,0.3,0
40.0,,65972.26,42600.0,3355.94,1.0,7.8,0
61.0,46030.75,95566.55,13600.0,5073.76,1.0,24.3,0
19.0,,51091.17,8100.0,432.35,0.0,0.3,0
55.0,67812.62,89876.7,13200.0,8002.82,0.0,,0
,61021.26,61794.34,15100.0,2425.39,0.0,4.3,0
52.0,271790.21,,50000.0,28541.29,,30.5,0
51.0,30728.16,60463.73,12100.0,2523.17,0.0,3.4,0
40.0,46578.38,79688.27,17700.0,5226.68,0.0,14.4,0
47.0,34943.25,18441.29,7600.0,390.39,0.0,26.3,0
69.0,49737.24,108643.62,16700.0,9857.0,,8.6,0
25.0,,107843.03,10800.0,768.67,0.0,6.8,0
39.0,32100.28,9885.33,14300.0,5130.7,0.0,9.5,0
61.0,71749.96,155914.75,31300.0,17361.88,0.0,40.7,0
53.0,47644.08,105906.11,15200.0,4328.7,0.0,23.7,0
22.0,121453.87,323115.07,43700.0,22058.89,0.0,1.2,0
30.0,,30663.46,,8856.25,1.0,2.3,0
46.0,165516.12,178445.74,,24928.21,0.0,8.5,0
48.0,63928.75,166151.15,23000.0,11732.68,0.0,2.8,0
64.0,116168.86,40908.68,50000.0,13604.48,1.0,6.6,0
33.0,58062.31,78479.69,19100.0,2460.47,1.0,1.6,0
59.0,33914.82,,11600.0,1855.38,0.0,17.3,0
47.0,46253.27,73935.42,18700.0,3798.38,0.0,23.1,0
33.0,23574.93,22746.3,8300.0,3250.27,0.0,2.1,0
29.0,50669.52,121656.91,18700.0,4367.35,1.0,1.4,0
34.0,60069.39,43841.43,13200.0,3285.39,0.0,10.3,1
33.0,,91625.78,14600.0,1182.97,,3.0,0
29.0,120342.16,153718.62,23400.0,4516.3,0.0,1.1,0
25.0,49539.21,36669.6,14900.0,3642.62,0.0,1.2,0
37.0,17389.19,9296.41,5000.0,1086.37,0.0,17.6,0
20.0,300000.0,729121.36,50000.0,11699.77,,1.6,0
33.0,35797.56,,11900.0,979.04,1.0,5.3,0
47.0,96881.81,162233.71,37400.0,15895.94,1.0,19.0,0
62.0,21970.41,43955.2,5500.0,953.86,0.0,23.6,0
40.0,62763.4,18996.5,25100.0,6251.35,0.0,14.9,0
45.0,33633.32,61379.51,11300.0,1363.85,1.0,18.4,0
68.0,15000.0,6561.11,5400.0,368.35,3.0,31.4,0
57.0,45721.05,87297.76,10900.0,2658.83,0.0,10.4,0
22.0,52573.15,27968.14,,9392.91,2.0,0.2,0
37.0,47508.71,101852.08,16200.0,2975.33,0.0,8.7,0
57.0,62684.41,113034.91,20500.0,6312.15,0.0,34.7,0
61.0,46087.41,51475.79,19600.0,7014.08,1.0,24.5,0
18.0,56471.42,61259.23,23700.0,10599.5,2.0,0.0,0
47.0,59998.04,34058.02,26500.0,11716.69,1.0,28.8,0
38.0,53044.85,129842.06,18600.0,9953.62,0.0,3.3,1
37.0,48900.09,19623.58,21600.0,5133.35,,13.1,0
23.0,31691.63,43299.22,12700.0,5896.97,0.0,3.4,0
39.0,77394.22,51903.47,17900.0,6140.57,0.0,20.6,0
35.0,45715.91,117847.94,12700.0,3977.89,0.0,16.8,0
25.0,43551.72,67203.55,9600.0,3417.26,,4.8,0
56.0,73671.89,29864.38,11100.0,,1.0,9.3,0
49.0,61523.52,108476.21,12700.0,5798.99,1.0,24.8,0
50.0,35634.44,89649.14,5400.0,1310.56,0.0,3.4,0
33.0,114736.7,186742.17,42000.0,13190.5,0.0,11.7,0
29.0,26541.52,33190.0,7400.0,2841.16,0.0,10.0,0
55.0,29176.4,22437.84,7100.0,1046.42,,14.2,0
69.0,80903.5,26441.9,30600.0,7809.13,0.0,32.2,0
51.0,154922.67,93269.29,50000.0,4867.97,1.0,14.2,1
31.0,38313.54,62238.96,17000.0,9211.03,0.0,5.7,0
53.0,69403.52,132031.39,23800.0,1242.94,0.0,10.9,0
50.0,26491.57,59046.48,7600.0,902.06,1.0,24.4,0
40.0,31026.87,63421.63,7500.0,1855.61,,20.6,0
67.0,106864.71,43823.8,23200.0,10304.29,0.0,46.1,0
62.0,67471.31,133040.93,14400.0,2575.05,1.0,7.7,0
19.0,108873.06,164947.54,29700.0,6644.87,0.0,0.9,0
58.0,103962.47,125550.76,46500.0,3626.81,1.0,29.5,0
38.0,15464.0,22567.06,2300.0,424.0,0.0,5.1,0
19.0,26434.56,2117.57,5500.0,1583.9,0.0,0.1,1
44.0,63875.14,17558.53,13200.0,6742.83,1.0,7.0,0
26.0,19569.86,26612.69,7100.0,885.7,0.0,7.3,0
18.0,28779.45,18319.93,7400.0,5828.26,0.0,0.0,1
28.0,127539.38,185406.92,36600.0,11462.03,1.0,7.2,0
20.0,39146.27,36057.3,7600.0,1391.95,0.0,0.5,0
69.0,82965.42,197033.12,22500.0,8823.57,0.0,,0
,53268.43,129183.94,9600.0,2713.58,0.0,0.6,0
43.0,36027.52,92291.73,11200.0,4043.75,1.0,9.4,0
21.0,,46120.56,3600.0,1264.05,0.0,1.9,0
35.0,62316.48,166504.04,24100.0,12910.92,0.0,2.5,0
23.0,129671.98,240571.07,41500.0,11652.33,1.0,4.1,0
52.0,36646.88,92691.04,13500.0,4688.85,1.0,8.0,0
39.0,56452.73,92678.32,15600.0,2100.98,1.0,13.7,0
60.0,21766.49,,5800.0,,0.0,17.0,0
32.0,36195.67,13730.21,6500.0,1793.78,0.0,8.3,0
39.0,66471.53,124201.61,20400.0,10768.01,0.0,2.3,0
54.0,84645.69,201971.89,25800.0,4937.18,1.0,,0
69.0,75627.05,106997.47,22000.0,4891.83,1.0,46.4,0
59.0,16011.61,9341.87,6000.0,1863.66,0.0,11.1,0
29.0,41185.4,61007.67,16500.0,6757.38,0.0,9.0,0
64.0,30322.08,57309.32,11400.0,3719.52,0.0,46.0,0
66.0,45007.44,90466.62,8700.0,3851.1,0.0,10.1,0
59.0,50679.92,68622.02,17100.0,2269.08,,10.9,0
55.0,102725.04,62387.89,17900.0,6565.04,1.0,24.5,0
35.0,,158537.2,23200.0,8701.38,0.0,16.4,0
62.0,126842.21,,33600.0,22576.67,1.0,40.3,0
52.0,35606.87,24988.32,6800.0,892.4,1.0,17.1,0
,23150.09,51429.82,9500.0,4445.96,0.0,23.1,0
41.0,129721.56,127496.63,43400.0,14683.42,1.0,3.1,1
59.0,70268.1,57167.1,18000.0,2282.21,1.0,,0
47.0,34684.11,77036.38,5500.0,2198.77,2.0,28.0,0
31.0,70452.48,161119.8,21900.0,7315.84,1.0,2.1,1
23.0,89425.02,104298.64,38200.0,15213.12,1.0,1.5,1
20.0,58192.66,14049.46,19100.0,12751.36,0.0,0.2,1
33.0,34981.62,20462.33,15400.0,4146.41,3.0,4.1,0
24.0,41574.5,94941.72,7900.0,432.87,0.0,4.9,0
69.0,64496.93,147848.58,20700.0,2932.15,1.0,19.3,0
31.0,61042.94,75811.19,23800.0,6627.45,3.0,1.1,1
26.0,112123.48,103738.74,34500.0,18492.18,1.0,2.7,0
32.0,45910.72,38400.96,,3652.48,1.0,13.7,0
38.0,30386.19,,9900.0,,0.0,12.6,1
52.0,254290.5,225689.61,50000.0,19248.12,,14.1,0
19.0,60155.79,85032.99,22200.0,8096.7,1.0,0.2,1
44.0,89371.55,169364.24,33800.0,6035.26,0.0,25.6,0
19.0,74095.42,,28200.0,11143.75,2.0,0.8,0
52.0,60593.61,47373.86,21100.0,8921.29,0.0,,0
35.0,47256.89,,10100.0,7181.26,1.0,1.2,1
31.0,15000.0,26168.48,4100.0,1635.1,1.0,0.7,0
37.0,28625.9,63136.86,11000.0,4633.35,0.0,2.3,0
35.0,66004.06,97366.1,28800.0,7154.1,0.0,9.9,1
27.0,15000.0,5454.12,2600.0,469.29,0.0,,0
42.0,56555.12,67758.11,17600.0,4664.44,0.0,11.9,0
19.0,80558.45,37272.55,19600.0,11556.13,0.0,0.8,1
42.0,89318.79,,19400.0,10517.6,1.0,10.7,0
50.0,,122998.2,23400.0,8661.68,0.0,22.7,0
53.0,96281.86,242739.89,31900.0,12575.19,0.0,25.6,0
48.0,141969.4,310594.21,21700.0,13306.09,0.0,5.2,0
,104576.15,220806.99,40200.0,18328.93,,4.7,0
18.0,60967.66,113854.44,24100.0,3037.19,1.0,0.0,1
63.0,49972.5,115261.62,22000.0,3182.32,1.0,3.2,0
33.0,58033.91,114613.95,11900.0,5389.04,0.0,5.4,0
63.0,45922.07,72560.44,15100.0,591.68,1.0,24.1,1
69.0,105931.55,104344.37,29400.0,7766.55,0.0,50.8,0
20.0,76363.5,28414.37,19100.0,9143.3,1.0,0.9,0
52.0,43103.27,51100.81,13800.0,1420.7,1.0,27.7,0
58.0,119904.72,304846.91,46100.0,27631.92,0.0,17.3,0
23.0,45472.94,68483.98,7100.0,2195.77,0.0,4.0,1
42.0,30715.94,17805.87,13500.0,3637.82,0.0,14.3,0
30.0,53828.29,93450.49,21200.0,6110.95,0.0,10.6,0
51.0,33041.51,38624.27,12400.0,175.33,0.0,13.6,0
25.0,95008.67,230822.53,35900.0,9599.57,2.0,4.2,1
38.0,32621.95,14855.63,8700.0,1730.2,0.0,12.6,0
,50553.03,91659.03,19000.0,1673.15,0.0,13.8,0
21.0,95208.5,164588.71,25300.0,2352.84,0.0,0.4,0
42.0,35336.75,93030.93,14800.0,6143.02,0.0,2.2,0
32.0,69333.68,102936.88,14100.0,5018.29,1.0,0.2,0
21.0,,68301.06,7200.0,2473.95,0.0,2.6,0
62.0,62732.18,7646.24,19800.0,3770.34,0.0,10.4,0
29.0,76141.45,36617.99,18700.0,13225.06,1.0,2.3,0
49.0,52823.41,50512.97,14600.0,4828.83,2.0,22.8,0
49.0,55277.2,88211.5,16500.0,2624.79,0.0,9.9,0
45.0,70713.48,84146.72,28800.0,4756.81,2.0,13.7,0
30.0,45784.22,29196.57,14100.0,5995.85,0.0,2.0,0
48.0,92386.13,139530.17,23900.0,3444.54,1.0,28.8,0
31.0,123338.1,185103.63,27700.0,10364.67,0.0,,0
37.0,31086.51,41517.3,8500.0,759.2,0.0,16.4,0
35.0,156409.95,42402.73,47700.0,6993.04,0.0,6.9,0
46.0,45157.31,108916.64,16900.0,4261.7,0.0,21.3,0
23.0,179262.59,268581.39,,3158.34,0.0,0.7,0
49.0,45526.5,30908.13,9900.0,861.58,0.0,0.3,0
46.0,82820.19,147745.01,21900.0,5414.75,0.0,0.6,0
60.0,82553.87,66989.46,21300.0,1378.12,1.0,24.6,0
19.0,42942.32,55058.5,11500.0,751.92,0.0,0.5,0
40.0,56589.37,50992.35,22000.0,2731.27,1.0,11.4,0
36.0,128532.92,,31800.0,5719.53,1.0,0.1,1
48.0,44653.61,116115.02,13400.0,5152.97,,12.7,1
68.0,42170.34,19653.25,14200.0,2660.49,2.0,35.9,0
22.0,27117.1,4155.71,6000.0,2557.23,3.0,1.8,0
36.0,138764.19,95479.05,50000.0,19393.77,1.0,13.2,0
51.0,40600.44,68168.52,12800.0,8287.74,1.0,7.7,0
27.0,111300.4,55016.11,31600.0,6614.03,0.0,7.3,0
42.0,37766.85,83349.67,14800.0,6731.64,0.0,14.1,0
19.0,109223.42,117972.28,24400.0,6381.28,0.0,0.2,0
28.0,87902.71,145071.21,36500.0,10902.5,0.0,2.4,1
67.0,47237.38,57035.83,15000.0,3230.35,0.0,30.8,0
48.0,34871.82,83219.78,11600.0,4468.06,2.0,24.9,0
32.0,36613.84,5090.45,15100.0,1874.35,1.0,5.8,0
,36334.39,74293.19,,8046.34,0.0,2.1,0
40.0,102653.03,170364.67,33900.0,2996.06,1.0,19.1,0
36.0,59643.37,106653.09,22400.0,9804.93,0.0,12.0,0
26.0,27748.21,31621.2,7800.0,,0.0,3.6,0
52.0,46570.38,4003.11,14600.0,2178.11,0.0,16.6,0
38.0,50080.55,87644.97,8400.0,1351.08,1.0,4.1,0
26.0,15012.02,31339.93,2700.0,209.83,1.0,5.0,0
45.0,48150.76,16326.89,19200.0,6067.13,3.0,9.7,0
63.0,83609.78,100457.83,14000.0,8148.97,0.0,44.8,0
68.0,49882.39,25436.51,10000.0,5159.96,1.0,24.0,1
24.0,63110.61,102479.82,,6088.18,2.0,2.9,0
33.0,72454.05,142506.64,,206.0,1.0,,1
33.0,44109.86,78169.21,10400.0,4648.38,0.0,13.8,0
50.0,83989.98,73696.67,27300.0,6912.02,0.0,25.6,0
21.0,129896.15,,42700.0,2530.56,,1.4,0
,21713.4,,8300.0,2742.62,1.0,2.2,1
56.0,44050.42,37950.88,13300.0,2279.2,2.0,22.3,0
57.0,,41747.18,50000.0,29614.18,2.0,19.2,1
34.0,60014.37,93175.71,22100.0,7442.0,0.0,3.1,1
,53055.24,37476.89,15900.0,4758.08,1.0,16.7,0
56.0,46405.56,104055.77,15400.0,6464.18,1.0,9.3,1
69.0,116385.25,,48800.0,19616.11,1.0,,0
46.0,30841.12,35230.73,8300.0,1706.37,1.0,9.4,0
69.0,94438.56,70368.13,25100.0,10605.0,0.0,48.6,0
53.0,45887.56,79555.99,6900.0,445.65,2.0,18.7,0
55.0,34547.63,48683.31,11500.0,,0.0,23.4,0
56.0,,94989.0,7500.0,1728.09,1.0,20.6,0
67.0,52689.51,62138.54,15900.0,1728.36,0.0,6.3,0
54.0,40189.21,3715.12,15700.0,3232.0,0.0,13.5,0
69.0,105626.39,62574.17,33300.0,5748.1,2.0,5.1,0
52.0,34708.83,87613.14,8000.0,914.2,2.0,21.2,1
24.0,58926.42,71929.62,22700.0,12215.8,0.0,2.7,0
44.0,74791.5,118276.88,,2306.09,,20.2,0
45.0,58561.56,142917.99,21700.0,10432.47,0.0,6.0,0
39.0,86106.31,11473.87,28700.0,7055.72,,3.5,0
31.0,41766.99,73348.28,,4473.74,0.0,5.3,0
24.0,78713.99,58269.29,33200.0,1521.03,0.0,5.6,0
54.0,80124.5,59757.12,16800.0,3820.55,1.0,25.6,0
39.0,96845.48,62204.06,43300.0,,1.0,8.8,1
22.0,17476.37,37199.62,2700.0,1253.82,0.0,2.1,0
19.0,73528.45,71930.83,16800.0,3375.16,1.0,0.1,0
44.0,93037.87,22057.24,19500.0,6446.29,1.0,25.6,0
38.0,42324.65,12759.0,6500.0,2511.02,1.0,13.3,0
55.0,38999.62,17369.31,14400.0,2879.55,0.0,10.6,0
32.0,35567.0,83751.68,12700.0,3821.29,0.0,8.2,0
38.0,29167.1,37749.62,11300.0,6581.41,1.0,,0
27.0,80777.69,189389.12,18300.0,4398.25,3.0,8.7,1
40.0,213020.09,452694.53,50000.0,17345.65,,3.8,0
56.0,38808.24,84213.41,13500.0,2921.54,1.0,,1
22.0,40948.52,36884.07,11500.0,,0.0,1.0,0
18.0,54679.16,46712.0,19600.0,9623.89,1.0,0.0,1
30.0,20719.18,31319.38,7000.0,2308.99,0.0,9.3,0
38.0,35691.61,37982.29,6600.0,691.25,0.0,13.5,0
43.0,52355.94,72968.4,20100.0,,4.0,15.4,1
67.0,31686.41,10398.67,11600.0,6184.04,0.0,43.7,0
62.0,111130.98,280181.06,38500.0,,0.0,3.5,0
38.0,24927.07,4396.31,4900.0,771.37,0.0,6.6,0
35.0,93023.11,58476.15,21400.0,16887.54,0.0,4.2,0
54.0,130757.71,232115.29,35000.0,10415.42,0.0,35.6,0
62.0,68120.59,28808.61,15900.0,,0.0,17.1,0
49.0,49887.7,14998.46,10900.0,1669.72,0.0,22.7,0
53.0,62803.69,27719.71,24600.0,3599.89,0.0,24.0,0
34.0,41591.95,9773.32,14200.0,3334.86,1.0,,1
52.0,15968.27,12296.42,5100.0,2263.61,0.0,8.1,0
66.0,30105.06,21487.12,,1081.97,0.0,13.5,0
28.0,53814.19,76472.83,22900.0,9390.47,1.0,4.1,1
38.0,30809.79,35696.99,6400.0,1904.62,1.0,4.7,0
69.0,42282.4,57195.1,16400.0,7120.75,0.0,1.0,1
43.0,72222.54,123726.82,31800.0,12496.98,0.0,,0
21.0,59101.67,37114.78,21800.0,2989.26,0.0,2.9,0
51.0,102240.67,36217.09,45800.0,1786.49,1.0,11.3,0
69.0,64634.3,156403.53,22300.0,14389.32,0.0,17.3,0
65.0,66955.43,111587.44,14400.0,5472.9,1.0,0.3,0
35.0,35334.9,9185.5,7500.0,3826.67,0.0,11.6,0
57.0,24375.56,61962.43,6000.0,3397.0,0.0,32.2,0
52.0,42287.5,74472.35,6400.0,1202.01,1.0,5.0,0
58.0,35020.51,17292.36,12400.0,4010.43,1.0,6.4,0
46.0,49017.83,119941.93,11300.0,1179.76,0.0,,0
69.0,28577.56,32490.73,11300.0,,0.0,31.4,0
46.0,89813.74,229313.35,23100.0,8257.02,0.0,1.3,0
55.0,34943.06,9736.89,10300.0,714.97,2.0,23.0,1
59.0,43553.21,23019.57,19200.0,5601.64,1.0,12.7,0
38.0,53523.96,93387.54,11900.0,5418.3,,7.4,1
59.0,106287.84,7768.19,38900.0,1884.24,0.0,31.6,0
30.0,155626.74,41549.17,50000.0,34277.65,1.0,9.7,1
66.0,162180.5,330500.49,35100.0,9390.06,0.0,19.2,0
58.0,25107.52,11905.57,7500.0,1374.2,1.0,37.9,0
34.0,43309.0,,11000.0,2223.78,0.0,6.5,1
26.0,38637.1,44090.5,14700.0,2952.02,0.0,6.2,0
58.0,67655.6,149952.6,22800.0,2183.91,1.0,19.4,0
18.0,65223.14,75492.03,19100.0,7372.4,0.0,0.0,0
19.0,38185.03,52816.59,14700.0,2199.47,0.0,0.9,0
65.0,36418.72,29468.12,8000.0,650.52,0.0,4.1,0
46.0,29778.44,50604.52,11200.0,1613.3,1.0,26.2,0
50.0,15000.0,13744.38,6100.0,1811.84,1.0,26.4,0
27.0,24862.14,17244.35,10300.0,3373.13,0.0,,0
,91132.05,25914.93,35100.0,7449.91,0.0,,0
57.0,130460.1,29352.8,35500.0,,1.0,31.4,0
38.0,121627.04,105146.21,50000.0,12109.32,4.0,17.0,1
45.0,93483.51,182010.65,24700.0,9890.37,0.0,7.8,0
28.0,29520.34,17575.3,10100.0,2400.36,0.0,9.5,0
51.0,26669.25,22048.45,5300.0,2098.02,0.0,1.6,0
25.0,18276.77,43654.82,8100.0,2295.8,0.0,1.0,1
39.0,38180.56,,13800.0,3089.96,0.0,11.3,0
25.0,57083.12,137665.49,21500.0,6413.93,0.0,4.0,0
66.0,29594.07,67819.28,5000.0,402.06,0.0,31.0,0
32.0,70168.36,17229.55,26600.0,6105.99,0.0,0.2,1
34.0,80106.69,205329.62,30600.0,14073.03,0.0,15.4,0
40.0,40753.86,9066.13,14300.0,3851.88,0.0,1.0,0
41.0,24245.57,56967.16,5800.0,861.76,1.0,3.3,0
62.0,,177561.77,36800.0,7986.41,3.0,0.6,1
36.0,55330.82,77099.59,10100.0,3345.05,1.0,10.2,0
22.0,173637.25,321078.75,50000.0,11455.72,1.0,3.7,0
49.0,57264.0,130340.14,12800.0,4472.25,1.0,20.6,0
61.0,59714.36,95433.92,15200.0,3323.84,1.0,35.4,0
18.0,,32702.41,6000.0,400.98,0.0,0.0,0
40.0,42018.87,15793.63,9200.0,4039.97,1.0,11.9,0
54.0,21262.88,42841.57,3700.0,889.41,0.0,16.5,0
25.0,24193.16,12118.45,10300.0,4358.89,0.0,3.5,0
30.0,84516.24,167399.05,26100.0,13924.77,0.0,0.9,1
25.0,45727.26,,12300.0,2556.43,0.0,4.8,0
40.0,42041.19,42851.21,13100.0,2298.71,1.0,11.1,0
60.0,34743.38,,11800.0,1424.52,0.0,32.1,0
18.0,42988.41,87033.42,18300.0,4027.52,0.0,,0
62.0,106920.2,259268.79,21800.0,7701.7,,6.6,0
68.0,59073.22,41577.05,14100.0,2485.81,0.0,32.4,0
41.0,26688.58,69082.33,11800.0,5888.43,0.0,4.0,0
52.0,100531.94,252149.91,26300.0,10634.98,1.0,,0
41.0,152515.75,318822.94,23900.0,8594.27,0.0,14.1,0
34.0,72898.46,165419.47,14200.0,4780.94,1.0,2.5,0
22.0,92482.45,161107.4,14600.0,1013.92,1.0,3.8,0
37.0,112698.32,14175.09,50000.0,3159.61,0.0,9.8,0
38.0,20051.05,29592.39,4700.0,765.07,0.0,1.5,0
57.0,165804.1,341735.98,50000.0,32012.03,0.0,24.4,0
48.0,104745.45,271761.37,47000.0,25163.57,,7.6,1
63.0,,114038.12,24000.0,10439.73,1.0,36.2,0
53.0,,101668.71,8000.0,1901.46,0.0,28.6,0
28.0,24285.98,44013.99,4200.0,1207.6,1.0,9.8,0
69.0,44407.31,34225.18,13100.0,3050.93,0.0,25.6,0
32.0,70900.89,,19300.0,3880.84,1.0,6.4,0
,,55949.82,9300.0,3521.61,0.0,13.6,0
24.0,51955.96,32647.66,14600.0,2283.51,1.0,0.8,1
68.0,26632.17,17286.94,11500.0,995.27,3.0,27.3,0
45.0,43011.62,71900.95,13400.0,2658.02,0.0,14.7,0
68.0,24062.83,50378.17,8600.0,2910.12,1.0,4.5,0
60.0,22591.62,37181.35,9500.0,4291.79,,17.6,0
,66439.94,,12900.0,5818.73,0.0,3.4,0
22.0,,20721.56,8400.0,497.31,3.0,3.4,0
,40478.48,27631.68,7400.0,2088.3,0.0,2.9,0
,37046.67,60123.23,7100.0,,,2.8,0
25.0,277581.76,,50000.0,15602.31,2.0,1.8,0
27.0,77996.58,116317.87,19200.0,11148.88,0.0,7.9,1
55.0,83186.98,14289.49,,12130.46,0.0,4.8,0
64.0,34021.59,,15100.0,1440.66,0.0,33.1,0
49.0,73339.19,151357.11,14400.0,2188.42,0.0,3.1,0
65.0,47257.54,39164.33,14800.0,6492.4,0.0,29.3,0
45.0,33857.99,6023.55,6100.0,1435.94,0.0,9.6,0
34.0,172379.69,225731.48,42300.0,,2.0,12.6,0
48.0,76395.17,15190.23,23500.0,7139.09,0.0,7.0,0
25.0,74117.22,88528.56,32200.0,11443.55,0.0,4.5,0
57.0,30241.18,2468.25,8100.0,1121.17,0.0,9.2,1
42.0,25282.67,,4300.0,2357.44,0.0,17.1,0
26.0,52337.54,56479.02,13900.0,5603.99,1.0,7.0,0
19.0,38403.03,11534.85,7400.0,810.24,0.0,0.1,0
32.0,78243.78,26782.09,17100.0,4452.12,0.0,12.1,0
67.0,81434.68,,27300.0,3575.57,2.0,29.1,0
20.0,56348.0,8762.46,9600.0,2927.08,0.0,0.3,0
66.0,89021.03,155322.96,25800.0,1991.75,0.0,20.5,0
53.0,60838.78,126170.29,20200.0,2290.05,1.0,5.6,0
21.0,32112.04,12268.87,8900.0,1774.47,0.0,2.1,0
31.0,48099.89,24848.48,7500.0,1355.2,0.0,9.9,0
58.0,58773.12,97576.97,26200.0,3320.56,,4.2,0
58.0,94594.54,80054.74,24600.0,5408.62,,20.2,0
42.0,62005.01,82763.5,23800.0,8911.96,1.0,19.6,1
67.0,38450.6,84124.19,9500.0,3762.18,2.0,45.9,0
27.0,96732.31,38829.01,28300.0,5460.43,0.0,,0
38.0,68081.0,111310.25,18100.0,5843.84,1.0,,1
53.0,136954.53,338891.27,,16227.18,0.0,18.7,0
29.0,57088.99,9994.23,8900.0,1792.45,3.0,4.3,1
44.0,29074.09,7169.22,7500.0,2807.61,0.0,22.1,0
57.0,109774.95,161374.27,45800.0,9132.23,0.0,19.2,0
19.0,38327.62,,13700.0,6126.65,0.0,,0
30.0,64683.05,37096.68,12500.0,1444.41,0.0,5.9,0
49.0,60562.43,55935.28,19800.0,5851.37,3.0,26.3,1
48.0,55680.07,16538.89,23300.0,2807.07,,25.0,0
33.0,48928.14,50577.84,17600.0,6267.63,1.0,6.1,0
49.0,20104.79,3465.3,3900.0,1237.06,0.0,10.3,0
49.0,29695.11,30328.35,12200.0,1442.88,,15.2,1
51.0,106221.24,156296.83,25500.0,8785.33,,18.9,0
28.0,70072.13,179279.82,20100.0,8478.16,0.0,2.4,0
27.0,170344.52,376056.42,50000.0,27536.65,1.0,7.1,0
32.0,29067.53,62051.23,11800.0,2312.7,2.0,6.8,0
34.0,53188.97,34713.1,22800.0,4376.2,1.0,5.3,0
57.0,108870.69,41372.84,46700.0,17629.58,,4.2,0
35.0,38580.64,59890.65,5900.0,1723.13,2.0,4.1,0
26.0,40488.76,60549.36,17300.0,7798.76,0.0,7.6,0
,45433.09,60857.79,7600.0,2191.87,1.0,7.3,0
57.0,41472.73,12287.57,9500.0,985.42,1.0,6.6,0
31.0,74539.05,100185.16,22700.0,8150.88,3.0,,1
42.0,18617.81,9758.46,5500.0,2760.22,0.0,7.4,1
67.0,145166.34,170628.19,48100.0,17436.11,0.0,1.7,0
39.0,30460.99,7031.19,9000.0,2297.35,0.0,6.8,0
69.0,15209.83,36482.73,6500.0,3899.75,0.0,27.7,0
47.0,53844.54,9600.56,12000.0,7826.37,0.0,16.0,0
37.0,43198.43,102004.49,10000.0,561.28,2.0,6.8,0
38.0,48689.18,112292.61,20800.0,7258.87,1.0,8.9,0
61.0,65352.17,124305.45,11300.0,1344.02,0.0,41.5,0
49.0,79770.16,208273.23,26600.0,12327.69,0.0,11.7,1
68.0,149043.1,24479.14,50000.0,4425.39,1.0,12.9,0
63.0,35807.6,59393.81,10800.0,1958.68,1.0,11.0,0
66.0,86212.86,197610.63,30900.0,14558.72,0.0,22.0,0
38.0,82897.64,28643.86,16700.0,2403.21,0.0,15.2,0
52.0,15000.0,23928.47,6100.0,1999.41,1.0,7.0,0
49.0,32862.36,32820.5,6300.0,457.49,2.0,22.0,0
47.0,25029.53,29576.72,,2305.35,1.0,0.6,0
56.0,70879.44,163920.24,12200.0,2222.25,0.0,15.9,0
66.0,66349.77,96607.79,20800.0,7259.29,1.0,37.2,0
29.0,67154.86,20134.58,23600.0,4477.08,0.0,3.7,0
58.0,45100.32,111408.72,19500.0,,0.0,22.5,0
64.0,47913.19,26679.4,17800.0,4494.25,2.0,9.4,1
35.0,53255.24,125081.46,16600.0,6237.49,3.0,12.6,1
38.0,42588.18,105833.21,18300.0,2458.84,,1.0,0
30.0,86362.55,196681.66,25400.0,7150.96,0.0,10.2,0
38.0,,49086.92,9100.0,814.97,0.0,4.0,0
25.0,33891.23,63268.07,11100.0,268.36,2.0,6.1,1
63.0,58267.02,107814.9,15900.0,5866.95,1.0,15.9,1
57.0,43444.63,53776.38,17400.0,3758.1,1.0,28.2,0
63.0,27853.98,21282.67,5700.0,2173.47,1.0,,0
24.0,,61430.91,,8317.25,0.0,5.4,0
40.0,38431.3,74125.46,14100.0,,1.0,2.8,0
61.0,32635.87,57996.55,13700.0,,1.0,7.7,1
,48794.47,77334.47,20300.0,5986.7,2.0,15.3,0
28.0,31699.31,56057.73,9600.0,4339.61,1.0,,0
39.0,53076.59,107987.21,18200.0,5179.68,1.0,4.1,0
39.0,43659.7,83670.54,11700.0,1989.69,0.0,19.8,0
60.0,39833.04,13991.56,11600.0,3495.91,1.0,41.0,0
42.0,39982.61,44005.0,16900.0,7717.28,1.0,9.0,0
39.0,98456.4,71605.96,42300.0,,1.0,19.4,0
45.0,67611.3,109498.2,28300.0,18520.66,0.0,14.7,0
46.0,19428.22,3594.85,3700.0,611.84,,7.6,0
30.0,92022.81,188823.68,37300.0,13413.47,0.0,8.4,0
35.0,73860.56,20216.99,,546.57,3.0,11.2,0
19.0,71289.83,58070.21,18400.0,9699.7,0.0,1.0,1
46.0,92295.12,184338.2,,3730.15,2.0,7.4,0
38.0,54667.14,9101.07,21000.0,2054.48,0.0,13.4,0
32.0,78593.97,135144.2,,5424.64,1.0,0.7,0
69.0,40999.57,97302.28,,2544.25,3.0,5.8,1
44.0,90088.54,147332.5,25800.0,8227.28,1.0,0.1,0
67.0,61751.17,117623.72,22500.0,7605.14,0.0,49.0,0
48.0,23714.05,50378.34,9200.0,3408.7,0.0,24.1,0
32.0,,64446.8,30100.0,8388.2,1.0,,0
68.0,50144.15,75158.75,20400.0,2328.9,0.0,25.5,0
40.0,46125.74,36055.65,14500.0,416.98,0.0,6.6,0
41.0,41539.48,27713.91,11400.0,1804.14,3.0,3.5,1
61.0,43407.25,23441.84,7900.0,2556.83,1.0,12.2,0
30.0,62179.53,98208.29,16700.0,7203.79,1.0,4.5,0
39.0,29955.01,61623.65,11100.0,2123.12,1.0,15.9,0
60.0,21138.1,47218.29,9000.0,931.71,0.0,22.7,0
54.0,28604.54,32053.6,6500.0,1404.84,2.0,2.8,1
50.0,68120.31,64936.7,17500.0,1431.71,0.0,0.6,0
20.0,49160.08,88015.47,9600.0,,0.0,0.2,0
36.0,105653.05,206778.08,37700.0,659.75,0.0,7.4,0
40.0,52106.88,37334.37,22800.0,4335.17,2.0,20.5,0
46.0,89815.05,80216.04,30700.0,13463.05,,17.8,1
47.0,35750.2,49859.9,12000.0,2187.61,0.0,23.3,0
56.0,41727.46,47564.93,13200.0,1207.21,0.0,17.7,0
61.0,54486.84,100149.51,9600.0,4009.15,0.0,15.6,1
64.0,49603.36,66208.24,18300.0,3647.86,1.0,5.0,0
,46900.38,14065.19,15500.0,980.09,1.0,21.0,0
54.0,32103.85,13951.52,11200.0,632.18,3.0,28.2,0
64.0,20924.22,49405.65,8800.0,2226.3,0.0,7.7,0
25.0,79111.22,49441.69,30500.0,4467.28,1.0,3.6,0
59.0,73980.45,27669.33,28400.0,18405.85,0.0,20.0,0
33.0,37484.34,,16000.0,5756.05,0.0,9.4,0
25.0,68004.58,128523.95,,,0.0,6.6,0
18.0,49027.29,79702.04,15900.0,6151.79,1.0,0.0,1
61.0,105208.89,134049.11,19200.0,1944.58,1.0,23.2,0
22.0,24652.76,63024.49,,3267.41,,0.2,0
20.0,50209.73,16075.55,19400.0,1033.68,0.0,0.1,0
18.0,47861.75,61200.81,7600.0,157.6,1.0,0.0,1
21.0,59675.07,88277.01,10000.0,4128.46,0.0,0.1,1
57.0,136254.9,13868.48,23200.0,6206.55,,29.0,0
52.0,50300.47,64455.04,18600.0,12646.51,0.0,24.6,0
49.0,84616.06,181123.07,25400.0,15528.99,0.0,4.2,0
59.0,49578.39,68977.65,12900.0,10586.86,1.0,34.3,0
51.0,103006.54,229107.81,18700.0,,0.0,5.1,0
60.0,85110.78,149826.61,31500.0,12628.26,1.0,12.6,0
42.0,,87071.15,10900.0,2119.29,0.0,6.0,0
27.0,42481.3,91486.66,9800.0,6048.26,0.0,3.4,0
38.0,72560.53,131056.1,25100.0,5979.84,1.0,5.1,0
63.0,36561.69,72202.84,11600.0,3706.28,0.0,22.0,0
56.0,60741.33,111614.62,15700.0,6029.4,0.0,15.5,0
44.0,43762.04,62806.72,15000.0,2583.18,1.0,,0
44.0,67566.1,102732.04,,7035.98,1.0,1.5,0
19.0,49187.24,29981.62,19100.0,6631.85,0.0,0.1,1
58.0,35755.21,76206.18,7800.0,,1.0,2.1,0
,105154.31,83403.28,20800.0,1346.82,0.0,,0
30.0,62550.76,91740.82,24100.0,7963.95,1.0,0.7,1
26.0,52462.23,36656.47,19000.0,,0.0,6.7,0
69.0,69702.62,126074.82,14300.0,,1.0,26.1,0
53.0,19876.38,50019.28,3700.0,1562.21,,18.4,0
39.0,189873.04,390865.68,50000.0,10198.6,,11.8,0
59.0,,88565.61,21100.0,3463.46,0.0,7.0,0
,16682.18,24919.47,4100.0,,2.0,4.9,0
29.0,111107.86,149764.17,38600.0,13720.58,1.0,3.5,0
34.0,34515.61,,6500.0,1519.96,1.0,9.5,0
31.0,101339.14,102857.92,30600.0,14690.32,1.0,2.7,1
31.0,58275.7,61588.93,9100.0,2381.68,2.0,1.5,0
51.0,21115.26,50884.77,5600.0,1022.72,0.0,32.0,0
37.0,63370.71,68547.86,10900.0,1124.14,0.0,0.4,1
28.0,60634.89,94352.14,17700.0,5493.17,1.0,8.0,1
33.0,108127.12,261096.8,29900.0,11749.03,1.0,11.8,0
68.0,74109.45,105357.05,21000.0,9306.31,0.0,14.9,0
48.0,25754.2,16980.74,4200.0,791.02,1.0,4.1,0
23.0,98850.27,101638.19,25600.0,7481.8,0.0,0.7,1
36.0,42258.52,41805.45,15900.0,2131.12,0.0,12.6,0
54.0,152079.58,281513.41,39600.0,,2.0,23.1,0
21.0,43788.74,40932.69,,8515.81,0.0,2.3,0
,47725.69,88055.63,12400.0,921.81,0.0,43.1,0
21.0,33085.41,76726.24,9200.0,3173.84,,2.1,0
37.0,40168.61,37415.32,12800.0,,1.0,3.0,1
27.0,34277.2,13761.61,14900.0,2163.83,0.0,2.2,0
41.0,109740.01,179279.47,20000.0,4092.07,0.0,19.4,0
52.0,24369.68,22349.72,3900.0,364.95,1.0,7.1,1
43.0,87793.94,120614.22,29200.0,3412.35,0.0,1.8,0
54.0,89071.62,148441.33,38700.0,7225.93,0.0,25.3,0
55.0,123813.11,150658.0,50000.0,24448.2,0.0,14.9,0
38.0,55617.71,131087.45,16400.0,2513.98,1.0,18.4,1
57.0,29260.21,33518.35,8500.0,4286.33,0.0,25.4,1
56.0,48871.28,39977.97,16800.0,2423.53,0.0,3.4,0
38.0,77405.96,184647.4,24500.0,13256.05,0.0,19.0,0
27.0,57001.79,21503.28,,2079.67,0.0,2.3,0
55.0,67510.38,31611.26,27800.0,10647.78,0.0,12.5,0
63.0,122905.58,293783.43,46000.0,6277.1,1.0,18.1,0
21.0,76818.6,45484.99,23000.0,5353.34,3.0,0.2,1
,61026.59,29557.3,17600.0,6910.73,2.0,21.8,0
37.0,17914.81,24366.51,,,1.0,2.3,0
34.0,33849.84,5058.18,9700.0,1098.72,0.0,6.4,0
24.0,42497.26,68730.73,12200.0,2858.38,1.0,2.1,0
21.0,16543.23,20152.3,2600.0,1419.95,2.0,2.3,0
46.0,27845.84,46437.51,5600.0,,0.0,22.5,0
31.0,46116.61,37268.07,13700.0,4532.55,1.0,2.0,0
20.0,50846.63,122198.67,20200.0,7098.14,0.0,0.7,0
41.0,73385.83,52618.92,17100.0,2976.94,0.0,8.6,0
54.0,47897.78,,14700.0,6694.06,0.0,5.5,1
33.0,62870.0,155929.72,15900.0,7384.91,1.0,12.0,0
69.0,42164.18,44538.0,7700.0,2288.51,0.0,36.1,0
21.0,55559.4,23383.23,24300.0,961.33,0.0,0.6,0
41.0,71010.55,20984.8,28900.0,8845.11,0.0,8.4,0
51.0,131081.97,323187.28,22700.0,7601.54,0.0,3.5,0
47.0,39783.77,83298.7,14600.0,7341.39,2.0,18.2,0
35.0,59071.82,137618.87,15000.0,,1.0,2.1,0
36.0,91260.79,179658.27,40900.0,20218.13,1.0,17.7,0
48.0,22839.43,20693.84,,1140.52,1.0,23.4,0
36.0,179637.4,69638.1,39800.0,14392.15,0.0,7.0,0
,,278066.3,35200.0,22715.66,1.0,27.8,0
63.0,19401.52,24738.84,7800.0,990.46,0.0,41.0,0
36.0,67699.16,69005.61,14100.0,1897.3,1.0,10.0,0
39.0,38612.37,59976.23,14000.0,4201.43,1.0,3.7,1
41.0,42684.5,12507.33,7200.0,1136.25,0.0,8.7,0
62.0,66856.31,59999.09,28500.0,8318.52,3.0,37.1,0
29.0,101746.5,167002.41,17700.0,4748.26,2.0,7.1,1
47.0,40965.12,12285.57,17400.0,2031.7,1.0,18.9,0
55.0,41296.42,21659.13,12300.0,7696.53,0.0,32.1,0
48.0,67731.05,94328.15,19300.0,7871.52,0.0,26.8,0
53.0,76356.91,,33700.0,7526.05,1.0,,0
36.0,29605.67,14974.65,13200.0,1133.87,0.0,1.7,0
,152390.83,25104.33,50000.0,12499.84,1.0,25.6,0
62.0,36827.92,90060.12,6900.0,1823.47,1.0,32.6,0
53.0,96645.46,12423.67,29200.0,5781.07,0.0,26.5,0
47.0,71041.73,5157.18,,4792.73,0.0,17.6,0
66.0,77947.78,69167.84,23700.0,6158.64,0.0,8.0,0
50.0,37258.27,22221.63,12000.0,1501.08,0.0,25.5,0
35.0,19258.15,29321.89,3000.0,1706.36,0.0,12.2,0
69.0,53485.14,123817.73,19400.0,4250.51,0.0,4.4,0
66.0,53617.56,68867.77,19500.0,4378.22,1.0,22.3,0
45.0,30491.0,60089.34,5600.0,1142.52,0.0,4.7,0
64.0,93973.29,220185.6,30200.0,6577.96,0.0,15.5,0
28.0,52526.99,33836.61,16800.0,8965.13,0.0,0.2,0
,33341.44,45230.99,11800.0,4528.52,0.0,,0
50.0,76960.13,128404.48,13500.0,4870.0,0.0,17.6,0
34.0,78195.86,73463.6,26400.0,8583.86,0.0,9.9,0
23.0,35248.96,67650.12,8300.0,2461.39,2.0,3.3,0
21.0,113554.16,202974.58,34300.0,2745.96,0.0,2.5,0
37.0,208135.87,234390.77,50000.0,15278.71,2.0,4.1,0
65.0,28169.12,11211.92,10200.0,,0.0,5.7,0
64.0,48522.54,2551.22,9000.0,1147.85,2.0,39.2,0
44.0,66317.29,65956.8,21700.0,4721.14,2.0,4.1,0
32.0,212810.24,55277.47,50000.0,11614.74,3.0,13.6,1
23.0,34882.26,,6900.0,3330.83,0.0,4.2,0
64.0,30830.18,29213.76,12500.0,3445.45,0.0,23.0,0
31.0,30704.01,54162.35,11100.0,3032.63,0.0,12.8,0
28.0,112741.65,114193.89,43100.0,16565.54,1.0,1.0,0
56.0,35429.54,73685.07,8300.0,3185.74,0.0,11.5,0
26.0,,73279.64,7700.0,1029.38,0.0,5.1,0
43.0,62229.25,133677.97,26200.0,3383.28,0.0,8.8,0
33.0,65181.62,85340.73,16800.0,6393.8,1.0,13.9,0
,103013.19,26325.23,17400.0,4704.92,,0.3,0
69.0,57248.44,54213.74,18900.0,1014.04,1.0,28.0,0
27.0,62903.64,68289.56,11800.0,1539.99,0.0,5.3,0
67.0,50860.28,126040.01,19800.0,3943.04,0.0,32.0,0
20.0,24770.68,37246.64,8500.0,,1.0,0.5,1
30.0,,86761.56,19800.0,9761.45,0.0,,1
60.0,56257.81,115156.0,21700.0,5171.48,2.0,35.4,0
66.0,,61345.98,7600.0,2379.8,1.0,9.4,1
47.0,21190.91,34027.19,,2321.11,,,0
62.0,27419.39,19865.0,10500.0,3048.15,0.0,24.8,0
,52911.25,8128.59,14600.0,341.83,0.0,3.8,0
34.0,94812.06,193764.88,,22774.68,0.0,11.4,0
62.0,148653.07,326664.88,50000.0,11265.92,1.0,9.1,0
68.0,48518.56,51815.68,7500.0,1841.54,2.0,28.4,1
36.0,35237.83,,14600.0,3516.95,0.0,15.6,0
59.0,43325.4,34246.93,7800.0,963.79,0.0,17.7,0
52.0,28916.01,34321.3,5600.0,1774.84,1.0,32.9,0
63.0,86911.65,52713.76,32200.0,,0.0,20.3,0
43.0,195353.69,387110.56,50000.0,15993.83,0.0,3.6,0
68.0,35756.2,47830.0,11100.0,3857.76,1.0,19.5,0
22.0,26496.69,38982.02,6300.0,2737.43,2.0,3.8,0
46.0,99100.52,23363.53,25300.0,14174.91,0.0,9.0,0
54.0,65567.21,104725.18,16600.0,2702.86,1.0,31.3,0
37.0,66234.54,37584.9,16400.0,4027.86,2.0,16.7,0
66.0,140491.79,140541.82,31300.0,5882.32,0.0,16.8,0
38.0,23863.57,,7900.0,3404.13,0.0,1.7,0
27.0,23466.99,,9900.0,2460.0,0.0,6.5,0
22.0,49166.68,28598.63,11900.0,642.9,1.0,,0
53.0,56277.05,121973.15,11600.0,2368.91,0.0,27.4,0
23.0,43784.32,48616.12,17600.0,1783.3,0.0,2.2,0
43.0,237150.86,375889.35,50000.0,12968.82,1.0,12.1,0
21.0,44974.67,76342.74,19300.0,,1.0,2.3,1
56.0,38931.73,61002.84,7800.0,1925.43,1.0,14.5,0
56.0,58372.85,85512.31,11300.0,3889.84,,16.8,0
67.0,97006.39,203013.57,30300.0,3513.68,1.0,18.4,0
52.0,35057.45,73247.27,11700.0,2026.5,1.0,12.5,0
18.0,49603.07,56249.47,14600.0,4520.34,0.0,0.0,0
41.0,98673.41,164575.7,32500.0,7722.96,1.0,18.6,0
53.0,102015.89,,20800.0,6713.93,1.0,12.7,0
23.0,61733.18,20094.6,18100.0,6085.38,1.0,2.6,0
58.0,231199.15,298745.53,50000.0,21354.87,0.0,26.8,0
63.0,177795.74,406427.41,49700.0,6296.31,0.0,12.1,0
61.0,23302.83,39695.2,8200.0,1828.12,0.0,11.9,0
48.0,19630.18,35305.38,5600.0,2463.28,1.0,28.0,0
,87328.2,,21800.0,11937.8,1.0,13.7,0
41.0,122911.44,,29600.0,2295.83,1.0,13.3,0
42.0,47341.6,54934.41,12900.0,7499.2,0.0,15.5,0
53.0,40082.0,82296.74,6300.0,3838.39,1.0,1.0,0
38.0,33117.78,13489.21,11600.0,,0.0,,0
47.0,26881.48,36653.78,10800.0,418.15,0.0,14.8,0
41.0,107130.79,256332.89,27500.0,12248.37,0.0,12.6,0
61.0,43097.62,97444.73,7100.0,1287.49,2.0,15.5,0
59.0,64931.0,149546.11,29000.0,11188.36,1.0,3.3,1
47.0,18115.38,19046.93,4200.0,2064.43,0.0,5.6,0
39.0,98850.37,,18600.0,3923.69,0.0,20.0,0
45.0,77085.23,158344.33,,3152.39,1.0,11.0,1
24.0,24177.71,,9000.0,1005.26,1.0,2.8,1
52.0,63285.87,152958.19,15100.0,5446.14,1.0,,0
45.0,54330.77,132865.93,17500.0,5595.93,0.0,1.0,1
31.0,41353.28,,11400.0,1665.66,1.0,9.3,1
27.0,15000.0,6082.4,2800.0,1294.11,0.0,4.8,0
33.0,36453.85,66866.85,9100.0,3904.22,0.0,7.6,0
33.0,64955.56,93775.64,23900.0,2315.95,0.0,3.6,0
48.0,38982.22,35185.1,13000.0,3275.57,0.0,22.3,0
59.0,47428.71,84452.56,8800.0,3296.17,0.0,6.9,0
,132993.31,25603.9,26500.0,4990.98,0.0,4.6,0
30.0,51714.59,7943.14,17700.0,1839.74,0.0,5.5,0
23.0,,15264.13,6100.0,1625.94,,1.4,1
61.0,48488.88,25186.91,12400.0,1688.4,1.0,,0
,57505.53,110145.45,18900.0,6843.08,0.0,5.2,1
62.0,33017.31,80397.74,6600.0,2144.91,0.0,28.6,0
53.0,84191.49,142993.12,20500.0,3734.63,2.0,28.9,0
60.0,22531.34,37767.41,3500.0,,1.0,17.5,0
37.0,49879.0,8813.18,19000.0,7990.73,0.0,1.4,0
35.0,22376.01,31784.67,6000.0,3127.88,1.0,4.7,1
60.0,45369.14,97440.03,17900.0,4762.07,0.0,41.2,0
38.0,82857.53,146165.55,30000.0,10668.56,1.0,11.9,0
21.0,49167.69,33355.37,19600.0,5356.54,0.0,2.1,0
,47475.44,100907.06,11200.0,,0.0,0.4,0
50.0,55086.62,135373.38,11300.0,2562.74,3.0,16.6,1
,56764.16,46384.95,25100.0,6792.96,0.0,1.0,0
24.0,82145.81,53441.21,30000.0,10911.38,0.0,3.4,0
23.0,82445.23,78606.68,33000.0,8831.86,1.0,4.6,0
32.0,127136.62,28931.96,19600.0,8857.63,2.0,13.6,0
35.0,59908.29,134370.65,15400.0,3556.01,0.0,9.2,0
49.0,20001.56,48495.55,7500.0,2026.95,2.0,14.2,0
28.0,90650.72,153557.31,15700.0,10033.87,,9.5,0
37.0,121770.65,246627.53,39000.0,13943.66,1.0,12.8,0
41.0,237284.95,403737.35,50000.0,7085.49,0.0,1.5,1
32.0,129446.58,123023.51,20100.0,905.47,0.0,6.5,0
65.0,40369.14,66378.14,8900.0,2590.62,1.0,11.3,0
24.0,60615.77,128950.02,14300.0,2214.54,1.0,2.8,1
38.0,46056.49,97953.54,8500.0,4699.81,1.0,9.1,1
59.0,42450.07,14046.0,14400.0,5443.76,0.0,23.9,0
43.0,50610.22,60244.43,11300.0,1713.59,0.0,8.9,0
61.0,117177.58,126516.04,27300.0,10123.12,1.0,7.1,0
31.0,20878.96,41312.62,8800.0,2059.72,0.0,6.5,0
54.0,29687.24,38991.24,8600.0,,0.0,29.9,0
38.0,112611.13,109381.34,30100.0,10930.75,0.0,13.3,0
35.0,,243166.04,47600.0,14310.36,2.0,5.8,0
22.0,36472.09,46818.67,15400.0,3637.67,1.0,3.7,1
20.0,145866.78,97556.97,23000.0,3974.67,0.0,1.8,0
40.0,97297.57,,27700.0,,0.0,4.6,0
43.0,46135.75,15781.17,15400.0,2742.3,1.0,1.0,1
54.0,15000.0,2530.35,3700.0,,0.0,26.7,0
41.0,19914.25,10330.94,7600.0,3166.24,0.0,19.0,0
66.0,36500.97,22272.04,,7339.2,0.0,46.5,0
36.0,85473.54,133296.2,37000.0,,1.0,16.0,0
68.0,85635.91,144874.6,19700.0,11097.29,0.0,30.0,0
42.0,,48607.15,8900.0,2679.51,1.0,12.7,0
38.0,,29242.43,20600.0,5172.23,1.0,0.6,0
29.0,53130.75,20141.16,15300.0,2582.66,0.0,2.7,0
58.0,47512.93,60410.56,,1951.6,1.0,18.4,0
50.0,59765.29,93888.46,21600.0,9397.81,0.0,20.1,1
67.0,53208.6,41949.22,12500.0,1515.82,0.0,27.3,0
21.0,19840.17,11595.18,4600.0,661.26,0.0,2.2,0
59.0,47832.62,18114.04,19800.0,8476.64,0.0,11.5,0
24.0,53446.76,5623.51,10600.0,2116.8,0.0,3.4,1
39.0,98113.44,29787.74,16600.0,3852.33,0.0,1.9,0
50.0,32899.62,63654.28,7600.0,,0.0,13.2,1
,61226.98,63845.45,20300.0,11187.39,0.0,12.0,0
41.0,75940.39,8370.06,14200.0,3164.55,1.0,15.9,0
51.0,49562.59,66473.53,14400.0,3508.56,1.0,32.7,0
45.0,18903.86,26413.37,6400.0,1079.02,0.0,7.5,0
60.0,99313.96,111620.0,40200.0,5183.05,0.0,20.9,0
,84819.84,25990.49,18600.0,2520.24,1.0,,0
56.0,62147.39,124311.09,24600.0,,0.0,16.7,0
39.0,55503.33,100049.32,12200.0,4433.51,0.0,18.0,0
66.0,18604.25,19537.77,6600.0,1178.67,0.0,32.8,0
34.0,86231.77,82829.97,24100.0,734.01,1.0,14.1,0
51.0,132169.12,63386.89,24400.0,11862.37,1.0,6.7,0
23.0,,53508.84,,1191.53,3.0,4.4,1
63.0,121420.04,188420.74,26100.0,6420.02,1.0,2.7,0
23.0,106817.25,24557.7,21700.0,1647.15,0.0,4.4,0
51.0,27284.74,,7000.0,3950.74,0.0,10.9,0
18.0,42766.65,98286.37,14800.0,,2.0,0.0,1
27.0,23452.62,28540.34,5200.0,2016.92,1.0,4.6,0
38.0,52099.83,45244.4,10700.0,2922.73,0.0,18.8,0
22.0,70897.51,116272.88,10800.0,2166.16,0.0,0.2,0
19.0,24531.64,15596.05,7200.0,3147.94,0.0,0.4,1
39.0,68287.48,100240.46,19000.0,10817.42,0.0,18.0,0
65.0,79497.07,141351.21,17500.0,8288.47,1.0,18.6,0
19.0,80184.64,173126.52,13300.0,,0.0,0.2,1
27.0,71161.1,131220.2,19800.0,8021.78,0.0,3.8,0
51.0,25923.51,29925.86,10000.0,5012.73,3.0,12.7,0
33.0,50368.21,101733.23,18400.0,5051.43,0.0,13.7,0
65.0,66930.58,155177.79,27300.0,4851.72,0.0,35.8,0
68.0,,158265.29,19900.0,2786.14,0.0,25.3,0
56.0,54256.58,9809.7,23900.0,9199.21,1.0,37.6,0
39.0,69935.23,161144.18,17700.0,7126.17,2.0,9.8,0
29.0,30970.3,14076.85,13800.0,1267.38,1.0,0.6,0
41.0,27093.89,10302.86,6100.0,1746.24,1.0,6.0,0
64.0,25088.3,20883.34,7300.0,1585.51,0.0,20.1,0
57.0,42101.52,41578.75,10800.0,1584.02,1.0,6.1,0
55.0,186694.84,383665.03,47900.0,10566.27,0.0,35.1,0
27.0,42563.58,47573.83,17100.0,6161.23,1.0,6.9,0
52.0,67425.31,8983.89,25200.0,754.43,0.0,9.1,0
68.0,75679.21,133309.17,33900.0,12986.48,0.0,29.5,0
,28143.8,48368.96,9400.0,1142.18,0.0,34.6,0
49.0,41728.34,93161.83,,8221.61,2.0,29.2,0
24.0,78798.49,83425.95,13900.0,4850.84,0.0,5.3,0
38.0,70052.23,17670.82,31500.0,2597.14,0.0,10.3,0
37.0,,23719.08,5200.0,1076.01,0.0,14.7,0
43.0,77392.58,24905.1,27900.0,1494.35,0.0,14.1,0
21.0,38925.54,3840.63,,,1.0,1.7,0
63.0,39541.64,79557.64,12400.0,2591.47,1.0,5.2,0
69.0,69073.02,74898.45,29900.0,5236.48,0.0,6.4,0
39.0,135098.79,194437.05,27000.0,17118.14,,11.1,0
,48037.6,82505.91,11400.0,2901.7,,3.8,0
57.0,109911.43,115020.05,21500.0,4826.24,1.0,0.8,0
38.0,22821.23,4769.35,8800.0,1852.14,0.0,14.5,0
32.0,58597.42,39109.75,9900.0,2084.43,,0.5,1
39.0,39158.26,20184.46,6800.0,1159.3,1.0,12.5,0
69.0,64164.42,158361.53,15400.0,1576.73,,27.5,0
45.0,45352.27,91598.97,13800.0,7753.34,1.0,26.2,1
31.0,24230.4,30437.17,6600.0,3084.08,2.0,6.3,1
44.0,31810.59,7000.48,5200.0,1961.09,0.0,1.7,0
58.0,20212.96,8163.39,8800.0,2309.19,0.0,22.1,0
57.0,24732.15,53504.19,10800.0,3242.3,1.0,32.8,0
45.0,72272.19,178453.41,16900.0,7629.22,1.0,26.9,0
,46601.02,8340.9,17200.0,,0.0,10.8,0
66.0,62225.41,147142.42,20100.0,5517.83,1.0,15.4,0
19.0,161030.08,157482.66,35600.0,,0.0,0.9,0
42.0,45361.41,26531.43,,2304.73,0.0,4.6,0
20.0,79266.46,32580.76,,12321.77,2.0,1.2,0
25.0,55098.69,,15200.0,1058.25,0.0,2.8,1
61.0,284250.37,340728.08,50000.0,7508.13,0.0,1.8,0
50.0,15000.0,35193.98,5900.0,3978.09,0.0,11.1,0
,35221.17,20660.07,10400.0,746.27,0.0,10.9,0
69.0,80210.88,143023.06,27800.0,6951.71,1.0,35.0,1
52.0,34484.21,11538.2,7100.0,1354.87,0.0,32.3,0
23.0,76087.78,24670.61,23600.0,7598.28,1.0,1.3,0
,52258.22,22160.31,12800.0,4732.21,1.0,30.8,0
69.0,91032.27,187629.56,28000.0,3539.26,1.0,2.8,0
40.0,27466.61,47758.11,10600.0,2738.98,0.0,11.8,0
42.0,60096.41,27992.36,22900.0,3057.77,1.0,1.7,0
67.0,71654.48,70684.93,18400.0,1758.3,1.0,45.8,0
60.0,58634.2,116358.03,21000.0,4412.73,1.0,32.2,0
36.0,59257.49,47736.16,25600.0,5415.29,0.0,11.8,1
22.0,111464.18,262735.42,37600.0,6015.66,1.0,3.3,0
68.0,19772.68,46287.24,3800.0,1076.87,1.0,32.4,0
,58394.69,85534.16,20700.0,4817.98,2.0,,0
29.0,26226.12,42660.32,4800.0,1224.74,0.0,7.9,0
27.0,85354.34,150194.14,35100.0,10806.59,0.0,,0
25.0,32769.05,26513.94,10000.0,5339.53,,3.6,1
41.0,15000.0,13881.5,4000.0,181.95,1.0,2.7,0
45.0,86584.88,33284.3,14500.0,3858.19,0.0,14.3,0
,46118.86,109098.0,12200.0,2462.97,0.0,5.1,0
53.0,,125335.23,28200.0,,0.0,20.7,0
54.0,127542.55,21650.83,19900.0,,0.0,17.4,0
38.0,67699.95,97197.27,19800.0,4213.51,0.0,,0
25.0,59973.43,53463.5,25700.0,,0.0,0.1,1
26.0,52661.39,115199.0,14100.0,7863.52,1.0,1.6,0
64.0,27217.52,23711.06,7600.0,317.6,1.0,22.6,1
32.0,47612.53,78517.34,,1843.3,0.0,,0
65.0,177076.86,82044.2,50000.0,8672.26,1.0,18.0,0
63.0,43255.02,63381.59,8700.0,2959.14,0.0,19.1,0
57.0,,38550.85,7700.0,2303.62,0.0,27.9,0
35.0,115179.95,56029.8,38300.0,8550.2,1.0,10.3,0
59.0,21487.5,34431.91,9200.0,1166.08,1.0,12.3,0
37.0,78595.87,129577.34,14300.0,4090.94,0.0,7.8,0
23.0,20882.61,52572.57,,1235.09,1.0,1.1,0
29.0,68838.14,121575.6,18000.0,6425.56,0.0,10.6,0
19.0,53452.8,69580.27,21000.0,664.92,1.0,0.1,1
24.0,78232.47,183769.03,18100.0,,1.0,2.2,0
33.0,29510.91,65350.9,12200.0,4242.6,1.0,0.4,0
20.0,39300.01,56961.35,6500.0,,1.0,0.4,0
62.0,80694.99,117290.76,34900.0,14132.49,1.0,34.3,0
20.0,39898.76,101406.15,12700.0,7447.64,1.0,0.4,1
44.0,85247.08,143169.88,,11649.18,1.0,2.1,0
67.0,61420.68,115030.94,16000.0,5428.94,0.0,23.2,0
60.0,41462.68,12938.52,15900.0,3953.66,0.0,0.4,0
57.0,44836.93,81834.12,9000.0,1317.57,0.0,3.3,0
,54290.41,37227.54,8900.0,1303.33,1.0,29.9,1
50.0,47471.78,15926.0,12800.0,2214.02,0.0,24.7,0
45.0,83964.54,182209.29,34100.0,3854.73,0.0,24.7,0
18.0,43357.39,79241.16,16300.0,4320.56,0.0,0.0,0
,38414.16,43101.58,11700.0,,2.0,4.8,0
54.0,93540.62,,30100.0,13919.86,2.0,1.9,1
49.0,42054.53,24790.18,7900.0,,0.0,24.3,0
65.0,39174.33,3207.83,15800.0,2272.45,1.0,39.7,0
60.0,15000.0,13548.61,5800.0,447.64,1.0,33.6,0
54.0,29036.18,15088.8,10100.0,4315.33,0.0,18.3,0
21.0,32755.41,36157.19,9500.0,1622.6,0.0,,0
,39180.0,86995.16,17200.0,5321.99,,24.5,0
23.0,35126.69,11267.28,14500.0,1189.93,1.0,,0
,97716.93,29963.57,33500.0,,1.0,44.1,0
36.0,34027.06,78603.05,8900.0,1863.33,0.0,2.8,0
49.0,35583.03,68759.25,11900.0,2473.44,1.0,7.0,0
26.0,59479.83,18182.17,19200.0,10290.7,0.0,1.7,0
29.0,27972.88,7340.09,7500.0,1775.55,1.0,8.7,1
28.0,138468.11,256997.18,33500.0,19896.77,0.0,1.9,0
63.0,87666.41,91781.42,23900.0,10614.55,0.0,3.0,0
33.0,26880.27,51556.99,8700.0,2892.06,1.0,15.0,0
18.0,99528.59,111663.17,27700.0,11026.31,0.0,0.0,0
62.0,112760.9,284269.13,25800.0,11447.89,1.0,36.8,0
38.0,27302.43,53291.42,10300.0,5893.27,1.0,7.3,1
47.0,26927.41,4400.41,8300.0,1262.31,0.0,24.4,1
30.0,37562.15,31689.43,6400.0,653.54,0.0,6.7,1
51.0,23176.1,35198.37,6000.0,2542.89,0.0,29.8,0
21.0,33922.27,17733.79,14100.0,5702.1,0.0,2.8,0
45.0,42613.45,3565.58,16000.0,3297.08,0.0,0.2,0
55.0,73312.87,21359.27,18100.0,6823.5,0.0,2.8,0
48.0,56882.06,80983.42,24500.0,6430.45,0.0,7.5,0
44.0,49572.28,80919.82,8600.0,2564.0,1.0,17.4,0
22.0,40542.09,12122.94,17800.0,2706.7,0.0,3.6,0
42.0,24716.51,41621.33,5500.0,520.46,1.0,11.0,0
20.0,77267.65,119910.6,,701.27,2.0,1.2,1
50.0,76238.7,187640.02,21400.0,8498.71,2.0,6.0,1
21.0,37417.39,83478.35,9600.0,4838.64,1.0,2.4,0
42.0,27981.73,,8700.0,2670.63,0.0,23.2,1
,137814.34,345024.28,,12165.57,0.0,5.1,0
51.0,62820.6,74579.97,25300.0,5350.33,0.0,16.3,0
43.0,68746.49,86447.62,18600.0,2592.25,0.0,2.2,0
22.0,70550.83,51959.66,,2288.0,0.0,2.2,0
52.0,,34102.95,5100.0,633.86,0.0,17.1,0
45.0,133194.53,,,9203.73,0.0,3.9,0
46.0,42527.29,79380.88,14600.0,7995.53,1.0,12.4,0
26.0,88718.63,8174.13,15000.0,2644.18,0.0,2.7,0
69.0,129970.09,90951.71,48100.0,14390.31,0.0,26.6,0
55.0,56887.2,32579.08,17700.0,2987.54,3.0,21.7,0
67.0,26665.16,64343.7,5600.0,1821.29,0.0,0.4,0
23.0,15000.0,6416.86,4700.0,983.04,1.0,3.8,0
36.0,52941.91,121610.36,10800.0,3711.98,0.0,12.8,0
61.0,62949.41,22782.4,17700.0,3211.71,0.0,15.8,0
28.0,38236.08,63058.8,14900.0,858.45,1.0,0.5,0
19.0,58771.44,54696.3,17000.0,7695.9,1.0,0.8,0
64.0,70137.08,60422.56,13600.0,5013.85,1.0,43.9,0
61.0,98356.77,248259.03,36100.0,2792.23,0.0,,0
61.0,47233.6,,9700.0,4067.27,1.0,13.9,1
26.0,52722.36,33779.95,19600.0,7081.34,2.0,1.5,1
38.0,48671.06,75177.36,14300.0,3468.49,0.0,11.5,0
41.0,55279.46,106035.08,15800.0,3664.1,2.0,3.6,1
51.0,39818.6,99379.66,16100.0,1574.77,0.0,11.8,0
39.0,39704.54,70337.89,14400.0,714.61,1.0,14.6,1
20.0,41232.67,58161.49,6600.0,242.88,0.0,1.1,1
29.0,59501.68,65594.07,14200.0,4734.01,1.0,4.3,1
,32585.14,56885.64,13400.0,8406.05,0.0,11.3,0
,41332.47,65652.35,6400.0,3567.36,1.0,16.3,0
43.0,160356.38,106332.8,50000.0,19054.23,0.0,0.1,0
65.0,92766.38,164057.68,34200.0,8393.71,1.0,3.7,0
38.0,30508.22,21392.62,10300.0,5801.11,,17.6,0
45.0,91017.2,,34400.0,6430.77,1.0,2.1,0
,78939.36,56828.64,29000.0,5543.81,2.0,17.7,0
50.0,50901.53,41320.82,18200.0,1515.69,0.0,,0
38.0,35426.53,57151.26,14000.0,2782.43,1.0,5.4,1
52.0,33093.48,8231.82,11400.0,2896.73,2.0,12.6,0
69.0,61963.71,5086.23,16800.0,3221.93,1.0,29.0,0
51.0,32606.27,11837.48,9500.0,1189.9,2.0,29.1,0
58.0,104645.4,59113.31,38200.0,14977.29,,37.7,0
68.0,124055.45,63637.79,50000.0,2269.74,0.0,37.0,0
64.0,52802.68,108359.47,12200.0,6195.38,0.0,4.0,0
35.0,,136362.46,27100.0,16506.65,,11.4,0
28.0,42322.35,54193.66,18200.0,4471.66,1.0,4.1,0
40.0,35291.2,58187.39,11400.0,1339.08,,10.4,0
65.0,104837.32,199455.37,21400.0,8360.85,2.0,2.3,1
39.0,139793.3,36067.67,48800.0,34841.56,1.0,4.0,1
34.0,175939.38,384869.71,50000.0,8040.4,3.0,12.6,1
22.0,66144.24,166834.74,26300.0,3386.56,0.0,1.8,0
61.0,90877.36,34326.83,34000.0,6652.99,1.0,13.0,1
28.0,65275.39,109985.94,13900.0,3737.09,0.0,3.8,0
47.0,125747.0,6439.32,50000.0,5680.51,0.0,24.8,0
32.0,70260.88,18982.05,21600.0,10369.91,2.0,10.5,0
44.0,87820.5,71293.17,36600.0,8720.84,1.0,7.1,0
52.0,27412.35,60016.39,6800.0,2011.58,0.0,4.0,0
50.0,47160.05,78225.64,8000.0,1295.7,0.0,8.1,0
37.0,88272.3,101075.05,25800.0,2690.95,2.0,17.5,0
33.0,83648.91,94679.2,19300.0,2958.49,0.0,8.7,0
51.0,92905.85,118855.73,33900.0,10607.97,1.0,17.6,0
19.0,58243.79,49709.22,25500.0,4419.85,2.0,0.6,0
52.0,36636.01,82253.93,13100.0,1864.04,1.0,12.4,0
57.0,,77690.88,21800.0,3450.86,1.0,31.5,0
45.0,55727.03,70596.89,15900.0,3174.15,0.0,14.1,0
64.0,62632.81,85197.77,23900.0,12375.13,0.0,5.4,0
56.0,,77266.05,12200.0,6350.41,0.0,4.9,1
23.0,46188.22,86535.44,16800.0,2973.8,0.0,2.7,0
26.0,51369.48,27115.6,15500.0,8517.98,0.0,7.5,0
37.0,15000.0,18265.33,5100.0,1878.95,0.0,5.9,0
18.0,89277.33,69603.17,,5240.42,0.0,0.0,0
25.0,,147963.96,13500.0,478.93,1.0,5.3,0
40.0,63525.16,70299.41,,4329.21,1.0,,0
20.0,39763.4,14160.35,,7413.48,0.0,0.1,0
21.0,77014.59,82411.58,,3238.27,1.0,,0
42.0,32887.39,32509.53,11800.0,6088.6,0.0,17.5,1
64.0,36138.41,60020.57,13400.0,5850.66,1.0,9.2,0
55.0,,50767.62,27500.0,6126.34,0.0,13.7,0
32.0,67124.01,14160.37,21100.0,8123.63,1.0,7.0,0
38.0,25170.8,10305.79,10400.0,,1.0,14.5,1
52.0,139584.09,,39700.0,14088.14,0.0,3.8,0
63.0,34368.7,33819.84,5800.0,3891.35,0.0,18.3,0
69.0,50033.29,110018.67,20200.0,5642.91,1.0,24.7,0
31.0,154519.01,128390.2,50000.0,24062.95,0.0,7.0,0
53.0,15742.68,1849.84,6400.0,610.38,0.0,28.6,0
29.0,19462.47,38791.28,,803.78,0.0,1.9,0
34.0,70626.47,155028.2,11200.0,,0.0,12.9,0
56.0,15000.0,18992.73,6500.0,531.25,0.0,26.3,0
26.0,15897.29,11991.69,3100.0,,2.0,4.4,0
52.0,109655.04,221094.12,43100.0,9421.55,0.0,23.8,0
30.0,42390.35,9873.22,16800.0,8930.2,2.0,4.9,0
32.0,202329.68,491976.87,50000.0,24581.03,0.0,1.9,1
35.0,29118.77,64087.48,5500.0,1079.44,0.0,11.3,0
68.0,44752.87,64769.87,15700.0,3812.75,0.0,26.2,0
50.0,74935.16,54495.0,31200.0,2493.52,0.0,20.5,0
23.0,71891.77,19427.29,20000.0,13524.1,1.0,1.7,0
44.0,46493.15,121818.03,12700.0,5605.64,0.0,23.6,0
,36714.39,71990.76,10400.0,2043.08,,12.9,0
44.0,62244.0,54234.17,10900.0,1527.53,0.0,2.2,0
51.0,123763.97,22229.01,,16266.07,1.0,14.8,0
63.0,85620.94,155006.14,,18164.24,1.0,34.0,0
55.0,37068.36,98219.65,16700.0,6762.37,0.0,29.4,0
31.0,29879.75,54815.82,9700.0,1997.93,1.0,6.4,1
53.0,35750.75,8791.29,13400.0,1309.16,1.0,31.3,0
25.0,25229.12,27353.9,5300.0,1981.08,0.0,1.9,1
52.0,59186.32,28075.76,20700.0,11920.34,1.0,14.0,1
36.0,88280.25,212620.02,30400.0,11305.62,1.0,16.2,1
47.0,51906.33,44416.84,21800.0,1540.33,1.0,26.0,0
31.0,152034.09,298448.1,50000.0,19702.52,1.0,8.9,0
37.0,157196.0,40062.78,50000.0,6780.32,0.0,16.3,0
66.0,65162.61,25406.49,26800.0,4486.9,0.0,4.3,0
42.0,82550.26,145163.09,33900.0,4933.38,0.0,20.8,0
57.0,31562.51,67340.43,5300.0,784.57,1.0,12.5,0
41.0,,29267.47,17600.0,7293.97,,4.1,1
31.0,116234.18,136489.61,38600.0,14926.89,0.0,3.1,0
43.0,38270.57,59582.6,10100.0,,0.0,10.4,0
,132247.16,270092.58,22100.0,6829.37,2.0,9.3,0
,105613.18,173113.27,37300.0,7248.67,,7.1,0
39.0,85048.28,27834.08,21100.0,,0.0,2.8,1
65.0,26806.05,38276.54,7800.0,1899.43,1.0,13.9,0
36.0,44927.62,104627.07,15900.0,5268.89,0.0,10.3,0
63.0,79739.89,182811.99,33800.0,9771.7,0.0,19.9,0
68.0,29987.96,46552.08,11900.0,2693.52,1.0,17.3,0
20.0,48337.05,122140.57,,1818.03,1.0,1.5,1
59.0,85074.16,,22700.0,6853.13,,36.6,0
36.0,38526.31,48882.69,8600.0,2786.41,0.0,13.6,0
26.0,,63774.47,8500.0,,1.0,2.7,0
,18389.5,7966.42,3400.0,1482.37,0.0,20.1,0
37.0,42959.77,110263.45,19000.0,5790.68,0.0,2.9,0
62.0,86155.48,89779.38,,13521.75,2.0,5.7,0
24.0,32088.65,28922.73,6000.0,833.95,0.0,2.1,0
31.0,54760.44,32827.9,14000.0,3641.37,0.0,10.5,0
26.0,47357.21,38948.2,14900.0,4848.94,2.0,2.0,1
36.0,36316.44,56741.11,11300.0,4301.18,1.0,1.1,0
64.0,89556.35,100765.46,14400.0,4636.95,0.0,6.1,0
69.0,145126.84,,50000.0,13722.1,0.0,43.8,0
31.0,98973.04,212312.57,23000.0,12104.97,1.0,8.2,0
55.0,35683.3,8402.0,5500.0,2849.74,0.0,9.4,0
53.0,179049.83,382926.58,31000.0,9315.5,0.0,19.4,0
57.0,98798.9,78057.42,32000.0,,,20.6,0
34.0,41174.97,53064.61,7900.0,2017.6,0.0,10.5,0
47.0,34023.41,33741.32,5500.0,,2.0,6.8,1
26.0,106151.6,156593.43,28000.0,5167.61,0.0,6.9,0
50.0,60129.84,123348.62,20300.0,3691.74,0.0,9.9,0
69.0,32517.74,83629.19,6000.0,3203.08,1.0,35.4,0
42.0,49569.68,40536.14,12100.0,2608.01,1.0,0.4,0
31.0,42433.01,59088.13,11700.0,339.16,0.0,4.8,0
28.0,33042.98,39160.76,6500.0,665.06,0.0,3.5,0
52.0,99583.5,262510.13,30100.0,,0.0,18.5,0
58.0,86598.22,177547.78,15200.0,2421.58,0.0,2.9,0
,89601.28,89793.76,14700.0,845.71,,10.3,0
47.0,88858.65,116016.24,27200.0,10079.17,1.0,6.3,0
58.0,31268.92,20427.52,7000.0,1200.53,2.0,27.1,1
21.0,,73531.45,6700.0,,1.0,2.4,1
21.0,,,36000.0,10426.77,0.0,1.7,0
45.0,57803.65,143217.95,,3768.55,0.0,20.0,0
25.0,22420.2,32181.28,8200.0,466.29,0.0,4.6,0
19.0,61707.86,104412.27,24400.0,946.24,1.0,0.4,0
58.0,80247.81,99585.66,33000.0,10097.55,0.0,32.4,0
63.0,74192.98,131201.52,32800.0,18218.87,1.0,13.3,1
39.0,30861.92,35812.26,11700.0,8904.6,,,0
58.0,168052.71,328975.31,50000.0,19048.67,0.0,29.8,0
33.0,22018.61,2473.68,5700.0,1224.1,1.0,5.7,0
46.0,57903.77,9914.24,11800.0,5794.84,0.0,8.5,0
66.0,153573.06,276963.26,50000.0,2021.07,0.0,22.0,0
65.0,77264.84,,34700.0,18367.12,0.0,38.4,0
47.0,89476.54,143698.97,26000.0,2270.35,2.0,27.0,0
29.0,28799.16,53113.36,10600.0,804.85,0.0,6.0,0
,66717.85,142633.02,19900.0,5205.21,0.0,22.5,0
28.0,52999.53,51527.98,14800.0,3606.56,0.0,9.0,0
63.0,27500.89,8110.47,7500.0,677.42,,4.4,0
67.0,91038.97,233753.76,27400.0,21384.36,1.0,11.4,1
,33133.76,79417.07,8600.0,1671.14,0.0,14.2,0
,35576.66,42491.97,13300.0,3193.94,,16.5,1
22.0,70231.18,46646.73,29000.0,8516.53,0.0,3.4,0
65.0,,115287.02,20600.0,4379.55,1.0,19.5,0
37.0,59968.39,107632.62,13100.0,1424.6,1.0,1.7,1
54.0,47920.57,8343.27,20100.0,7357.5,0.0,15.8,0
20.0,126479.62,38554.79,31900.0,4493.92,1.0,0.5,0
61.0,31100.58,79218.41,7600.0,2773.21,0.0,12.5,0
50.0,40991.28,7434.4,15100.0,,1.0,24.7,0
26.0,72308.93,56205.42,17500.0,5127.29,0.0,0.6,0
26.0,29948.94,43403.09,5000.0,2335.88,2.0,6.6,0
21.0,29163.29,20142.77,7600.0,,1.0,1.3,1
52.0,58844.07,34531.9,21600.0,394.38,0.0,20.3,0
34.0,91163.7,88073.71,22600.0,7629.15,2.0,1.4,1
51.0,98590.16,72274.27,33400.0,5835.77,0.0,11.1,0
41.0,57242.04,123425.42,19900.0,8461.05,0.0,2.1,0
49.0,36196.6,48170.93,13400.0,2900.34,1.0,29.8,0
18.0,63920.66,51036.14,26800.0,6512.18,1.0,0.0,0
25.0,76090.83,65959.39,21300.0,6400.05,1.0,3.2,0
62.0,63393.49,9006.84,12700.0,2688.89,1.0,9.8,0
40.0,113607.17,15789.27,27900.0,1761.04,,20.5,0
64.0,29481.06,53916.76,8200.0,1005.07,1.0,15.9,0
57.0,35661.05,15069.56,13000.0,5003.26,0.0,6.3,0
29.0,104527.92,127410.62,16100.0,3075.5,2.0,6.2,0
29.0,22385.93,49419.88,5500.0,2277.03,0.0,10.4,0
63.0,39197.51,37235.01,15000.0,1128.86,1.0,0.2,0
64.0,34929.11,34618.93,12300.0,4426.89,0.0,11.0,0
32.0,21194.08,48972.17,7800.0,2713.53,1.0,13.1,0
58.0,48422.06,107102.55,19100.0,2407.96,3.0,6.8,0
36.0,84776.73,189197.89,32600.0,2660.09,0.0,2.0,0
43.0,59503.88,90427.69,21100.0,5349.94,0.0,14.3,0
69.0,87532.22,220549.37,24700.0,12156.1,0.0,,0
46.0,110765.83,235356.57,49300.0,8573.52,0.0,13.4,0
39.0,42985.62,52735.76,13800.0,8070.0,1.0,20.9,1
57.0,265165.02,446398.98,50000.0,,,26.5,0
38.0,44035.47,14525.12,10500.0,1117.52,1.0,1.5,0
68.0,47690.21,69409.81,17100.0,3676.94,0.0,49.6,0
55.0,35434.02,28133.01,15100.0,4821.94,,15.1,1
37.0,75149.42,56776.52,15300.0,,1.0,5.5,0
,45510.48,15537.64,8000.0,1233.9,0.0,15.6,0
68.0,51671.66,,,12610.23,1.0,15.2,0
21.0,47900.07,64551.37,20300.0,6904.79,0.0,0.3,0
24.0,47252.33,71642.05,11000.0,721.68,0.0,0.0,0
45.0,59573.83,54080.15,15700.0,8674.56,0.0,12.1,0
45.0,41351.58,83592.84,14400.0,1691.05,2.0,,1
21.0,42532.45,,10600.0,2484.84,1.0,1.7,0
39.0,103126.42,166947.57,42600.0,2447.5,0.0,21.0,0
29.0,45428.12,33427.05,8300.0,1838.2,0.0,3.2,0
62.0,68195.34,142410.95,11000.0,3610.27,0.0,12.3,0
20.0,31770.87,51757.27,6800.0,2172.91,0.0,0.3,0
39.0,41489.1,92772.59,9800.0,3327.41,0.0,3.4,0
,25860.28,13187.51,4800.0,2846.53,1.0,12.3,0
19.0,164828.37,168024.03,28000.0,11163.77,0.0,0.8,0
41.0,123658.1,41705.42,46600.0,6767.0,1.0,20.8,0
51.0,77441.29,46889.55,15400.0,5162.77,1.0,32.2,0
44.0,196941.43,199101.9,50000.0,4845.03,1.0,,0
58.0,,196658.74,22400.0,4310.35,0.0,35.3,0
18.0,48864.9,70822.13,17200.0,2772.79,0.0,0.0,1
25.0,67745.4,60009.26,14700.0,4055.23,0.0,0.8,0
40.0,122574.2,235280.29,27200.0,6403.87,0.0,,0
55.0,31946.26,7350.88,10300.0,,1.0,23.5,0
23.0,26804.08,27507.97,8500.0,2708.02,2.0,0.8,1
39.0,69123.32,105786.67,26300.0,1957.97,1.0,9.0,0
42.0,38096.97,63046.34,14400.0,7497.4,0.0,6.9,0
35.0,15000.0,25271.42,5300.0,2488.0,1.0,12.5,0
34.0,25699.84,,7300.0,1219.13,0.0,7.3,0
29.0,44942.78,48881.05,18700.0,11007.86,0.0,10.9,0
23.0,55765.64,134511.85,18800.0,4638.49,1.0,0.3,0
43.0,56771.03,142383.76,25400.0,4149.77,1.0,,0
44.0,180433.54,156860.14,50000.0,16104.68,3.0,12.5,0
25.0,47830.79,77527.43,7800.0,459.63,0.0,3.5,0
36.0,64015.17,42076.36,15800.0,3459.72,2.0,5.7,0
59.0,20423.98,20674.48,6600.0,1857.42,0.0,29.9,0
18.0,53173.67,109372.78,19500.0,4044.42,0.0,0.0,0
46.0,66205.54,95993.28,20900.0,13041.26,1.0,26.3,0
62.0,23738.28,53451.23,9200.0,3031.72,1.0,35.4,0
66.0,,49446.68,7300.0,823.37,0.0,40.8,0
52.0,72656.72,118123.95,14900.0,3885.57,2.0,18.7,1
57.0,,6353.44,6500.0,3047.2,2.0,32.2,0
31.0,50943.63,102823.13,16400.0,7345.81,,3.9,0
52.0,,185410.5,26700.0,2202.9,0.0,13.5,0
65.0,183895.57,233312.47,,15842.83,1.0,,0
62.0,47426.14,26859.39,15800.0,8057.3,0.0,20.6,0
37.0,156610.77,386105.49,,3592.43,,5.4,0
66.0,16726.27,13138.85,3000.0,1007.04,0.0,46.2,0
30.0,59220.18,67851.89,21400.0,7269.95,1.0,3.8,0
55.0,44335.74,14012.7,11500.0,5437.46,0.0,3.6,0
66.0,39360.76,14773.18,13800.0,3866.62,2.0,25.3,0
63.0,,47980.26,32100.0,4447.46,1.0,2.6,0
,47630.45,72469.38,19300.0,7160.17,0.0,,0
25.0,16075.12,22713.1,3200.0,296.78,1.0,1.5,0
60.0,20889.01,36206.31,6200.0,4546.73,1.0,19.5,0
37.0,83551.31,140219.11,30900.0,18272.43,0.0,8.2,0
50.0,20285.53,26623.28,7800.0,1507.92,0.0,25.6,0
43.0,84905.38,180082.0,32700.0,9825.77,0.0,18.5,0
56.0,58387.91,140742.48,12800.0,4421.35,1.0,16.2,0
38.0,,37404.62,10200.0,4416.51,0.0,6.7,0
,51591.67,19538.84,16900.0,2746.57,0.0,15.2,0
59.0,73780.87,81823.19,27500.0,3414.91,0.0,31.7,0
60.0,26729.11,3827.65,,2062.03,0.0,2.2,0
58.0,55568.66,124916.58,10100.0,2204.46,0.0,0.5,1
26.0,27345.26,17651.94,10000.0,1264.86,2.0,,0
41.0,59765.68,82782.65,14300.0,709.93,1.0,11.0,0
54.0,79848.48,28766.06,16000.0,5790.66,1.0,4.7,0
66.0,59848.25,87031.02,11600.0,4252.31,0.0,11.3,0
58.0,78054.4,18881.54,19100.0,11272.51,0.0,37.3,1
34.0,35596.09,,11700.0,3731.62,0.0,13.8,0
41.0,52192.39,132120.98,13400.0,7456.66,0.0,16.3,0
38.0,46967.66,38698.33,7300.0,2653.46,0.0,9.6,1
68.0,45158.62,32059.62,8100.0,2908.08,2.0,,0
56.0,33510.54,,7900.0,2426.71,0.0,37.1,0
58.0,41810.65,67745.33,14500.0,2941.58,0.0,38.6,0
56.0,27788.49,13818.47,5000.0,691.02,0.0,8.2,0
30.0,19604.36,41810.3,6200.0,2439.45,,9.7,0
28.0,35581.1,20121.66,,2461.44,0.0,2.0,0
63.0,78871.54,7932.36,16800.0,6852.96,0.0,9.6,0
36.0,62345.05,85522.88,12600.0,3811.81,1.0,12.2,0
28.0,25489.91,8791.43,4300.0,1453.54,0.0,4.1,0
30.0,42463.2,78067.45,14900.0,3943.82,0.0,11.2,0
63.0,82082.38,35196.97,23700.0,831.13,0.0,,0
62.0,41394.58,90163.43,16500.0,5575.63,2.0,22.5,0
18.0,23140.52,27876.33,4200.0,664.92,0.0,0.0,0
57.0,209940.02,299899.47,40600.0,2688.48,1.0,35.3,0
61.0,49012.21,24448.77,11900.0,1586.39,0.0,6.7,0
36.0,26953.07,14240.94,10200.0,,3.0,6.6,1
29.0,60039.51,100881.5,14500.0,6125.27,0.0,6.8,0
25.0,51464.01,34591.82,14000.0,1724.25,1.0,1.1,0
25.0,21485.06,21096.4,5200.0,367.32,0.0,6.8,0
62.0,57298.02,71251.48,10000.0,2572.76,0.0,40.2,0
29.0,97757.12,77598.13,42200.0,21477.33,0.0,1.8,0
65.0,47110.63,97170.62,14800.0,,0.0,5.7,1
50.0,15738.75,37621.28,6100.0,657.87,0.0,2.7,0
62.0,66513.02,81720.28,23100.0,9903.98,0.0,40.0,0
43.0,77787.81,192526.95,23700.0,14091.75,0.0,4.8,1
56.0,38106.98,85534.82,6700.0,1443.88,0.0,15.8,0
45.0,38275.41,21115.2,13100.0,5226.39,0.0,12.1,0
,209968.71,105607.33,41300.0,14595.37,0.0,2.4,0
25.0,36500.14,45937.73,,2374.35,0.0,0.5,0
42.0,27635.91,37943.83,9400.0,1612.48,0.0,5.4,0
44.0,54998.9,58566.86,21200.0,11662.46,0.0,24.2,0
63.0,76489.24,,27200.0,6193.8,1.0,,0
40.0,74567.52,84085.1,26200.0,3670.13,0.0,17.2,0
47.0,15000.0,26348.4,2900.0,455.43,1.0,0.6,1
62.0,36445.06,10657.08,9300.0,2967.75,1.0,14.4,0
64.0,108199.59,195143.65,17600.0,2931.95,0.0,28.9,0
40.0,65907.91,160811.74,24100.0,8195.34,1.0,6.1,0
66.0,25810.2,50725.12,11200.0,1459.47,0.0,43.7,0
64.0,114170.2,,26200.0,9121.9,1.0,29.2,0
37.0,96658.42,23395.86,17000.0,2256.38,0.0,1.4,0
35.0,45344.27,63436.15,13300.0,7846.3,,15.5,1
35.0,91828.71,228357.88,37400.0,8794.04,0.0,16.3,0
19.0,179845.51,374709.13,50000.0,6448.79,0.0,0.1,0
21.0,28778.16,,4700.0,648.59,0.0,1.6,0
47.0,75604.24,45632.07,,18607.07,0.0,8.8,0
50.0,178361.36,327469.73,50000.0,9167.48,0.0,12.6,0
53.0,80163.03,165974.8,15200.0,3043.79,2.0,6.3,1
35.0,34453.65,83029.6,14700.0,2488.24,0.0,9.8,1
54.0,62526.64,101271.78,17800.0,,0.0,34.5,0
36.0,123245.05,165451.28,32200.0,6937.87,1.0,9.1,0
64.0,29452.68,48567.69,8500.0,,0.0,3.8,0
45.0,53206.83,133240.12,21300.0,7771.43,1.0,16.7,0
57.0,46812.72,74093.99,16300.0,583.15,0.0,13.3,0
37.0,,26301.73,6200.0,2415.32,,16.3,0
66.0,62625.82,112166.09,27400.0,12567.33,2.0,20.9,0
50.0,50999.43,114046.66,9900.0,1880.48,1.0,6.2,0
29.0,79698.82,120443.23,29800.0,,1.0,2.1,1
68.0,,143463.24,36600.0,8452.66,2.0,38.4,0
32.0,25242.94,47928.42,5200.0,1647.43,1.0,3.7,1
58.0,56416.6,94741.17,,1514.33,0.0,30.7,0
56.0,,8868.28,21600.0,1431.34,0.0,7.8,0
19.0,,117516.66,,6527.81,0.0,,0
46.0,53675.8,57578.61,18600.0,2889.76,1.0,13.0,1
58.0,30079.59,74097.01,9100.0,3342.42,0.0,37.7,0
27.0,129683.19,332154.5,47800.0,17412.43,0.0,8.4,0
19.0,167452.78,204783.23,49200.0,16926.82,1.0,0.2,1
68.0,75217.1,190575.53,17800.0,,1.0,17.9,0
28.0,77564.19,63139.02,20100.0,2867.67,0.0,1.5,0
30.0,58608.18,,23900.0,8089.92,1.0,6.1,1
27.0,96908.44,27919.96,28100.0,,0.0,4.1,0
31.0,,6169.31,3200.0,732.21,1.0,11.7,1
35.0,54050.96,120191.33,23300.0,3370.19,1.0,15.8,0
68.0,38423.47,89816.6,14900.0,3960.89,1.0,19.2,0
26.0,59129.83,79804.38,9900.0,1071.36,0.0,3.9,0
56.0,104357.37,90302.55,46900.0,1657.9,1.0,34.1,0
45.0,54798.63,67260.39,19600.0,5471.66,1.0,21.8,0
,43638.92,98303.65,8600.0,3429.97,0.0,0.0,0
37.0,23342.65,14210.22,5200.0,1897.36,1.0,6.1,0
23.0,50738.19,41229.04,18200.0,3826.09,0.0,2.1,0
44.0,81094.19,170907.12,,11669.97,0.0,6.0,0
19.0,32707.09,79502.48,7300.0,3027.63,0.0,0.2,1
46.0,16284.94,4946.13,3700.0,1162.84,1.0,1.1,1
55.0,212042.94,438794.13,50000.0,12708.53,,23.8,0
20.0,66244.34,108407.81,21800.0,1577.5,0.0,0.5,0
33.0,47432.16,31292.96,9600.0,3927.98,0.0,0.8,0
47.0,124816.12,241744.06,22600.0,5898.64,0.0,6.7,0
57.0,58976.1,113826.11,20900.0,6501.98,0.0,31.3,0
19.0,120477.6,49876.36,46200.0,7097.83,0.0,0.9,0
34.0,114441.23,148601.47,34400.0,4905.9,,7.7,0
58.0,25217.35,51072.14,,3266.91,1.0,16.6,0
29.0,71395.97,44261.18,20000.0,10072.48,0.0,10.8,1
52.0,152538.36,,40700.0,16879.96,0.0,6.8,0
60.0,29756.7,14702.05,13000.0,5719.91,1.0,9.0,1
18.0,,26374.88,11400.0,3380.14,0.0,0.0,1
62.0,33179.23,19504.65,7000.0,1426.54,0.0,7.6,0
32.0,92434.09,125778.93,24500.0,9064.46,1.0,5.3,0
43.0,64256.07,28397.64,20100.0,5712.78,0.0,22.8,0
54.0,16958.71,,5700.0,2161.12,0.0,22.2,0
38.0,66474.1,50694.07,,4966.05,0.0,8.2,0
66.0,46576.48,90749.24,18300.0,3878.41,1.0,44.9,0
48.0,50646.96,93583.18,19300.0,4992.81,0.0,1.5,0
42.0,32787.02,9226.25,9900.0,1445.03,0.0,5.0,1
40.0,66766.38,167235.92,27100.0,8084.25,1.0,12.4,0
41.0,101750.09,205528.31,38200.0,16099.43,0.0,,1
55.0,,59695.91,14100.0,2938.84,1.0,1.5,0
45.0,19742.45,23806.01,8600.0,228.52,2.0,10.9,0
38.0,45167.42,23413.45,10400.0,3322.71,0.0,13.0,0
60.0,85286.55,208782.4,19600.0,3664.84,0.0,29.3,0
35.0,,7305.59,17500.0,6478.84,0.0,10.8,1
53.0,22058.88,40410.21,8400.0,2221.81,1.0,11.2,0
52.0,85643.25,131182.6,36700.0,22534.65,3.0,3.2,1
62.0,126653.32,286152.9,21400.0,365.42,0.0,18.8,0
26.0,54830.91,57962.5,18600.0,5777.55,0.0,1.0,0
55.0,20671.79,28914.72,4000.0,2111.45,1.0,35.1,1
,44770.36,85721.03,13500.0,2634.03,1.0,13.8,0
,59333.14,8825.07,11700.0,,1.0,13.6,0
51.0,33328.63,5778.79,6300.0,1239.83,0.0,25.3,0
49.0,76881.71,41080.62,11800.0,396.21,0.0,15.4,0
20.0,31430.16,11807.88,10700.0,302.51,0.0,0.6,0
20.0,55015.85,4583.51,14200.0,3697.28,0.0,1.6,0
45.0,47240.5,76048.25,8600.0,2472.37,1.0,23.4,1
61.0,78394.8,158855.01,19400.0,2861.52,2.0,,0
32.0,53714.51,134240.74,10800.0,5713.34,1.0,0.7,0
58.0,48151.38,56852.68,20800.0,3777.78,0.0,22.7,0
40.0,33465.85,27670.25,8200.0,4267.53,2.0,16.8,0
57.0,55318.43,,13800.0,2672.31,,5.3,1
28.0,46345.32,100806.45,,2971.99,0.0,2.3,0
65.0,32134.38,51639.39,11100.0,1442.02,0.0,41.5,0
49.0,59616.91,44871.13,21600.0,4160.38,0.0,0.6,0
53.0,67398.82,159506.06,23000.0,6423.53,0.0,26.3,0
50.0,44221.03,23851.4,19200.0,4128.67,1.0,15.2,0
41.0,94744.73,12614.95,20100.0,2276.76,1.0,10.3,0
56.0,63473.93,128133.76,,1722.53,0.0,0.3,0
51.0,25076.53,37016.32,10000.0,1679.79,0.0,,0
45.0,120865.83,,39500.0,9721.66,0.0,9.7,0
54.0,85835.91,,29900.0,4056.37,2.0,19.5,0
24.0,98824.29,201476.76,34100.0,12051.22,1.0,4.1,0
21.0,68892.44,146564.48,11500.0,1107.4,0.0,2.1,0
54.0,15000.0,11736.97,3200.0,1157.24,2.0,34.4,0
18.0,104356.81,17069.95,45800.0,10394.39,1.0,0.0,0
18.0,,72632.4,17400.0,,,0.0,1
,66965.41,145756.64,,2437.5,0.0,43.9,0
37.0,74924.07,54188.26,28400.0,,2.0,12.2,0
36.0,173124.5,191024.31,50000.0,8756.47,0.0,,0
46.0,39037.02,25878.59,6000.0,853.84,1.0,3.5,0
27.0,39646.51,5903.0,14700.0,4578.54,0.0,7.6,0
35.0,32512.48,75530.19,12000.0,2497.07,0.0,6.2,0
45.0,28510.69,11648.02,5700.0,2021.87,1.0,17.8,1
52.0,,59839.78,12600.0,4580.04,1.0,16.0,0
60.0,17835.41,16971.99,3900.0,1517.46,0.0,8.4,0
64.0,69982.01,61146.72,20100.0,12564.87,3.0,27.7,0
48.0,178560.71,430661.56,32900.0,10584.59,1.0,1.8,0
44.0,185524.94,320676.18,50000.0,15858.94,1.0,10.7,0
,32486.47,57136.42,8500.0,1347.19,,,0
66.0,46014.29,90375.52,11800.0,2988.3,1.0,20.9,0
66.0,113550.77,102115.91,45200.0,5332.8,0.0,35.9,0
55.0,,,10700.0,2847.73,0.0,30.6,0
22.0,58730.2,46713.91,22900.0,7038.23,0.0,3.1,0
25.0,46441.99,102648.08,14900.0,5753.66,,0.3,1
51.0,109862.06,,49000.0,22217.12,,,0
65.0,28457.57,20389.89,9300.0,3072.97,0.0,25.2,0
69.0,72296.07,162931.47,12000.0,308.98,2.0,47.7,0
29.0,66633.34,99746.26,11000.0,2987.99,0.0,9.2,0
55.0,55604.71,71317.14,23100.0,,0.0,31.2,0
18.0,86910.82,12414.65,35000.0,4921.29,0.0,0.0,0
48.0,55284.2,128860.9,14000.0,3116.71,1.0,12.9,0
21.0,39311.94,99035.62,13200.0,5446.28,1.0,1.4,0
66.0,57268.54,83326.09,17000.0,2778.08,2.0,7.6,0
62.0,20842.26,27513.88,9200.0,4456.43,1.0,1.4,1
67.0,78247.24,79650.42,34000.0,9312.98,0.0,46.4,0
22.0,91211.62,,40600.0,13808.37,2.0,1.0,0
47.0,36535.19,59545.9,15000.0,7069.55,0.0,7.0,0
41.0,31675.33,14642.91,13400.0,4499.28,0.0,1.9,0
20.0,37352.27,89001.86,8000.0,3168.81,2.0,1.9,1
28.0,52166.0,28070.71,20800.0,5123.05,1.0,5.8,1
62.0,61668.69,125736.01,22400.0,10798.94,1.0,29.3,0
21.0,142813.54,139296.22,50000.0,29726.9,0.0,2.7,0
43.0,132383.01,88318.56,42500.0,13498.64,0.0,8.6,0
44.0,89225.81,125415.04,15700.0,974.22,0.0,16.2,0
63.0,58264.97,114114.84,19200.0,2664.88,0.0,1.7,0
60.0,31065.26,57928.41,11100.0,1487.75,0.0,7.8,0
44.0,148417.18,93337.86,32100.0,6604.21,0.0,21.6,0
59.0,46696.04,41139.04,12500.0,2556.16,0.0,31.4,1
68.0,64140.06,145422.68,21100.0,6105.31,1.0,,0
67.0,78937.48,146310.79,20700.0,3583.19,0.0,18.5,0
23.0,56216.05,103819.53,14800.0,3657.44,1.0,2.7,0
32.0,,77741.48,20500.0,5081.04,0.0,0.0,0
47.0,71199.08,148188.78,30800.0,,1.0,7.0,0
59.0,98045.13,112609.11,36800.0,24756.31,1.0,8.5,1
54.0,70856.17,73001.88,10700.0,1899.39,0.0,9.0,0
54.0,52958.31,49792.85,20100.0,11720.98,1.0,29.0,0
59.0,56642.3,22287.48,21100.0,5097.92,0.0,11.5,0
54.0,52190.5,58701.09,8000.0,3849.71,0.0,,0
52.0,25070.03,3210.83,6500.0,2149.15,0.0,17.1,0
40.0,29718.0,40793.81,9900.0,6921.96,,19.0,0
23.0,84484.94,161483.26,24100.0,8352.95,0.0,1.2,0
21.0,25447.61,63895.85,9800.0,2774.19,1.0,0.2,0
35.0,42508.78,13987.38,11800.0,5633.01,0.0,6.1,1
26.0,28852.09,24444.69,5700.0,4155.13,1.0,6.0,1
66.0,41166.03,53742.66,18200.0,2889.13,1.0,26.4,0
46.0,49357.17,25818.91,11000.0,4794.24,1.0,,0
30.0,42457.54,13795.94,15500.0,1395.31,1.0,11.5,0
64.0,22993.83,26412.73,4400.0,411.42,1.0,36.5,0
69.0,48469.1,73809.32,12100.0,3440.6,1.0,30.8,0
34.0,30475.01,68579.36,8600.0,6089.76,2.0,7.9,1
62.0,36977.53,94251.38,7700.0,2010.62,,1.8,0
49.0,84483.55,169254.03,24100.0,5721.17,0.0,30.5,0
65.0,96108.76,56540.52,,3358.63,,,0
39.0,,49133.85,7800.0,2998.88,1.0,3.2,0
21.0,138856.95,209177.01,48500.0,22708.23,0.0,2.0,0
22.0,39892.68,46521.29,6700.0,1561.28,1.0,1.1,0
54.0,37774.67,92565.36,15500.0,4198.27,0.0,21.1,0
58.0,31729.66,57401.36,6500.0,1708.46,0.0,23.5,0
66.0,56024.66,101176.36,12200.0,5697.3,1.0,21.4,0
30.0,177891.69,26797.87,50000.0,21569.65,0.0,10.0,0
51.0,21508.52,46889.15,6300.0,373.13,0.0,8.7,0
62.0,15770.06,32496.73,4700.0,1220.74,1.0,19.7,0
39.0,63646.93,51632.6,12000.0,4065.77,1.0,,0
40.0,76237.1,68395.25,29900.0,12720.55,0.0,14.6,0
68.0,55915.86,9661.67,18700.0,2185.93,1.0,39.2,0
20.0,77457.11,11451.81,14800.0,1603.83,2.0,0.8,0
59.0,27480.82,49809.39,7200.0,3875.58,1.0,26.5,0
51.0,30732.57,16288.64,12100.0,1979.74,0.0,5.0,0
49.0,58359.34,141289.56,18700.0,6545.45,0.0,28.9,0
62.0,155568.53,344365.51,28400.0,16736.46,1.0,16.9,0
68.0,75842.07,71353.31,,5202.88,0.0,36.5,0
66.0,77988.95,81332.36,17400.0,7229.49,3.0,,1
38.0,28446.89,26256.8,8700.0,2981.8,1.0,4.1,0
63.0,69803.75,19432.11,28100.0,3308.33,0.0,21.9,0
61.0,26654.42,3882.66,7500.0,,1.0,37.8,1
38.0,156475.45,182619.76,43800.0,5750.41,1.0,10.5,0
61.0,29520.6,74153.23,12400.0,4555.45,1.0,40.0,0
28.0,33594.3,82245.83,,5209.96,1.0,4.8,0
56.0,22385.18,47871.74,7200.0,,0.0,18.6,0
21.0,57038.96,94050.11,13000.0,4414.11,0.0,0.4,1
68.0,55618.71,126321.68,18500.0,7266.72,0.0,40.1,0
18.0,134315.21,191848.91,43400.0,18895.07,0.0,,1
45.0,86322.79,50008.95,23200.0,11129.14,1.0,24.3,0
41.0,,65584.94,15100.0,7927.05,0.0,20.9,0
52.0,91494.79,225674.92,37900.0,15089.13,,32.1,0
30.0,25690.86,5189.11,9600.0,3929.93,1.0,6.2,1
64.0,35206.58,22286.35,11000.0,155.14,0.0,31.1,0
51.0,58167.13,43029.34,16800.0,4429.9,0.0,25.7,0
28.0,27470.51,8804.0,5600.0,2002.33,0.0,1.3,0
53.0,102620.74,,24800.0,3259.27,1.0,21.0,0
68.0,212689.3,225442.88,50000.0,21270.68,1.0,1.7,0
34.0,45400.88,113084.17,13000.0,6410.78,0.0,8.0,0
52.0,36643.37,88735.86,15200.0,9928.27,1.0,,1
35.0,50123.55,122114.49,9700.0,3571.51,1.0,3.1,0
57.0,38776.77,12106.26,11700.0,417.8,1.0,14.2,0
39.0,63388.53,8453.65,21800.0,4008.77,0.0,9.1,0
,24503.16,8758.43,7500.0,2027.22,0.0,14.3,0
36.0,65585.1,160186.73,27300.0,10276.3,0.0,1.3,0
54.0,170613.14,69526.83,50000.0,2352.75,2.0,18.1,0
56.0,16296.64,23955.34,3000.0,625.2,0.0,6.9,0
38.0,26871.23,18117.67,5100.0,2829.12,0.0,11.5,0
25.0,41479.96,3039.72,7800.0,899.83,0.0,4.5,0
45.0,74991.92,25060.49,26600.0,9195.7,0.0,15.0,0
22.0,92432.07,166349.82,24200.0,2329.8,1.0,3.0,1
34.0,88076.47,,32600.0,2496.84,1.0,5.4,0
54.0,19633.23,11971.95,5300.0,725.09,1.0,27.5,0
53.0,36148.56,36324.9,12200.0,2231.7,0.0,15.1,0
36.0,31565.18,55967.0,12000.0,4102.13,0.0,8.7,0
44.0,52097.94,66125.87,16400.0,4992.53,0.0,16.9,0
51.0,54773.84,134107.38,17100.0,4757.56,0.0,0.6,0
28.0,23824.36,26720.32,4200.0,860.04,0.0,6.5,0
62.0,41617.14,22543.24,11400.0,1825.09,0.0,27.2,1
,76750.19,110691.39,24100.0,,1.0,14.3,0
,37160.49,44247.6,10700.0,2359.4,0.0,0.9,0
38.0,48043.4,95808.42,20200.0,1266.41,1.0,1.8,0
28.0,149961.5,353948.48,50000.0,3368.02,0.0,9.2,1
56.0,178799.03,394520.27,50000.0,20698.33,1.0,26.2,0
45.0,15000.0,14993.98,3900.0,404.99,2.0,3.4,1
22.0,58008.14,36931.59,21200.0,5590.35,2.0,1.4,0
34.0,300000.0,698371.67,50000.0,12504.97,0.0,9.5,0
37.0,72208.14,72177.87,15900.0,2507.91,2.0,15.9,1
58.0,54780.74,105650.2,13900.0,168.98,,1.7,0
63.0,119087.39,295874.04,20400.0,1273.47,2.0,10.6,0
29.0,61750.4,92396.18,15400.0,3252.89,1.0,9.8,1
,82907.62,110035.24,,10570.87,2.0,0.0,0
34.0,47753.96,91264.19,20900.0,7710.19,0.0,3.2,1
68.0,61212.47,36781.36,14900.0,7103.87,0.0,48.0,0
36.0,69980.96,99335.31,29400.0,13916.6,0.0,11.0,0
,91065.59,76599.16,,5492.7,,6.5,0
65.0,41813.21,17529.61,8700.0,362.37,0.0,3.1,0
61.0,41136.89,66955.98,12600.0,4208.18,0.0,1.2,0
61.0,17043.27,26323.72,,1793.93,0.0,10.5,0
69.0,42946.45,83641.12,7000.0,1913.64,1.0,45.0,0
49.0,95972.91,216411.06,20800.0,6957.35,1.0,12.9,0
23.0,71534.47,42131.13,20500.0,,2.0,3.6,0
53.0,29790.62,61639.51,7400.0,3569.95,0.0,32.1,0
55.0,17286.52,19177.7,6300.0,3300.67,1.0,15.1,0
28.0,49739.15,83214.35,15100.0,5023.71,0.0,1.9,0
50.0,94302.85,203772.03,18700.0,3321.89,0.0,16.5,0
41.0,40646.22,28659.44,17000.0,,0.0,20.9,0
40.0,22766.52,36097.9,5400.0,1893.41,2.0,17.7,0
32.0,38036.28,49364.94,14000.0,3691.08,0.0,,0
44.0,65886.93,133919.97,25300.0,3698.19,0.0,18.0,0
28.0,114172.12,234525.26,50000.0,35511.47,2.0,5.7,0
68.0,46443.09,91501.82,13900.0,2141.62,2.0,45.4,0
,102021.15,77022.82,34200.0,3582.1,1.0,6.0,0
,95456.44,173848.03,23900.0,5759.67,0.0,8.5,1
68.0,26742.27,,9500.0,5015.52,0.0,44.0,0
31.0,114740.1,147641.82,33200.0,16642.92,0.0,5.3,0
44.0,64670.97,70650.9,18200.0,9481.27,2.0,12.5,0
35.0,,26031.86,10700.0,4258.22,0.0,1.2,0
45.0,155826.55,,25700.0,9023.02,0.0,7.5,0
68.0,50244.41,,20800.0,7957.41,0.0,16.2,0
64.0,16880.83,3392.73,6800.0,903.73,1.0,43.5,0
64.0,35462.82,77309.94,10700.0,2097.06,0.0,13.0,0
21.0,30593.03,68724.71,9100.0,2942.9,0.0,1.4,1
24.0,35988.55,77242.59,9300.0,1109.41,1.0,4.0,0
62.0,41476.77,96480.03,18600.0,11668.36,0.0,7.1,0
52.0,46423.75,27587.81,8500.0,1900.34,1.0,16.5,0
65.0,45387.79,56741.57,14800.0,938.85,0.0,34.7,0
26.0,51098.42,119258.83,18100.0,3285.37,1.0,6.9,0
,77067.43,158659.72,33200.0,12273.64,1.0,4.4,0
69.0,34618.32,2188.79,13300.0,2031.25,0.0,34.1,0
62.0,110040.12,132344.83,37800.0,5956.44,0.0,5.6,0
34.0,25975.0,1706.51,4800.0,1013.61,0.0,15.1,0
34.0,78360.19,58588.36,20500.0,3606.73,1.0,2.1,0
,145213.85,167825.33,27800.0,9628.48,1.0,37.2,0
50.0,48707.39,117085.62,20200.0,8358.63,0.0,8.5,0
49.0,,101427.15,22800.0,1887.69,1.0,,0
25.0,30309.5,31502.36,11400.0,4035.55,2.0,5.0,0
36.0,39852.12,55859.01,13800.0,6974.91,0.0,13.6,0
55.0,138774.71,287719.75,41900.0,4137.28,1.0,8.1,0
20.0,84888.12,70020.47,16600.0,6427.47,1.0,0.9,0
22.0,69642.24,,17300.0,8275.22,0.0,2.5,1
30.0,16936.31,12559.76,3200.0,1456.02,0.0,9.2,0
64.0,35246.31,44500.73,13000.0,2208.38,,4.8,0
63.0,153797.96,16719.74,30500.0,7238.67,2.0,43.3,0
48.0,69320.72,152357.85,25000.0,4657.0,2.0,,0
33.0,74709.1,20191.69,26700.0,11161.45,1.0,4.1,0
67.0,60014.0,36630.57,17300.0,2968.64,0.0,40.3,0
49.0,37504.13,34664.38,7100.0,3394.2,1.0,16.1,0
39.0,,109377.54,16200.0,6007.57,0.0,9.7,1
46.0,21630.76,40364.37,5300.0,1427.19,2.0,8.8,0
39.0,20675.96,6652.51,7400.0,2494.0,0.0,12.2,1
60.0,34850.93,4376.15,6400.0,589.12,1.0,30.7,0
20.0,60797.17,125817.43,24200.0,4376.62,0.0,0.8,0
27.0,21124.66,38088.05,8000.0,477.36,0.0,5.7,1
,58467.46,124733.05,12000.0,3186.46,2.0,28.7,0
38.0,29829.84,54473.12,10900.0,,3.0,14.2,1
33.0,32341.44,62372.58,11300.0,1650.53,,0.8,0
29.0,118155.06,121139.61,44200.0,9176.35,0.0,9.5,0
19.0,55402.3,83088.09,11500.0,1344.17,3.0,0.5,1
58.0,31499.18,64092.47,,669.47,1.0,10.5,0
41.0,60603.02,30089.25,13400.0,4012.14,1.0,5.6,0
52.0,22431.67,24330.79,5800.0,619.23,1.0,16.4,0
47.0,68145.35,134782.7,26400.0,8630.36,1.0,25.7,0
47.0,105281.28,146914.09,39100.0,6722.44,0.0,11.0,0
64.0,80582.54,154507.75,34500.0,17183.53,,34.5,0
52.0,197724.23,153417.08,,8648.74,1.0,3.3,0
36.0,16932.08,2150.32,2600.0,781.26,1.0,8.6,0
67.0,58464.88,8662.02,21000.0,,0.0,48.6,0
25.0,24194.96,57329.77,5700.0,303.39,1.0,5.4,0
43.0,,118046.57,12200.0,2745.65,0.0,5.3,0
66.0,54226.58,33478.13,17000.0,4835.33,2.0,24.1,0
57.0,212757.29,89205.47,38500.0,10769.49,2.0,9.1,0
24.0,52267.69,14413.68,17900.0,12043.36,0.0,2.5,0
47.0,51685.98,33576.01,12800.0,3694.17,0.0,22.6,0
24.0,99021.82,96246.53,33600.0,13476.31,1.0,4.6,0
20.0,52486.27,37070.24,21000.0,5415.42,1.0,0.5,0
18.0,162541.44,336859.49,32700.0,12839.57,2.0,0.0,1
53.0,80968.11,162575.17,34800.0,10875.24,0.0,,1
42.0,89063.23,27596.64,27500.0,9558.19,2.0,9.1,0
54.0,17667.14,36033.72,7500.0,5234.52,0.0,18.1,1
18.0,178283.04,241841.24,37900.0,9812.5,,0.0,0
32.0,36538.6,14236.74,12100.0,2163.83,0.0,7.8,1
54.0,53861.0,102922.26,14600.0,3341.97,1.0,17.5,0
30.0,36621.02,11411.89,14000.0,3534.2,2.0,6.1,0
57.0,29303.12,14372.64,9700.0,1394.97,1.0,6.9,0
25.0,26336.18,11557.91,7900.0,1732.77,0.0,5.7,0
22.0,57638.44,143665.73,24400.0,,1.0,2.2,0
26.0,16615.01,30714.65,4400.0,1714.98,,1.0,0
18.0,46831.84,50611.92,,2458.73,0.0,0.0,0
53.0,102197.37,222062.31,34000.0,11994.56,0.0,32.6,0
52.0,79155.17,57517.83,26700.0,14782.07,1.0,32.2,0
19.0,70225.11,164681.07,19800.0,1215.75,1.0,0.4,0
57.0,31658.73,57161.79,9400.0,1996.67,0.0,5.3,0
40.0,20917.53,31013.81,9200.0,,1.0,11.4,0
26.0,101222.51,207695.86,37400.0,6605.08,0.0,,0
51.0,41382.94,68997.41,7600.0,2290.08,1.0,30.8,0
63.0,51542.03,115092.36,11000.0,783.83,0.0,8.3,0
31.0,48119.52,107539.26,21300.0,7793.19,0.0,3.3,0
21.0,81099.8,42767.62,29800.0,2657.58,0.0,1.2,1
47.0,163732.56,114454.08,50000.0,16352.16,0.0,11.1,0
48.0,130277.82,26162.99,31400.0,4961.12,0.0,23.8,0
55.0,15000.0,11647.62,5600.0,3390.16,0.0,16.9,0
28.0,45020.65,46570.83,16400.0,7910.6,0.0,1.7,0
52.0,24147.93,3024.47,5800.0,1284.17,0.0,9.1,0
25.0,95135.49,82540.8,30000.0,7630.51,0.0,3.6,1
20.0,54306.0,113499.46,18400.0,8750.54,1.0,0.3,0
31.0,77939.73,175110.45,22900.0,11373.18,,8.0,0
30.0,42767.14,10652.9,17000.0,9704.19,0.0,6.8,1
62.0,29038.48,7124.93,11600.0,6606.08,0.0,31.4,0
49.0,,14208.26,13000.0,2438.67,0.0,29.1,0
51.0,21594.47,50447.74,8400.0,3340.64,0.0,30.1,0
62.0,25382.61,32140.21,7500.0,2361.46,0.0,41.6,0
36.0,22368.84,58226.06,5900.0,3260.11,0.0,4.4,0
55.0,29102.47,70017.82,11600.0,5458.98,,4.9,0
33.0,28131.16,64301.37,8400.0,1700.53,0.0,4.5,0
19.0,68628.0,30273.85,15400.0,8231.15,1.0,,1
57.0,67031.44,81530.99,20300.0,1892.72,0.0,37.9,0
34.0,68583.18,174026.45,13200.0,,0.0,13.7,0
51.0,109644.35,54641.77,39200.0,13787.13,,3.6,0
59.0,51688.84,,13000.0,7307.69,0.0,38.8,0
33.0,33911.56,30852.42,7700.0,1664.74,2.0,6.4,0
55.0,204197.34,216135.84,50000.0,18136.84,0.0,0.3,0
19.0,,213537.13,35700.0,5798.8,0.0,0.4,1
19.0,59360.95,100243.89,22900.0,12997.75,0.0,0.0,0
43.0,56938.37,117255.78,19200.0,9247.05,1.0,13.6,1
30.0,64459.48,111294.08,25900.0,2803.23,0.0,4.1,0
64.0,47989.58,66792.23,18100.0,3324.13,0.0,21.8,0
48.0,58508.93,122107.67,19300.0,6302.23,1.0,18.4,0
51.0,73103.23,186229.3,32000.0,8820.02,2.0,28.7,0
,35034.14,86767.51,7300.0,2088.28,0.0,25.2,0
20.0,20323.45,40695.24,8800.0,584.27,0.0,0.9,0
25.0,15593.58,,4200.0,658.84,,5.7,1
40.0,92294.45,39240.29,28500.0,1593.62,1.0,19.9,0
31.0,20957.37,3227.48,3900.0,897.52,0.0,1.6,0
44.0,71625.5,42117.94,22300.0,674.54,0.0,13.8,0
46.0,27102.64,25955.53,,2900.8,3.0,8.0,0
56.0,27365.88,11062.04,12300.0,2178.42,0.0,1.8,0
56.0,35209.84,23689.88,15600.0,3905.0,0.0,25.4,0
18.0,60869.0,20851.28,26800.0,8137.96,0.0,0.0,0
34.0,25005.35,35138.97,6400.0,2402.16,1.0,2.6,1
58.0,37415.51,,16700.0,5766.53,1.0,,0
47.0,53346.76,104419.39,15300.0,5358.64,0.0,24.7,0
30.0,26208.6,22370.19,10600.0,574.48,1.0,,0
38.0,127636.36,229118.78,27400.0,14669.68,0.0,5.3,0
36.0,19273.33,43485.77,5800.0,963.05,3.0,16.3,0
36.0,47529.15,15507.47,20900.0,5286.74,1.0,5.8,0
,116253.03,301690.43,50000.0,14254.58,1.0,13.3,0
39.0,24472.86,41908.72,8700.0,2431.35,0.0,1.1,0
48.0,50727.55,14271.01,19800.0,7503.2,1.0,1.3,0
34.0,58671.84,49445.84,11900.0,3388.12,0.0,11.5,0
40.0,33387.53,79072.91,12200.0,5099.07,0.0,9.8,0
,51715.37,85214.47,17300.0,8128.37,1.0,7.9,0
27.0,75876.83,58410.68,13500.0,3926.87,2.0,1.7,1
27.0,40933.97,97891.82,7500.0,1646.38,0.0,6.0,0
53.0,85699.11,172888.55,15600.0,4221.44,0.0,0.0,1
25.0,68571.93,137282.24,25200.0,,0.0,5.6,0
69.0,38187.36,85702.66,7400.0,885.94,1.0,4.0,0
,106560.97,215700.77,,10629.53,1.0,3.6,0
49.0,34732.73,24976.99,8900.0,78.98,0.0,12.0,0
67.0,,138974.75,28500.0,6813.6,1.0,23.8,1
31.0,35108.22,76308.72,12700.0,2380.8,0.0,,0
67.0,44817.59,28179.53,15900.0,,0.0,15.7,0
45.0,49139.25,22771.56,15000.0,2744.46,0.0,26.0,0
63.0,66379.92,30966.3,19200.0,4584.22,,28.9,0
69.0,15000.0,8548.06,4000.0,1263.49,1.0,1.2,0
41.0,71311.25,28364.98,29100.0,9961.18,1.0,9.9,0
32.0,50945.54,108317.21,12700.0,1633.55,,12.3,1
39.0,64308.31,,14700.0,4711.73,2.0,6.3,1
47.0,73239.71,36578.89,27300.0,8863.34,0.0,2.7,1
21.0,68616.29,123801.87,17700.0,2773.51,2.0,2.3,1
30.0,16245.7,28031.34,6600.0,2567.2,0.0,7.3,0
40.0,28663.9,24525.93,7100.0,4733.92,0.0,12.5,0
25.0,66150.62,39390.83,23900.0,1789.42,0.0,0.4,0
35.0,61072.55,40815.93,10000.0,2556.14,0.0,2.4,0
29.0,33734.21,66933.11,9000.0,5314.99,0.0,6.8,0
48.0,84337.64,,,4778.98,0.0,6.2,0
31.0,46450.61,38816.86,18300.0,6538.41,0.0,6.6,0
51.0,92174.22,12375.6,40600.0,7195.16,1.0,18.0,0
35.0,111972.97,266000.43,32300.0,11755.59,,4.8,0
51.0,64021.95,,25400.0,8109.81,1.0,31.3,0
28.0,75609.07,98746.4,27200.0,9379.56,0.0,8.4,0
58.0,37606.19,89977.05,16600.0,,2.0,28.9,0
29.0,92533.49,75862.34,36400.0,7958.44,0.0,0.9,0
66.0,61751.57,107189.85,10700.0,3029.61,0.0,5.1,0
32.0,45395.73,47064.49,16500.0,12433.18,0.0,6.9,0
48.0,26074.39,21679.81,8100.0,1174.1,0.0,4.8,0
66.0,40486.96,86267.16,6300.0,767.89,0.0,47.0,0
46.0,27842.38,56748.28,6300.0,1966.87,0.0,4.4,0
43.0,85553.21,72431.98,36500.0,9527.39,0.0,12.2,0
35.0,,30385.22,48200.0,7458.92,1.0,,0
49.0,93878.96,110207.32,36600.0,26283.25,0.0,19.8,0
39.0,240773.55,469979.41,50000.0,12475.03,2.0,2.7,0
55.0,41099.69,13581.01,16100.0,3250.15,0.0,15.9,0
34.0,77493.04,130449.76,,241.91,0.0,4.4,0
40.0,26667.13,59606.46,6300.0,287.88,1.0,19.5,0
41.0,48129.45,22808.85,7700.0,1243.59,0.0,0.9,0
,22327.86,48513.05,4000.0,385.11,0.0,44.8,0
25.0,76184.75,16201.68,16400.0,6418.82,1.0,5.8,0
58.0,43770.05,79150.77,,6177.31,0.0,11.9,0
23.0,15791.87,32980.58,6400.0,1750.62,0.0,3.9,0
22.0,35917.82,44048.84,14700.0,4111.27,0.0,0.1,0
61.0,158874.3,88662.51,50000.0,7744.38,0.0,41.6,0
46.0,,172180.71,29700.0,11962.08,0.0,14.7,0
45.0,85944.38,9788.23,25800.0,5497.7,0.0,8.2,0
28.0,58414.95,94926.47,24300.0,13865.32,0.0,3.6,0
18.0,,49253.34,13900.0,3966.37,0.0,0.0,0
60.0,54685.15,70549.75,12800.0,7517.3,0.0,41.6,0
36.0,62771.7,87557.8,,3355.05,0.0,0.7,0
26.0,28057.42,39603.67,7500.0,2094.5,0.0,5.2,0
44.0,85633.96,46025.63,25800.0,2432.88,0.0,11.5,0
51.0,106201.82,186952.84,26400.0,,0.0,31.3,0
61.0,48148.55,7919.34,,5614.43,0.0,10.6,0
21.0,39583.82,6039.4,17800.0,3943.03,2.0,1.6,1
53.0,34712.48,42174.5,5500.0,650.79,0.0,16.9,0
35.0,155675.65,213206.65,50000.0,2303.94,1.0,11.9,0
32.0,41300.81,28818.38,6200.0,435.48,3.0,1.0,0
68.0,80176.73,114022.01,20800.0,3443.16,0.0,9.7,0
30.0,48351.66,69226.22,9700.0,6839.37,0.0,2.6,0
36.0,,43439.0,17700.0,2572.7,1.0,13.3,0
66.0,34240.01,57617.14,5700.0,1825.21,0.0,9.1,0
23.0,30267.21,74929.69,9600.0,2444.47,0.0,2.9,0
65.0,84453.17,108901.36,20100.0,5276.75,1.0,10.1,0
29.0,29859.15,60682.8,5700.0,2005.78,1.0,9.5,0
68.0,71504.21,52926.65,27300.0,8666.16,0.0,47.1,0
54.0,57202.36,110226.42,12300.0,1262.99,0.0,18.7,0
34.0,85100.07,141007.65,18500.0,2952.79,1.0,5.6,0
40.0,37572.5,61992.52,8700.0,1904.91,2.0,5.1,0
43.0,103578.65,238324.88,33800.0,7076.39,1.0,1.2,0
46.0,49775.87,32083.51,17300.0,3045.48,1.0,7.5,0
50.0,256534.09,243364.14,39800.0,7064.1,1.0,20.9,0
44.0,20568.05,5140.48,4600.0,869.14,3.0,13.9,0
42.0,232666.38,437670.78,50000.0,15311.51,0.0,22.7,0
27.0,50220.59,108840.78,12500.0,2892.0,,3.6,0
64.0,61925.12,64864.28,25700.0,2036.06,1.0,31.9,0
40.0,37700.41,36776.85,14600.0,3145.56,0.0,10.8,0
38.0,21134.69,,7100.0,829.86,1.0,10.3,1
38.0,39456.81,8811.94,9900.0,1355.54,1.0,5.4,0
60.0,43503.11,36427.82,15700.0,4470.23,0.0,19.1,0
30.0,60456.6,63128.74,24400.0,7778.79,2.0,,0
54.0,106157.91,149282.22,34900.0,11651.07,0.0,25.4,0
50.0,,73587.04,23400.0,1214.17,3.0,30.1,0
41.0,61382.81,36693.54,23000.0,4670.06,1.0,7.6,0
61.0,68228.7,103846.25,21900.0,11603.12,0.0,1.8,0
28.0,18902.36,43978.52,4600.0,225.76,0.0,5.0,0
34.0,19979.96,3742.83,7500.0,2389.79,1.0,8.7,1
,22066.29,38471.23,4700.0,941.62,0.0,0.5,0
64.0,43305.53,70589.07,16600.0,2955.68,0.0,35.0,0
42.0,17623.19,42419.17,6900.0,1690.79,1.0,23.6,0
47.0,35815.19,63175.67,14200.0,,1.0,27.4,0
26.0,23838.34,40268.45,7000.0,3030.42,0.0,1.6,0
38.0,72593.4,147599.66,15100.0,7892.63,1.0,17.5,1
37.0,70445.41,50093.87,12700.0,2929.62,0.0,13.4,0
36.0,,69998.13,16900.0,2629.12,2.0,8.2,1
36.0,,25670.76,,3170.68,1.0,9.7,0
29.0,46991.11,55358.39,16200.0,3847.62,0.0,9.3,0
54.0,65984.53,14876.6,,1764.29,1.0,17.3,1
59.0,88118.34,78059.63,37900.0,13594.71,1.0,15.3,0
34.0,155133.73,114870.87,50000.0,6284.35,0.0,7.9,0
54.0,105989.88,197111.57,29700.0,5203.39,0.0,20.8,0
65.0,59806.28,144560.25,19600.0,6907.7,1.0,8.9,0
56.0,45654.4,29780.94,17500.0,3439.81,0.0,34.2,0
45.0,34691.14,8489.07,12900.0,2017.1,2.0,18.2,0
58.0,122197.9,314135.73,50000.0,8654.13,0.0,25.3,0
52.0,59871.41,107774.99,11000.0,4316.4,0.0,3.4,0
64.0,79088.8,181741.69,25600.0,6466.9,1.0,27.8,0
65.0,38020.02,23103.36,13600.0,9427.61,2.0,5.7,0
35.0,25731.07,54916.46,10700.0,3404.91,0.0,1.3,0
31.0,42608.0,87920.55,17600.0,1285.3,0.0,6.9,0
52.0,45172.47,22442.29,20000.0,5334.47,1.0,13.7,0
61.0,60782.88,35205.47,,10678.94,2.0,25.3,0
58.0,34805.81,28585.25,13900.0,2876.7,,3.6,0
24.0,54994.14,33935.6,15300.0,4130.5,1.0,2.6,0
58.0,109822.84,286405.95,30400.0,18600.23,0.0,7.0,0
30.0,19855.24,19378.85,4500.0,,0.0,11.8,0
35.0,15212.28,32015.22,6000.0,3062.2,2.0,9.5,0
54.0,114410.52,238302.76,50000.0,8037.06,1.0,,0
30.0,22512.46,22882.65,5100.0,,1.0,3.9,0
53.0,43129.26,74258.13,7200.0,659.61,0.0,3.3,0
48.0,78048.66,25408.97,,4374.83,0.0,29.3,0
19.0,52284.97,55340.48,17600.0,3452.61,,0.3,0
33.0,51845.7,129259.9,22700.0,3882.65,1.0,6.4,0
26.0,56581.54,24118.21,12800.0,278.9,1.0,5.2,0
26.0,245543.27,242330.86,,5558.82,1.0,,0
55.0,157688.2,329617.18,46900.0,17977.4,1.0,30.0,0
28.0,35730.67,60604.46,6300.0,1164.41,0.0,5.4,0
39.0,101776.34,162184.9,23300.0,1500.77,0.0,,0
50.0,73372.51,,13800.0,4423.59,2.0,2.0,1
53.0,53545.72,5659.82,11600.0,1765.19,0.0,5.7,0
62.0,31422.48,63670.89,5700.0,3091.15,0.0,39.4,0
40.0,,159361.41,31000.0,2648.52,0.0,15.1,0
62.0,45088.06,2908.23,10500.0,,0.0,11.0,0
62.0,43142.5,62724.38,12200.0,2436.73,2.0,2.9,0
51.0,34192.35,30320.19,14300.0,522.54,0.0,22.8,0
26.0,98705.32,29207.03,34900.0,16680.66,0.0,4.6,0
41.0,34178.67,38874.38,11500.0,3179.19,0.0,9.3,1
25.0,34303.85,61370.49,,6138.71,1.0,2.5,1
24.0,,207564.47,34400.0,9053.62,0.0,1.3,0
53.0,49682.19,81040.0,20500.0,3966.72,0.0,23.4,0
35.0,50490.92,116471.26,17300.0,8326.89,0.0,16.5,1
20.0,100683.39,35830.47,42000.0,5229.89,0.0,0.4,0
45.0,119159.76,72215.96,37000.0,9501.83,2.0,16.1,0
23.0,15112.73,39399.08,3500.0,,1.0,2.1,0
61.0,50148.08,118286.74,20800.0,7033.14,1.0,19.2,0
61.0,23244.91,14707.55,7300.0,1037.98,1.0,10.9,0
38.0,42955.67,77222.4,18100.0,10536.53,0.0,16.5,0
45.0,53957.84,49627.86,8700.0,710.66,2.0,13.1,1
57.0,43786.78,51931.89,11800.0,635.84,1.0,21.2,0
18.0,29285.12,65420.28,12700.0,2392.98,2.0,0.0,0
53.0,28407.15,55375.1,6400.0,3126.35,1.0,6.4,0
38.0,83848.33,75317.49,36300.0,25334.96,0.0,,0
60.0,136064.71,123677.08,50000.0,16188.31,1.0,30.0,0
52.0,15736.12,14260.33,,2863.03,0.0,6.7,1
30.0,,91467.52,14200.0,4602.78,1.0,8.3,0
66.0,84050.95,113842.15,28900.0,10861.16,0.0,18.7,0
27.0,53126.85,134925.73,21800.0,8653.26,1.0,3.7,0
61.0,27772.12,59583.83,10600.0,2880.99,1.0,20.2,0
64.0,,26876.66,13800.0,5401.74,1.0,16.9,0
27.0,64944.62,135324.87,28900.0,7717.98,0.0,0.9,0
63.0,45057.05,61818.97,16000.0,4812.86,0.0,13.9,0
30.0,52638.97,41348.41,23300.0,7960.81,0.0,8.0,1
54.0,53557.1,49564.49,9000.0,917.0,1.0,24.0,0
55.0,39554.35,97431.5,7600.0,1301.96,1.0,10.6,0
41.0,88427.78,,25200.0,8733.6,0.0,10.6,0
19.0,40680.54,76891.25,10800.0,3706.36,2.0,0.2,1
39.0,29635.23,38433.86,11400.0,3087.53,2.0,4.4,0
,,201027.15,,9262.88,0.0,0.4,0
53.0,51705.71,105243.29,22900.0,2294.63,0.0,31.4,0
31.0,15000.0,32179.91,3700.0,367.75,1.0,2.7,0
27.0,115018.34,27031.67,32100.0,6360.24,1.0,2.0,0
52.0,114796.62,83966.13,26700.0,,1.0,9.5,0
42.0,71275.31,94951.51,23100.0,4454.84,0.0,3.1,0
20.0,79140.59,64665.87,13300.0,2046.32,0.0,1.3,0
64.0,197964.97,394318.96,38600.0,6513.99,0.0,3.5,0
55.0,30403.68,11650.29,11400.0,2929.5,0.0,5.0,1
34.0,,122797.6,,5750.08,0.0,10.3,0
29.0,176631.62,279906.46,39000.0,7060.76,3.0,3.7,1
69.0,200574.58,164892.69,50000.0,19793.17,2.0,36.1,0
41.0,43492.54,40401.1,7700.0,2948.08,2.0,12.8,0
46.0,180970.72,116301.74,50000.0,33553.26,2.0,7.2,0
60.0,87691.34,,13800.0,2246.02,0.0,27.3,0
42.0,132870.29,250008.92,33800.0,11749.61,0.0,2.8,0
53.0,85981.94,85482.98,30900.0,4684.86,2.0,18.8,0
43.0,65073.18,113158.59,11500.0,1316.64,0.0,10.9,0
55.0,203950.43,268182.26,50000.0,6051.12,0.0,9.9,0
18.0,39451.76,19957.82,16700.0,,1.0,0.0,1
37.0,169629.15,216912.65,30800.0,5270.33,0.0,16.6,0
45.0,186542.31,381914.03,50000.0,29129.95,1.0,27.0,0
33.0,122740.66,106836.22,29400.0,,1.0,9.1,0
64.0,51894.22,84938.19,9100.0,858.96,0.0,18.6,0
34.0,62734.15,34415.67,9500.0,3200.31,1.0,3.6,0
57.0,,10403.78,6900.0,1850.32,0.0,10.0,1
45.0,41293.15,41930.26,14000.0,4743.08,0.0,12.9,0
29.0,78623.59,81545.74,,5044.28,0.0,4.0,0
,23016.64,45052.27,9200.0,1262.56,0.0,23.8,0
59.0,45308.65,56010.71,16500.0,3896.84,0.0,15.1,0
64.0,174015.07,60834.63,44400.0,25494.39,0.0,17.2,0
47.0,,83527.64,18300.0,5254.08,0.0,11.1,0
58.0,100727.79,128895.41,43500.0,10728.3,0.0,33.5,0
51.0,76107.45,63788.76,13500.0,,1.0,21.5,0
54.0,45043.61,93250.11,10900.0,2913.03,0.0,22.1,0
23.0,49363.71,23480.98,,4428.46,0.0,1.7,0
24.0,59881.28,137384.99,17900.0,674.18,0.0,4.9,0
49.0,15825.64,14065.34,4900.0,848.5,0.0,1.2,0
49.0,95624.55,120487.31,23000.0,10294.01,0.0,27.0,0
42.0,50461.8,120830.72,17700.0,3603.8,0.0,12.3,0
50.0,97650.52,194520.71,33500.0,,,12.7,0
24.0,68385.79,19060.77,22100.0,6357.69,0.0,3.0,1
69.0,49141.75,73713.68,9000.0,2667.38,0.0,34.0,0
29.0,60993.9,49426.72,17900.0,,,0.1,0
33.0,61117.07,80919.81,15700.0,3226.53,0.0,13.1,0
33.0,131362.25,274506.13,39100.0,30510.92,1.0,6.7,1
60.0,56251.76,78298.47,24000.0,8521.97,2.0,14.4,0
53.0,,,18900.0,6674.45,2.0,4.8,1
30.0,25409.19,35452.5,3900.0,1786.56,0.0,5.3,0
24.0,52668.56,9138.89,14800.0,5961.7,0.0,3.0,1
53.0,129649.0,116125.49,50000.0,3198.18,1.0,14.1,0
64.0,70072.98,88881.74,26900.0,5139.18,1.0,,0
68.0,28321.96,48745.38,8600.0,3099.33,1.0,21.0,0
26.0,30203.2,39592.98,6800.0,1370.32,1.0,7.7,0
49.0,34721.1,,10100.0,2230.31,0.0,18.6,0
28.0,98693.92,243376.48,31500.0,13365.97,1.0,8.1,0
25.0,91667.6,157715.86,41200.0,8687.33,0.0,0.8,0
50.0,15000.0,13135.59,5100.0,1249.3,1.0,12.7,1
40.0,51594.41,129393.57,18500.0,4800.85,0.0,7.4,0
42.0,59194.44,136685.86,17600.0,6076.64,0.0,13.7,0
25.0,30415.69,16005.18,7800.0,5094.3,1.0,6.0,0
62.0,42860.89,75149.0,16900.0,4918.31,1.0,3.4,0
39.0,,176978.51,35900.0,8393.5,0.0,1.5,0
21.0,69238.06,37705.41,31000.0,4331.12,0.0,2.6,0
57.0,40144.89,27358.27,11500.0,3926.19,1.0,8.3,0
20.0,48417.42,69659.94,8300.0,1418.76,0.0,1.3,0
46.0,47253.22,41158.2,16800.0,3203.44,0.0,15.2,0
58.0,64162.43,138896.93,10500.0,4984.9,2.0,33.3,1
46.0,22974.99,6798.83,5200.0,1184.94,0.0,3.5,0
51.0,36248.27,89652.13,9300.0,6822.04,1.0,4.3,1
,100834.7,232593.95,37500.0,20701.79,1.0,18.4,1
,51868.15,98516.25,15500.0,2738.67,,25.6,0
30.0,32534.46,23849.04,5200.0,2492.83,0.0,5.0,0
32.0,33349.7,62055.7,11200.0,2446.62,1.0,4.6,0
40.0,83492.01,93887.52,22800.0,,1.0,13.3,0
61.0,,66946.22,16900.0,4032.52,0.0,40.0,0
43.0,73610.43,68060.24,22100.0,10542.08,1.0,20.9,0
,37193.88,80031.33,13500.0,2309.34,0.0,3.0,0
,27502.19,4097.59,5900.0,1307.76,1.0,0.6,0
57.0,62734.62,114814.42,23700.0,6368.26,1.0,4.4,0
26.0,51101.62,112904.82,18700.0,,0.0,4.9,0
22.0,81721.68,135256.0,34400.0,3188.02,1.0,3.3,0
49.0,92085.67,50946.3,14700.0,6747.07,0.0,8.8,0
37.0,43705.09,33133.43,12400.0,1995.65,1.0,4.5,0
67.0,66793.45,98398.82,23600.0,12418.07,0.0,38.6,0
28.0,42903.73,38290.39,7700.0,2953.91,0.0,0.6,0
32.0,79236.17,12190.66,21600.0,11216.76,1.0,5.2,0
49.0,62320.72,11190.26,27000.0,4852.54,1.0,15.7,1
45.0,37260.84,73777.74,10500.0,2258.5,0.0,15.1,0
39.0,35434.93,12926.5,15800.0,5511.1,0.0,15.3,0
58.0,63652.94,152431.93,10600.0,4753.63,0.0,14.2,0
34.0,108805.22,130615.6,39800.0,10185.51,3.0,,0
43.0,93039.34,191698.41,30200.0,15345.45,0.0,14.6,0
61.0,30766.89,10849.46,9200.0,1195.99,0.0,23.5,0
24.0,32770.83,79204.04,14500.0,3298.0,1.0,3.8,0
59.0,35800.37,5260.72,6800.0,2234.8,2.0,10.6,0
43.0,37875.59,7410.02,15900.0,3420.1,1.0,2.1,1
42.0,18215.06,2809.2,6500.0,323.49,0.0,2.9,0
27.0,87031.55,25787.0,19800.0,3287.57,2.0,2.0,0
62.0,41211.41,53309.86,17300.0,3152.31,0.0,22.0,0
36.0,71485.12,146308.76,19900.0,5433.67,0.0,15.1,1
28.0,44826.07,36190.65,17700.0,4257.92,2.0,7.0,0
30.0,53434.96,103371.71,14200.0,3745.32,1.0,9.5,0
25.0,35914.22,71779.41,14600.0,2279.92,0.0,2.5,1
57.0,,127510.14,18200.0,6560.37,0.0,15.8,0
21.0,32120.59,,6200.0,732.65,0.0,1.2,1
64.0,53503.17,25379.74,18500.0,7250.93,0.0,8.8,0
48.0,129875.79,56017.16,26900.0,16374.18,2.0,,0
45.0,74040.15,76238.54,20300.0,9730.01,0.0,16.0,0
28.0,64513.59,80590.18,13000.0,1655.76,0.0,9.9,0
60.0,,29362.8,3800.0,1040.35,0.0,7.0,1
18.0,76141.89,56066.56,16300.0,7136.12,0.0,0.0,0
66.0,80714.38,132112.35,25100.0,6605.6,1.0,37.4,0
64.0,63637.58,64153.12,18700.0,10335.83,0.0,11.6,0
69.0,61609.39,61107.59,18500.0,4722.22,0.0,42.3,0
55.0,49806.03,17658.75,11200.0,4518.67,1.0,26.0,0
41.0,79988.77,124399.09,28400.0,5969.45,0.0,21.8,0
64.0,125267.45,221019.98,45300.0,15806.73,0.0,18.8,0
48.0,66059.88,128754.96,17000.0,,0.0,19.9,0
58.0,30241.48,70855.62,12500.0,2509.18,1.0,18.6,0
63.0,31661.91,65702.75,10900.0,5069.84,1.0,28.4,0
67.0,83762.77,50253.32,30500.0,,0.0,22.0,0
43.0,30389.28,18319.48,7100.0,416.0,2.0,4.7,0
66.0,61122.36,140624.04,9200.0,793.32,1.0,24.4,0
67.0,44032.11,96906.29,18000.0,9928.17,2.0,25.9,0
22.0,28471.49,57190.74,11300.0,1511.44,0.0,3.2,0
37.0,,173714.44,16700.0,13101.83,0.0,14.0,0
69.0,82789.97,56752.9,21700.0,1448.79,1.0,33.9,0
58.0,24019.24,,8400.0,413.05,0.0,4.5,0
28.0,72320.73,30215.92,25000.0,4382.11,1.0,7.2,0
50.0,66247.7,64739.82,27000.0,6770.17,0.0,16.0,0
67.0,89543.01,83780.76,17200.0,6219.83,0.0,43.8,0
55.0,59878.28,,16700.0,2819.45,0.0,34.0,0
44.0,127529.33,160452.11,22800.0,12695.49,1.0,1.4,1
51.0,50211.71,63785.8,13400.0,6066.42,0.0,27.1,0
32.0,46015.95,65154.5,7100.0,1471.6,0.0,0.5,0
49.0,30185.76,36681.6,12700.0,5332.3,0.0,,0
38.0,30934.73,21404.92,9500.0,2072.01,0.0,10.8,0
63.0,29299.01,50641.92,11900.0,1996.72,0.0,6.7,0
22.0,,126304.58,10400.0,4227.29,0.0,3.0,1
23.0,46098.72,57196.46,10100.0,,0.0,0.0,0
55.0,66066.42,112809.74,15100.0,5537.17,1.0,6.2,0
,26224.54,36850.57,7000.0,1751.43,1.0,12.2,0
35.0,,10597.17,12700.0,5815.25,1.0,12.1,0
31.0,32095.59,36746.06,8500.0,2798.18,1.0,11.9,0
27.0,199099.99,21428.88,42100.0,16524.8,0.0,6.3,0
63.0,49049.79,,8300.0,2024.19,1.0,30.2,0
30.0,52061.46,70739.53,9100.0,4600.46,0.0,4.7,1
48.0,51716.3,19515.47,19500.0,,2.0,0.0,0
47.0,137543.79,202216.57,39000.0,15778.87,,3.5,0
,20578.38,46771.0,7600.0,550.62,0.0,1.1,0
47.0,52263.85,51059.94,18500.0,6571.54,0.0,19.6,0
23.0,20462.96,51657.32,3900.0,,1.0,2.1,1
46.0,15000.0,37712.88,2900.0,1736.13,0.0,20.5,1
25.0,34872.58,73644.34,13100.0,5179.89,1.0,3.7,0
,69376.14,144113.96,25400.0,2968.21,1.0,3.2,0
62.0,,36897.22,8800.0,2444.15,,8.4,0
60.0,68696.88,71233.78,11900.0,2100.49,0.0,35.3,0
61.0,57750.41,139139.19,8900.0,1347.09,1.0,31.2,0
50.0,49839.38,48564.63,11800.0,2937.14,1.0,28.6,0
34.0,115725.71,28303.16,17700.0,,1.0,1.9,0
65.0,37887.56,19463.7,8300.0,5000.02,0.0,46.5,0
28.0,68076.9,127076.36,18800.0,6171.96,0.0,2.1,0
30.0,18364.01,17989.25,3400.0,406.59,0.0,0.1,0
67.0,,30489.55,10400.0,1841.83,3.0,48.9,0
28.0,46428.57,99478.9,19500.0,5021.58,0.0,2.8,0
48.0,26652.87,33850.99,8700.0,,0.0,20.0,0
45.0,68809.65,102571.52,29600.0,4923.54,1.0,4.8,0
61.0,34774.14,15851.05,8800.0,2467.41,,24.9,0
23.0,153171.08,99685.86,50000.0,25874.94,1.0,4.5,0
58.0,15000.0,6222.96,3200.0,1503.36,0.0,12.8,0
33.0,62878.22,89391.65,,,1.0,10.1,0
21.0,55582.2,109002.13,10500.0,1220.32,0.0,0.6,0
52.0,45774.47,85034.28,6900.0,1234.36,1.0,21.2,0
65.0,39436.95,32026.08,16900.0,6270.71,1.0,15.8,0
43.0,56453.75,123024.28,17900.0,2841.28,1.0,5.3,0
29.0,102468.92,41338.03,43900.0,14270.65,2.0,3.4,1
28.0,19864.48,5866.89,5000.0,203.03,0.0,,0
54.0,33403.23,73776.02,8300.0,2852.25,,32.5,0
42.0,28848.4,,7800.0,4792.95,1.0,9.5,1
,28046.65,54780.89,10100.0,5130.2,0.0,4.2,1
36.0,66546.05,12175.49,21300.0,10664.96,2.0,8.1,1
40.0,77157.37,31160.92,33000.0,13105.89,1.0,7.1,0
55.0,102648.08,161449.87,16200.0,5094.08,1.0,27.5,0
35.0,77890.46,52452.43,28200.0,16931.27,0.0,,0
43.0,81771.59,9199.49,20400.0,3431.8,1.0,11.0,0
23.0,,,4700.0,1840.58,0.0,4.3,0
21.0,131944.67,126821.83,40000.0,17795.78,1.0,1.7,0
61.0,47769.64,98199.23,14400.0,2390.42,0.0,6.8,0
68.0,100689.59,211105.09,19200.0,4986.2,1.0,34.5,0
46.0,23725.36,37741.16,,1297.64,1.0,14.4,0
51.0,46870.7,40455.29,12800.0,6118.55,0.0,21.5,0
34.0,95397.68,116659.22,,6563.94,0.0,14.2,1
60.0,55091.72,99404.13,13500.0,,0.0,18.5,0
60.0,,9165.28,6700.0,3193.97,0.0,37.8,0
33.0,118882.16,109885.86,18000.0,11065.93,0.0,11.3,0
19.0,26826.66,61840.4,11800.0,6686.82,2.0,0.5,1
51.0,53516.43,56084.35,23200.0,1761.35,0.0,19.9,0
25.0,,134484.35,23500.0,10258.29,0.0,2.3,0
30.0,190501.28,49789.92,50000.0,3910.37,0.0,11.8,0
59.0,41150.31,87099.54,14500.0,,1.0,27.4,0
,45895.82,15853.81,7800.0,4326.44,1.0,0.3,0
47.0,41489.07,,7700.0,2168.36,1.0,9.5,0
49.0,62510.02,19519.51,26600.0,2860.43,0.0,19.3,0
53.0,77092.17,183206.08,26100.0,11503.94,0.0,2.0,0
64.0,104400.32,97970.49,42100.0,3026.26,1.0,1.1,0
47.0,85274.32,136322.15,35800.0,3181.07,0.0,13.1,0
18.0,40198.12,90922.87,11400.0,5848.52,0.0,0.0,0
60.0,88258.26,3785.38,14500.0,1525.66,0.0,18.4,0
56.0,57235.37,45691.29,11800.0,7673.67,0.0,10.0,0
34.0,84723.76,199692.9,14400.0,7298.31,0.0,2.6,1
37.0,87677.49,88707.09,18100.0,3621.33,1.0,13.1,0
41.0,144073.01,257332.97,39400.0,2908.71,0.0,11.8,1
67.0,43793.72,16267.11,8100.0,,0.0,,0
39.0,39052.74,,7800.0,3763.58,0.0,6.7,0
46.0,70848.43,27950.75,20100.0,14992.4,2.0,16.6,0
39.0,110140.29,202675.48,27800.0,5159.48,0.0,1.5,0
61.0,56097.04,54537.98,16300.0,9126.73,0.0,6.3,0
26.0,114534.04,144587.56,31900.0,11199.02,0.0,0.6,0
54.0,81963.97,42542.33,28100.0,8473.97,0.0,29.2,0
27.0,48015.09,82761.54,20700.0,7395.97,,6.8,0
,75962.97,68908.01,13900.0,4801.41,1.0,26.4,0
54.0,41735.36,40899.54,7500.0,898.81,0.0,25.8,1
45.0,62514.89,111498.82,25400.0,9569.4,,18.1,0
45.0,28455.72,16375.72,8600.0,3651.63,0.0,12.9,0
59.0,52005.57,113506.08,19800.0,2733.06,1.0,26.3,0
60.0,98697.36,193971.43,21200.0,11557.39,1.0,1.6,0
38.0,85844.1,133331.66,34200.0,9344.88,0.0,12.4,0
41.0,,26993.95,33600.0,1766.97,0.0,17.9,0
59.0,64375.46,113147.61,21900.0,2565.1,1.0,20.5,0
57.0,59629.62,3849.8,10800.0,1151.65,2.0,13.9,0
19.0,25330.53,52975.45,10600.0,2036.02,2.0,,0
25.0,47875.0,45018.53,18600.0,8657.74,0.0,4.5,1
65.0,60449.86,26907.03,22700.0,9193.48,1.0,32.6,0
44.0,27594.12,11635.3,4400.0,287.98,1.0,22.6,0
39.0,18938.39,46340.63,7400.0,,1.0,7.2,0
54.0,106649.14,221143.78,20400.0,14822.91,0.0,27.7,0
44.0,55854.37,33658.3,12100.0,442.83,0.0,14.6,0
46.0,61450.52,154319.2,19900.0,6305.45,0.0,24.7,0
20.0,75612.44,27110.38,17400.0,623.78,1.0,1.1,0
61.0,30052.46,56243.21,10500.0,1132.47,0.0,,0
30.0,42527.34,78086.1,14100.0,8262.63,1.0,6.9,0
62.0,133577.96,281410.58,24400.0,7082.6,0.0,33.0,0
27.0,40408.96,39183.03,,622.91,0.0,8.7,0
53.0,46188.53,49217.24,19700.0,2816.77,0.0,2.6,0
26.0,36254.08,57276.29,7200.0,668.53,2.0,0.4,0
44.0,34734.46,40151.07,11400.0,5572.42,,24.4,0
51.0,105165.31,,26600.0,5031.31,0.0,17.5,0
68.0,15000.0,28544.83,4300.0,1180.78,1.0,30.7,0
18.0,41183.45,68731.53,9700.0,2740.6,0.0,0.0,0
49.0,62022.1,74052.26,15900.0,,0.0,,0
42.0,149952.62,124004.79,23800.0,10479.57,1.0,18.4,0
46.0,27415.53,28931.29,12200.0,6949.12,1.0,20.9,0
24.0,24750.41,46879.96,8400.0,1028.05,0.0,1.9,0
66.0,32336.11,59673.9,9700.0,728.33,0.0,14.7,0
20.0,,174179.86,21900.0,5198.58,0.0,1.7,0
37.0,,122840.87,18200.0,11551.38,0.0,,0
37.0,22797.78,46039.57,6000.0,,0.0,16.7,0
47.0,57511.18,41912.74,14800.0,5713.3,1.0,7.4,0
52.0,137428.99,46910.63,39700.0,11999.35,,20.2,1
52.0,63493.21,122956.71,14800.0,,1.0,,0
66.0,59798.43,19096.64,12200.0,4353.63,1.0,32.5,0
56.0,,152707.49,19700.0,486.97,0.0,15.7,0
44.0,69473.57,,28000.0,13623.93,0.0,17.9,0
43.0,25329.86,35719.28,5000.0,1938.01,0.0,8.6,0
31.0,47138.51,43155.93,7500.0,1652.41,0.0,3.6,0
34.0,48637.32,67963.43,10900.0,3902.85,2.0,15.9,0
35.0,40534.9,77508.17,18000.0,3096.04,0.0,12.8,0
62.0,81770.59,160444.01,32600.0,5830.14,1.0,28.4,0
69.0,37034.45,12081.86,12200.0,5261.41,0.0,18.1,1
46.0,43652.64,95888.71,18700.0,8053.69,1.0,1.4,0
37.0,25435.38,41495.78,7200.0,703.97,0.0,0.6,0
44.0,67981.19,12973.61,30300.0,6076.98,2.0,14.4,0
35.0,95334.0,80600.25,22800.0,5962.97,1.0,13.0,0
21.0,43625.09,59499.0,9700.0,3807.06,1.0,1.6,1
18.0,87942.13,47017.07,30000.0,5585.01,2.0,0.0,1
67.0,,,13100.0,5174.61,2.0,1.6,0
18.0,,,5100.0,3103.22,2.0,0.0,1
43.0,52527.43,121008.51,12700.0,1304.98,0.0,5.9,0
62.0,48759.59,13466.83,16400.0,6627.33,0.0,19.7,1
37.0,57629.93,54118.29,13400.0,1385.26,0.0,1.4,0
69.0,63064.37,36583.92,10400.0,4141.77,0.0,48.7,0
40.0,35941.47,68911.22,15200.0,2326.67,0.0,4.9,0
27.0,130978.57,252031.03,50000.0,20465.94,4.0,8.3,1
28.0,52067.86,,23000.0,3968.17,1.0,4.3,0
58.0,48059.82,76868.68,17500.0,2759.44,1.0,,0
58.0,84687.03,133936.6,,8673.23,0.0,22.2,1
22.0,,58291.68,17400.0,2535.45,0.0,3.7,0
18.0,252585.48,405429.78,47400.0,3592.36,2.0,0.0,0
34.0,47765.33,,9900.0,953.39,0.0,12.0,1
39.0,66909.03,115914.68,,1414.45,1.0,19.0,0
51.0,34561.94,16078.34,14400.0,7101.07,1.0,4.6,0
62.0,91337.92,202237.47,18400.0,5463.64,0.0,4.2,0
58.0,65201.06,96847.29,27800.0,14419.65,0.0,17.0,0
46.0,44206.15,60667.06,13600.0,2054.47,1.0,26.1,0
21.0,32097.62,48978.88,11700.0,2047.54,0.0,1.6,0
22.0,24694.77,50521.96,4500.0,,,2.1,1
28.0,69649.36,84998.15,16100.0,1685.22,0.0,1.4,0
68.0,23573.35,27846.77,10300.0,2647.56,2.0,0.0,1
38.0,118786.67,97487.24,27300.0,11861.81,0.0,16.2,0
52.0,25394.63,11125.34,6100.0,2996.56,0.0,3.0,0
29.0,48677.64,24347.64,10200.0,1184.08,2.0,7.0,1
43.0,31922.78,2183.33,6000.0,2141.2,1.0,22.9,0
68.0,55249.34,121780.8,12200.0,1693.37,0.0,10.4,0
36.0,55044.89,118858.64,18900.0,13591.01,1.0,12.0,1
62.0,70748.16,41786.18,20300.0,3107.73,1.0,3.5,0
24.0,21681.89,1915.94,6900.0,1786.39,0.0,3.6,0
64.0,34261.53,43103.46,6400.0,951.82,2.0,7.5,0
24.0,96986.64,118206.77,37900.0,18171.55,1.0,4.4,0
43.0,80429.07,,31000.0,,2.0,7.5,1
57.0,15000.0,16068.01,2300.0,959.43,2.0,18.1,0
22.0,67937.11,,18000.0,2219.98,1.0,2.4,0
38.0,29159.06,9104.39,5000.0,2118.01,0.0,3.4,0
31.0,37983.47,36022.59,14700.0,1281.19,0.0,9.6,0
21.0,47268.69,111432.17,17500.0,1066.76,1.0,0.9,1
40.0,137920.69,17759.75,50000.0,13715.36,0.0,14.6,0
59.0,28980.59,30630.4,6400.0,2317.13,0.0,6.5,0
37.0,23333.93,19036.17,6700.0,3886.43,0.0,13.1,0
32.0,70982.69,94997.07,14600.0,614.81,1.0,1.8,0
67.0,53273.24,38404.06,13900.0,1277.03,1.0,20.8,0
69.0,111770.39,,34300.0,6105.23,3.0,12.6,1
62.0,43839.9,104152.63,7300.0,1442.51,1.0,32.9,0
46.0,112026.46,260858.79,40800.0,23045.02,0.0,7.3,0
25.0,54707.78,59443.74,17100.0,4931.84,0.0,6.2,0
58.0,74419.19,193789.95,29700.0,9614.78,0.0,35.7,0
65.0,143539.58,279993.96,33200.0,16226.95,0.0,9.2,0
36.0,49003.71,52659.09,20600.0,9093.7,1.0,11.0,1
65.0,101397.1,38085.08,45600.0,14334.63,1.0,4.1,0
56.0,37490.43,68460.4,16000.0,5940.76,1.0,14.9,0
63.0,62101.37,122142.16,23800.0,,0.0,32.1,0
,,7060.84,9000.0,89.82,0.0,17.8,0
63.0,40030.94,59233.99,12900.0,4217.83,2.0,28.1,1
44.0,28715.11,73054.35,5900.0,2193.5,0.0,7.3,0
21.0,112696.27,110709.19,39800.0,18793.52,0.0,1.1,0
32.0,153780.11,137763.42,50000.0,21699.8,0.0,1.4,0
52.0,43790.79,102100.7,19500.0,3209.91,0.0,24.4,0
,34070.16,11798.86,10600.0,1797.9,1.0,18.1,0
18.0,,57863.95,5700.0,387.01,0.0,0.0,0
20.0,63495.53,125905.25,22500.0,2170.39,0.0,0.5,1
64.0,37745.75,43142.63,16800.0,6261.22,0.0,14.9,0
41.0,38978.68,9869.84,7900.0,1728.4,1.0,7.7,0
44.0,144026.58,22704.15,35700.0,15800.04,0.0,0.7,0
57.0,45349.79,44061.19,14200.0,1451.53,1.0,13.3,0
53.0,77033.04,136786.23,15500.0,947.4,0.0,28.1,0
51.0,55925.55,72765.21,8800.0,4601.86,2.0,29.6,0
46.0,24025.64,45611.14,6000.0,1244.68,2.0,14.5,0
41.0,17909.23,31577.79,7300.0,1554.27,0.0,10.5,0
41.0,72584.98,104223.44,11800.0,262.3,1.0,0.7,1
59.0,,377560.11,42000.0,13266.21,0.0,36.0,0
21.0,65446.78,124697.78,24800.0,5521.74,1.0,0.0,0
20.0,78783.13,183565.2,34300.0,3424.92,0.0,1.9,0
51.0,31482.16,23657.38,14000.0,4598.04,2.0,16.1,1
66.0,99601.91,190009.2,27500.0,12309.53,0.0,16.4,0
40.0,98864.22,155134.87,43000.0,7381.59,0.0,20.3,0
69.0,35677.69,84716.46,5700.0,2274.59,0.0,1.2,1
40.0,75150.29,106934.98,28100.0,11033.25,1.0,12.8,0
62.0,18772.52,13354.14,6400.0,230.21,0.0,24.2,0
,83645.86,82120.51,18800.0,1645.05,2.0,0.9,0
48.0,38428.3,22561.74,11600.0,1538.6,,,0
58.0,25944.7,14994.42,4900.0,726.59,0.0,26.1,0
23.0,68980.83,88217.0,28400.0,7091.82,2.0,3.6,0
54.0,18712.78,43924.96,4800.0,2168.85,1.0,0.0,0
27.0,,37672.28,22500.0,5758.34,1.0,8.4,0
57.0,27464.03,,5400.0,1753.77,2.0,6.4,0
24.0,24154.7,53506.34,5100.0,,1.0,1.4,1
56.0,56157.29,54596.56,25100.0,6967.28,0.0,10.0,0
55.0,48848.03,120466.13,18400.0,2936.13,0.0,1.4,0
38.0,129842.01,93388.62,,6095.75,0.0,2.5,0
37.0,25062.28,28834.42,6000.0,1131.61,0.0,18.7,0
,123628.04,40888.38,24600.0,11338.21,0.0,0.6,0
,27375.76,69301.02,8200.0,1397.1,1.0,5.8,0
39.0,94057.86,210749.94,28100.0,1437.8,0.0,2.2,0
64.0,105203.89,222190.32,21300.0,,1.0,33.1,0
21.0,65701.38,27095.99,24300.0,1251.95,0.0,2.6,0
45.0,33705.88,83382.72,8700.0,1700.05,1.0,6.9,0
29.0,21725.18,51134.28,4500.0,669.33,1.0,0.2,1
55.0,16796.64,19416.68,4200.0,1122.14,1.0,8.3,0
68.0,164616.63,286368.99,50000.0,5847.01,0.0,2.8,0
53.0,45337.38,116451.77,16700.0,3963.11,0.0,3.6,0
64.0,27922.82,30853.22,8200.0,2250.11,1.0,19.8,0
58.0,27285.31,7991.07,8400.0,279.85,0.0,9.2,0
22.0,59917.11,130939.24,11500.0,952.21,0.0,2.1,1
30.0,42748.47,58419.93,,7497.41,0.0,3.0,0
40.0,17127.22,44317.69,7300.0,2057.58,,,1
67.0,91009.98,136966.95,32300.0,11625.08,0.0,,0
47.0,66236.71,7182.45,10300.0,2301.2,1.0,16.4,0
54.0,163398.39,235619.81,50000.0,,0.0,12.8,0
42.0,107417.12,197982.57,36400.0,5152.16,1.0,9.1,0
65.0,15000.0,5830.39,6700.0,4854.26,1.0,19.4,0
44.0,126776.93,135597.22,50000.0,4557.82,2.0,18.9,0
68.0,111803.12,61423.64,45500.0,17943.35,0.0,22.6,0
31.0,34827.98,58295.57,5900.0,2301.16,0.0,11.1,1
65.0,41791.76,105818.21,,5795.29,1.0,,0
64.0,69357.88,116014.01,23200.0,7714.3,2.0,,0
53.0,29480.11,52151.75,11500.0,939.07,1.0,19.6,0
56.0,46833.9,50686.04,12700.0,4254.57,0.0,3.6,0
33.0,98717.99,141945.59,24300.0,2965.25,0.0,3.0,0
39.0,73912.46,104297.37,,3802.72,0.0,8.7,0
38.0,36312.93,70677.22,7000.0,1718.39,0.0,4.1,0
38.0,100073.11,223304.29,25700.0,8919.76,0.0,17.5,0
25.0,,111119.18,,3443.88,1.0,1.1,0
66.0,63654.37,156342.82,10300.0,420.04,2.0,21.9,0
33.0,39776.86,85254.2,7800.0,2887.42,0.0,9.1,0
48.0,,22278.1,10100.0,5461.93,0.0,20.8,0
59.0,34048.63,47756.63,9200.0,4559.52,0.0,15.7,0
27.0,16910.15,40733.64,7600.0,2549.0,0.0,,0
,45803.91,112164.35,9300.0,4074.58,1.0,17.6,0
,50347.72,51685.88,9700.0,3829.62,1.0,14.5,0
26.0,58828.0,116982.91,25000.0,10253.61,2.0,0.5,1
34.0,112116.38,136372.83,46500.0,21300.65,0.0,7.4,0
28.0,36630.23,12117.72,5800.0,793.51,1.0,8.2,0
49.0,43449.25,100669.75,16300.0,4580.51,2.0,19.1,1
27.0,85794.19,221360.42,29700.0,21470.01,0.0,7.5,0
39.0,34492.14,46871.62,13100.0,3346.81,2.0,10.4,1
34.0,59411.89,8128.97,17700.0,5409.77,0.0,1.9,0
21.0,42405.39,90352.47,19000.0,3841.63,0.0,0.0,0
65.0,46808.75,59830.55,7600.0,4015.75,1.0,14.3,0
69.0,85381.69,19280.0,18800.0,3264.88,0.0,35.6,0
64.0,43300.88,24020.33,11600.0,3518.29,1.0,36.4,0
42.0,87068.15,34021.41,24800.0,909.54,2.0,7.1,0
38.0,16790.02,29490.42,7200.0,683.83,0.0,,0
54.0,22976.59,22846.26,7300.0,5647.74,0.0,15.2,0
55.0,15000.0,5815.43,2500.0,1027.04,0.0,15.2,0
66.0,26917.65,63190.13,7300.0,1437.76,1.0,11.1,1
18.0,165066.91,401393.68,45400.0,6664.61,0.0,0.0,0
42.0,53609.33,26300.41,23600.0,7728.01,0.0,4.7,0
68.0,35144.32,25517.43,11600.0,5288.72,0.0,,0
53.0,86654.49,129779.4,29500.0,1504.6,0.0,,0
34.0,94316.05,43239.32,34300.0,7751.06,1.0,0.1,0
58.0,26042.66,11832.27,9900.0,1506.9,,25.1,0
41.0,242539.55,227934.53,50000.0,,2.0,7.3,0
19.0,63946.27,153090.88,14100.0,1351.12,0.0,1.0,0
57.0,68968.92,171418.04,28400.0,5471.54,0.0,7.6,0
32.0,73009.14,156910.87,27000.0,3265.28,0.0,4.8,0
49.0,,133205.47,27200.0,6381.51,1.0,11.1,0
56.0,37313.7,67984.58,16800.0,757.11,2.0,0.3,0
23.0,192434.59,240648.0,50000.0,,0.0,,0
,,64253.38,18200.0,3741.73,0.0,0.0,0
64.0,96231.37,159518.84,41900.0,6883.22,0.0,43.2,0
40.0,40743.0,,8000.0,1255.62,1.0,19.6,1
56.0,36630.63,10786.53,11000.0,1917.69,0.0,20.3,0
34.0,169586.56,103808.71,50000.0,8464.17,0.0,8.7,0
51.0,50765.76,125247.54,12600.0,3036.18,0.0,21.6,0
58.0,53078.95,49288.38,21300.0,4815.88,1.0,,0
46.0,64226.45,44375.87,24300.0,1268.01,2.0,18.1,0
26.0,258089.65,277228.33,50000.0,5000.97,0.0,0.4,0
30.0,199039.13,148751.95,50000.0,3990.42,0.0,0.6,0
23.0,117039.83,29697.97,26700.0,3018.68,0.0,2.3,0
23.0,300000.0,176390.71,50000.0,20419.86,1.0,2.7,0
37.0,30737.97,50895.02,9700.0,1701.99,1.0,16.9,0
69.0,80300.44,50707.84,,5903.7,0.0,5.3,0
20.0,56697.97,94423.51,11200.0,2619.97,0.0,1.6,0
34.0,18742.47,4869.14,7800.0,179.73,,3.4,1
66.0,71528.99,9825.03,23500.0,2336.6,0.0,18.9,0
29.0,40356.35,90136.43,16000.0,3212.11,0.0,3.5,0
65.0,135957.89,262131.22,42600.0,3802.33,1.0,18.8,0
64.0,42744.12,72207.35,9200.0,1035.43,0.0,6.9,0
62.0,41310.2,6298.8,10400.0,3107.67,1.0,22.2,0
18.0,135922.66,,35900.0,16262.72,0.0,0.0,0
34.0,52089.97,111754.28,23000.0,,0.0,7.1,0
20.0,108850.06,45421.67,16500.0,6053.96,1.0,1.0,0
43.0,69885.65,147981.3,,5964.32,0.0,21.2,0
32.0,70450.31,113465.11,31300.0,10566.52,2.0,9.9,1
53.0,46796.87,90710.96,21000.0,4093.65,1.0,17.2,0
49.0,73227.48,130537.02,21500.0,12547.95,3.0,8.0,0
49.0,50066.38,54961.48,22000.0,2768.58,1.0,27.4,0
21.0,33447.02,26894.62,9000.0,2480.19,0.0,,0
35.0,50891.31,88881.19,8000.0,3291.02,0.0,3.8,0
66.0,117324.45,240579.01,25500.0,3902.48,0.0,12.9,0
36.0,74727.66,17990.52,32400.0,9633.61,0.0,14.5,1
60.0,85910.77,87365.39,13200.0,5769.72,0.0,1.9,0
69.0,54224.08,52753.1,17000.0,5208.1,0.0,50.6,0
52.0,16938.19,24051.93,2900.0,360.87,1.0,4.4,1
57.0,26033.59,8385.66,6100.0,970.96,1.0,31.0,0
31.0,45551.4,108796.23,8000.0,2499.83,0.0,5.1,0
50.0,27418.21,41206.82,11200.0,3608.9,,15.8,1
31.0,39552.55,95599.52,12900.0,4257.57,1.0,11.4,0
51.0,38702.8,89459.99,16300.0,10415.24,0.0,13.6,0
21.0,39409.21,25601.49,14000.0,6720.65,0.0,1.6,1
41.0,128322.5,,50000.0,2386.42,0.0,1.1,0
46.0,52481.34,115606.37,,2607.45,1.0,0.1,0
36.0,94921.18,137329.36,32400.0,10111.2,1.0,4.4,0
23.0,59776.45,8260.48,19300.0,5310.1,0.0,3.4,0
50.0,126683.61,298360.06,37400.0,2482.02,0.0,3.9,0
66.0,99966.24,125202.87,40400.0,6985.69,,,1
57.0,37990.46,34224.13,13000.0,5642.36,0.0,16.0,0
36.0,175778.1,229671.68,50000.0,2655.2,0.0,11.7,0
18.0,41245.06,85478.17,15900.0,624.87,2.0,0.0,1
22.0,61083.7,21721.59,12700.0,4878.87,2.0,0.7,0
44.0,,61979.13,23400.0,1024.38,0.0,2.1,0
33.0,72621.69,65502.62,15200.0,7611.03,4.0,,0
23.0,87352.59,191944.5,28400.0,8580.6,0.0,1.3,0
57.0,34404.04,69230.6,,,1.0,33.3,0
30.0,83066.86,90632.0,37300.0,7543.54,0.0,10.4,0
65.0,76779.07,132175.09,12200.0,4628.1,0.0,36.3,0
52.0,54191.71,55651.15,9600.0,2211.96,1.0,5.7,0
36.0,48346.73,71191.15,8400.0,2138.26,,14.8,1
29.0,33360.87,86367.57,9000.0,,,8.5,1
33.0,72273.35,112831.15,28700.0,16061.75,,9.0,0
60.0,36450.79,92678.0,14700.0,2592.18,1.0,14.2,0
27.0,62487.92,119811.23,,3083.94,0.0,2.4,1
42.0,50980.71,29371.22,21400.0,13984.95,0.0,2.9,0
37.0,24330.93,48804.74,6000.0,388.25,1.0,9.7,0
48.0,30944.08,13280.62,5500.0,803.53,0.0,17.6,0
21.0,69069.29,92715.52,11600.0,796.62,1.0,1.1,0
61.0,39553.49,65516.02,16000.0,4876.05,0.0,20.4,0
40.0,38752.4,90798.02,14300.0,4357.84,3.0,8.0,0
19.0,34256.5,20179.15,12300.0,2158.16,0.0,0.6,0
39.0,34961.16,81520.0,8800.0,4960.12,1.0,,0
68.0,145161.17,348244.65,38300.0,9114.13,0.0,8.2,1
54.0,27668.13,10934.29,,4744.42,0.0,13.7,0
25.0,131103.45,296983.48,22200.0,6823.65,1.0,1.0,0
24.0,44425.16,31807.68,17000.0,,0.0,3.7,0
31.0,36597.94,10878.88,8900.0,3467.71,0.0,9.5,1
20.0,68206.43,168876.12,11000.0,,0.0,1.9,0
67.0,55928.23,57740.88,20800.0,2902.76,1.0,13.7,0
33.0,48122.25,78474.81,12000.0,3526.39,1.0,14.3,0
36.0,61816.78,89081.64,22700.0,3639.55,1.0,1.1,1
68.0,55399.12,31833.86,20100.0,2308.63,0.0,30.2,0
35.0,47602.54,,14800.0,2783.85,0.0,1.0,0
69.0,94978.39,27248.83,36400.0,16299.01,2.0,45.6,0
33.0,,15593.04,7400.0,4047.87,1.0,7.9,0
25.0,31294.61,78674.75,7400.0,4767.54,0.0,4.7,0
50.0,33761.32,84053.0,12500.0,3573.82,0.0,26.6,0
66.0,28716.81,39046.72,9400.0,4395.93,0.0,7.2,0
29.0,57042.73,25844.75,8800.0,1733.97,0.0,0.4,0
28.0,73368.63,83303.4,30900.0,5969.18,0.0,8.8,0
22.0,16688.61,39128.91,5200.0,2536.18,0.0,,1
44.0,40764.55,12289.51,16700.0,5127.78,1.0,3.4,1
29.0,44667.52,24960.84,18500.0,10681.91,,5.2,0
34.0,45637.56,102923.64,12900.0,735.11,2.0,9.6,0
23.0,25057.97,29835.61,7600.0,3813.95,1.0,0.2,1
50.0,44891.67,,,2898.81,0.0,8.8,0
22.0,31361.19,14204.81,8900.0,3290.4,0.0,0.1,1
45.0,44328.09,102884.39,18600.0,5091.28,2.0,11.3,1
,19307.01,26064.95,,2408.87,0.0,11.6,0
22.0,44509.79,20957.49,8400.0,2820.38,0.0,3.9,0
50.0,35192.2,83317.67,11700.0,4657.85,1.0,20.4,0
67.0,46282.14,101218.06,20800.0,,4.0,7.9,1
65.0,64891.74,5621.78,21300.0,1886.72,2.0,42.6,0
58.0,52741.56,85604.76,20300.0,8998.95,0.0,20.6,0
36.0,87206.76,,33200.0,7102.86,0.0,2.8,0
39.0,43631.74,59108.41,11100.0,954.3,2.0,19.4,0
22.0,78537.45,57085.58,20500.0,2253.02,1.0,3.0,0
19.0,106403.34,94300.02,39100.0,10274.29,1.0,0.7,0
,63847.7,100635.63,19200.0,4568.38,0.0,20.6,0
64.0,53504.51,73185.25,17200.0,1106.76,1.0,9.2,0
56.0,69467.71,77187.98,25300.0,8555.2,1.0,8.0,0
21.0,65215.35,20475.28,25000.0,2937.57,1.0,2.1,0
50.0,98789.42,239809.88,22900.0,387.82,0.0,7.0,0
30.0,87227.91,39918.43,16900.0,1842.24,0.0,5.3,0
37.0,87859.68,,20900.0,2064.43,0.0,14.9,0
24.0,,14052.93,16800.0,2545.92,0.0,4.7,0
32.0,66485.29,116779.98,16800.0,2373.28,0.0,6.3,0
40.0,65743.48,18957.67,21100.0,3369.93,1.0,17.4,0
31.0,26253.97,16972.84,4400.0,,1.0,10.9,0
40.0,102883.2,179648.25,31200.0,13238.48,1.0,14.4,0
36.0,19899.02,15319.46,5200.0,1244.13,0.0,4.1,0
46.0,83059.46,120932.39,25800.0,10286.64,0.0,7.7,0
37.0,,25447.75,17600.0,5654.78,0.0,6.0,0
46.0,45680.51,26049.87,10700.0,2935.47,0.0,3.3,0
41.0,68508.57,134050.38,28900.0,8375.53,1.0,6.3,0
35.0,69643.29,8819.33,14300.0,2701.37,0.0,,0
27.0,24718.82,10658.27,8800.0,3749.35,0.0,4.1,0
58.0,126712.47,75593.89,50000.0,7499.87,1.0,36.3,0
25.0,56572.76,6840.99,17600.0,3985.4,2.0,0.7,0
43.0,217257.68,76138.81,50000.0,24334.42,1.0,18.0,1
46.0,87017.33,64740.48,16300.0,3525.64,,19.2,0
27.0,55806.1,14694.73,16600.0,1731.33,1.0,0.9,0
34.0,35809.78,81743.52,10300.0,4204.65,1.0,14.8,0
19.0,50690.63,10553.03,7700.0,2179.72,0.0,0.6,1
23.0,59272.36,130863.37,16800.0,3282.03,0.0,1.8,1
22.0,130516.91,280940.43,34000.0,12447.54,1.0,3.0,0
45.0,113096.41,48212.94,39700.0,19723.5,0.0,6.9,0
58.0,71032.52,14193.39,30700.0,9719.88,1.0,27.7,0
22.0,156610.12,29206.47,27500.0,9633.33,0.0,0.2,0
,16159.95,25906.59,4000.0,2055.39,0.0,14.3,0
43.0,71515.71,130902.96,20300.0,11050.92,1.0,11.2,1
37.0,115080.96,183810.12,33000.0,5246.65,2.0,12.1,1
58.0,75241.83,103190.13,28800.0,1335.86,1.0,8.8,0
66.0,24350.68,12293.69,,1659.5,0.0,32.5,0
44.0,124699.97,265933.59,19700.0,3766.28,0.0,,0
66.0,85545.97,77665.64,31100.0,7613.13,1.0,22.7,0
29.0,66556.55,173155.8,27700.0,9064.25,1.0,6.8,1
24.0,57126.01,61902.95,17400.0,6939.47,1.0,2.7,0
20.0,179193.45,,50000.0,4982.14,1.0,1.8,0
27.0,70736.04,164354.59,14100.0,6215.19,0.0,4.5,1
51.0,46856.65,70181.46,10100.0,3713.64,2.0,27.8,0
42.0,33295.35,,7300.0,1954.98,0.0,19.2,0
52.0,85350.15,89627.3,23800.0,2485.06,1.0,14.0,0
33.0,97903.74,226026.74,41900.0,8945.88,0.0,3.5,0
19.0,56044.95,133673.25,17200.0,5088.59,1.0,0.4,0
41.0,38767.32,42873.36,8000.0,542.46,1.0,19.0,0
27.0,120334.9,83391.33,27700.0,10972.63,0.0,2.0,0
55.0,31810.47,55528.28,8400.0,4021.45,1.0,,1
39.0,176604.36,436357.82,50000.0,,0.0,16.9,0
43.0,34866.43,56536.01,9800.0,2279.8,0.0,8.8,0
60.0,25160.26,62343.73,6700.0,2322.52,0.0,27.0,0
56.0,27167.59,26653.2,8700.0,3302.12,1.0,9.3,0
44.0,27838.28,67810.81,6200.0,4125.24,0.0,2.8,0
46.0,47006.55,15153.79,8200.0,1925.34,3.0,22.2,0
64.0,40908.64,37975.16,6400.0,1276.59,,4.6,0
55.0,100186.02,129378.87,22600.0,,0.0,10.0,0
37.0,91972.5,154035.68,16300.0,3865.2,1.0,16.2,0
44.0,47377.06,36080.66,11900.0,1242.03,0.0,9.0,0
58.0,300000.0,703906.32,50000.0,10726.84,0.0,38.9,0
37.0,47001.9,110348.2,17200.0,4183.1,2.0,18.6,0
61.0,50913.85,108866.5,17000.0,7123.24,0.0,11.5,0
36.0,25173.55,7969.99,,772.71,1.0,0.7,0
37.0,51620.58,14739.19,12100.0,4635.63,0.0,13.4,0
52.0,64759.81,96850.35,26900.0,16203.1,1.0,15.3,0
64.0,26621.31,52783.53,7200.0,1847.4,1.0,4.6,0
19.0,40166.36,13884.92,10900.0,1510.08,0.0,,0
47.0,65920.61,114227.07,17900.0,8517.2,0.0,0.9,0
51.0,39541.21,54205.46,7100.0,2025.36,1.0,28.7,0
39.0,34874.27,69825.55,15400.0,6529.67,0.0,2.9,0
20.0,86619.46,97734.39,16600.0,3454.47,1.0,0.3,0
23.0,25102.73,46547.01,6300.0,3037.92,0.0,0.9,0
32.0,28204.78,13399.67,6900.0,2145.35,0.0,13.4,0
44.0,60260.23,36430.91,10400.0,4102.16,0.0,18.0,0
27.0,90011.76,207894.57,17600.0,4617.85,2.0,7.2,0
26.0,65076.21,57495.02,10600.0,,0.0,3.2,0
50.0,47366.36,116777.32,,77.76,0.0,10.8,0
49.0,45105.83,7313.69,18500.0,2103.45,0.0,7.3,0
65.0,99336.18,133767.8,25000.0,10621.78,1.0,22.6,0
23.0,90708.0,81972.91,17000.0,8275.57,1.0,2.8,1
58.0,55821.23,141871.62,19200.0,2881.64,1.0,25.3,0
53.0,45863.68,118289.65,20600.0,4773.06,2.0,,0
19.0,55335.13,36414.47,12200.0,3871.42,1.0,0.9,0
46.0,35020.24,24671.43,8200.0,1272.93,0.0,4.8,0
21.0,49508.25,101078.03,21900.0,8290.63,0.0,2.9,0
18.0,40387.6,93005.85,8200.0,3176.31,0.0,0.0,0
36.0,50995.52,93022.74,15500.0,8408.81,0.0,8.7,0
43.0,41265.8,91570.29,9200.0,2363.02,0.0,8.3,0
42.0,74189.0,25616.36,31900.0,13877.35,0.0,10.8,0
27.0,88525.26,151777.44,39300.0,10020.06,2.0,5.1,0
32.0,43138.47,80375.6,17000.0,,0.0,6.1,0
39.0,33285.34,17610.65,8100.0,1773.56,,8.7,0
68.0,83031.31,168773.24,22500.0,7283.53,1.0,36.6,0
65.0,60527.63,,13500.0,4351.35,1.0,,0
38.0,43475.74,99899.94,18100.0,,1.0,16.7,0
39.0,123664.95,83421.09,50000.0,7686.38,0.0,5.2,0
53.0,38598.91,31573.85,10600.0,309.44,0.0,21.3,0
51.0,16386.91,22016.55,5700.0,1548.83,0.0,19.3,0
47.0,35426.82,16937.21,7100.0,2911.63,0.0,,0
42.0,143061.1,343712.08,,2528.11,0.0,11.7,0
62.0,44773.77,21664.25,15200.0,3576.02,0.0,,0
45.0,39764.76,80779.02,10600.0,5084.52,1.0,3.8,0
18.0,55048.06,49981.85,14200.0,2994.46,1.0,0.0,1
66.0,99373.21,143108.5,14900.0,577.31,0.0,5.1,0
62.0,51547.55,11166.24,20200.0,5087.0,1.0,30.1,0
,77250.49,45465.08,32200.0,5871.91,2.0,2.0,0
24.0,48360.58,56184.83,21300.0,2457.28,0.0,5.7,0
66.0,77615.83,140565.93,28400.0,9164.03,2.0,35.0,0
26.0,60364.57,119877.66,19000.0,2534.68,0.0,0.4,0
53.0,42668.02,7724.32,9800.0,4509.23,1.0,30.9,0
,63250.3,31053.66,28400.0,6941.03,0.0,15.5,0
