age,annual_income,total_debt,credit_limit,current_balance,num_late_payments_12m,employment_years,revol_utilization,dti_ratio,debt_to_limit_ratio,income_per_emp_year
-0.10935350726099127,-0.18889558724363162,-0.1568262418040601,-0.6693799921214231,-0.3781438341252374,0.5745234443310361,0.5298070797605784,0.16360536679146354,-0.06683534970500293,0.5502646443074578,-0.48418478753104
-1.4245721418290165,-0.7804886216278113,-0.5465287391492883,-0.5651567958315585,-0.6680399112794136,-0.7462201058552537,-0.7446056516979705,-0.6878217275391647,-0.018286439193809623,-0.42157010632696595,-0.31236303975080243
0.02909055953564297,0.5224939384395567,-0.5014032459820997,0.6247246951443948,-0.5946029188199242,-0.7462201058552537,-0.07969466137177114,-1.1322195289689931,-1.0451615031413701,-0.9595783208247585,-0.27017629842846186
-1.078461974837431,-0.28543663005999,-0.660203698310318,-0.15694927702958916,0.7494956914168366,-0.7462201058552537,-1.1232355211892786,1.3933167474621009,-0.9051569422888214,-0.8881376822821928,1.7592554485884546
-0.4554636742525769,-0.25679066159692887,-0.7583692893290256,-1.0775875109233923,-0.5982161258459501,-0.7462201058552537,0.3635793321790285,0.5654605585113214,-1.1077502337193137,-0.19666554181003565,-0.4761125215923565
0.3752007265272286,-0.5410027710082181,-0.778061998317666,-0.9299379828460843,-0.29959156110384577,-0.7462201058552537,1.1023693214303611,1.139210889464709,-0.976930601882396,-0.5393447471910132,-0.5553653975718617
0.1675346263322772,0.8561705173329152,-0.4391171961990218,1.6061597935406189,1.400537572200245,-0.7462201058552537,-1.0955308965923534,0.20499817623900277,-1.0791457404992053,-1.0882149180267284,2.992263015089399
1.3443091941036682,0.13569746886866585,-0.10894412113866994,-0.5217304640441149,-0.39698354000809216,-0.7462201058552537,-0.3752106570723041,-0.12614429934130938,-0.31863361800494777,0.36238383382236106,-0.23428697988015756
-1.5630162086256507,1.8213286118616694,1.6241583612654913,2.596280158294332,3.5773240216774407,-0.7462201058552537,-0.9570077736077286,1.0173320616469554,0.22616388589363023,-0.174724390007432,1.8973931025886026
0.652088860120497,-0.5147754472789998,-0.1335858356934609,-0.9907348473485054,-0.9594771570340987,-0.7462201058552537,-0.8369544003543872,-1.14774183251182,0.5087972730317654,1.6875425070489263,-0.09542157972021026
0.1675346263322772,0.7985374175233391,1.289791653115692,1.6495861253280626,1.5172754351925868,-0.7462201058552537,0.16041208513491192,0.2670873904103111,0.7333031808281206,0.0014565417936737528,-0.29383849210913626
-1.0092399414391138,-0.5872337582257918,-0.22005097021677758,-1.0428464454934376,-0.6556179689012143,-0.7462201058552537,-1.13247039605492,0.18660137204009633,0.45893622980405346,1.6664703117533564,1.3600223700435898
0.02909055953564297,3.2388013358047094,1.492898257889128,2.7265591536566625,-0.09827049696181979,0.5745234443310361,-0.28286190841588754,-1.1172721255573819,-0.4238666618697502,-0.2774164286422494,0.40424266750588067
-0.8707958746424795,-0.7173568937138114,-0.3415485552817728,-1.1036433099958585,-0.6217060867850797,-0.7462201058552537,-0.11663416083433781,0.5677601590361847,0.44581490263886614,1.5531645900683402,-0.48852048368549555
1.5519752942986196,0.006622469707137484,0.5178585663734778,0.7202626250767705,-0.693645120978654,0.5745234443310361,1.5179386903842356,-1.2575477575740417,0.7776532666464538,-0.079604686648195,-0.5277709561364996
-0.3170196074559426,-0.7550029245100499,-0.8715980341518851,-0.912567450131107,-0.7302669083643081,-0.7462201058552537,-0.33827115760973764,-0.4153190653428664,-1.0561834179601275,-0.838451990576438,-0.45811729385392824
-0.04013147386267415,-0.11934179749774737,-0.986057939703418,-0.5998978612615133,-0.29959156110384577,0.5745234443310361,0.11423771080670364,0.2256945809627722,-1.5553187033238536,-1.2791060421254778,-0.42335532226464884
-0.7323518078458453,-1.0299521443882476,-1.068804838544582,-1.121013842710836,-0.843325720011243,0.5745234443310361,-0.6153174035789872,-0.4394648708539309,-1.6030803342051354,-1.3785084596979529,-0.4660939194362634
1.205865127307034,-0.8338969633269762,-0.368287021240508,-0.7041210575513779,-0.8621798293389622,-0.7462201058552537,-0.28286190841588754,-1.0540331111236416,0.7052235406946197,0.14914811382845633,-0.4863570328660308
-1.4245721418290165,2.1706454834592934,0.19769059388658783,2.7265591536566625,4.2289173486356635,0.5745234443310361,-0.7261359019666872,1.300757826336354,-0.8964968663597976,-0.8944686511191534,0.8840252634131567
-0.04013147386267415,-0.6163353426426501,0.0285220745626765,-1.0341611791359488,-0.9862634492122335,1.8952669945173257,0.12347258567234526,-1.2201792490450134,1.169062455983992,2.502778881451471,-0.5010246357922032
-0.1785755406593084,0.28593554844221913,-0.9919858809008124,-0.38276620232429565,-0.4440519401905192,0.5745234443310361,0.3266398327164618,-0.39289796022544954,-1.6058358129098247,-1.3302813735575763,-0.39974204807658936
1.4827532609003025,0.06666982159540441,0.3527462330947011,-0.3653956696093182,0.03092223056841175,0.5745234443310361,-1.1140006463236367,0.5108450460458185,0.4363675470799314,0.8916714490888501,2.184233372022061
1.5519752942986196,-0.18515865789146396,0.7651751758018916,-0.6346389266914682,0.3715945661401511,3.2160105447036154,-1.086296021726712,1.9521196750038776,1.5682132283489902,2.420848696502569,1.2989224734247657
0.9981990271120826,-0.5941909918769998,-0.7631708161708524,-0.6693799921214231,-0.536526171491006,-0.7462201058552537,2.192084555576077,-0.2422741258469049,-0.8970217194464053,-0.7748319605971766,-0.587653911669375
-1.2169060416340651,0.6523969530971931,1.1143640168724513,0.9895058821589205,1.1930806405459133,0.5745234443310361,-0.9108333992795203,0.45680443371153134,0.7025992752615822,0.2458815935578991,0.7817032738937806
0.5136447933238628,-0.8031844946514058,-0.4340453351231211,-0.877826384701152,-0.9702159539981243,-0.7462201058552537,0.622155828416995,-1.2632967588861999,0.3950353665095912,0.35599079666346944,-0.5611076665533015
-1.078461974837431,-1.20123177424796,-0.869667391735143,-1.09495804363837,-0.41720186132798415,-0.7462201058552537,-1.104765771457995,1.4830011679317692,-0.1969989151836612,-0.5946476220315223,-0.05781238372929792
-0.1785755406593084,-0.25679066159692887,0.41245844040627894,0.7028920923617931,0.02301885460772534,-0.7462201058552537,0.6867999524764865,-0.5044285856813185,1.088103867374786,-0.16290037467957905,-0.5048222175278947
-1.770682308820602,-0.7443531761309864,-0.38342560806708353,-1.0862727772808811,-0.43496542411595757,-0.7462201058552537,-1.1417052709205617,1.349624337489699,0.39280474089150935,1.2890949144129578,1.206808717802518
0.23675665973059432,1.78928272831114,1.5334766640984159,1.7711798543329045,2.1515146687239866,-0.7462201058552537,-0.8184846506231037,0.6516955781936943,0.17866468155565207,0.09592452777263526,1.033312164471745
0.8597549603154484,0.3411685502841487,-0.8630520850346288,0.29468457355982375,-0.7301125857407591,-0.7462201058552537,0.11423771080670364,-1.2104059468143447,-1.443918635691413,-1.2555200797917028,-0.35231157687170495
-1.147684008235748,-0.6581216949558268,-0.6345403157730659,-0.2698577396769424,-0.5049702814277186,0.5745234443310361,-1.0124170228015785,-0.6102102098250293,-0.48934208442403493,-0.7962765658243326,0.2065040321269191
-0.4554636742525769,-0.21762892073693332,-0.6335641160545525,0.48576043342457537,0.7198225373608464,-0.7462201058552537,0.012654087284645435,0.42116062557615064,-0.8991211317928351,-1.0530532136528243,-0.4215524465817616
-1.770682308820602,0.6517170676942584,1.6461685186183268,1.4758807981782882,2.304697362493646,0.5745234443310361,-1.1417052709205617,0.9937611562671068,1.2924029313367527,0.32501870401990707,4.3512580627337165
-1.770682308820602,-0.25679066159692887,-0.45935213703451305,-0.4088220013967617,-0.27906665217183657,-0.7462201058552537,-1.1417052709205617,-0.03358537821556247,-0.5469447106792072,-0.4135322586369032,2.3049738253395677
0.7213108935188142,-1.0881640985322678,-0.9450598965939128,-1.1557549081407907,-0.9460037631807858,0.5745234443310361,1.397885317130894,-0.8878869732022698,-0.9502943077370658,-0.8121660562386651,-0.6088657334615398
1.1366430939087169,-0.6777544231202551,0.10639110156867974,-0.33933987053685205,-0.5618247935781292,0.5745234443310361,0.16964696000055354,-0.6608014213720212,1.5857958067503417,0.4433829939422987,-0.5149188710092835
1.275087160705351,-0.6778942559759199,-0.9621902278882091,-0.8083442538412424,-0.4845461966097614,0.5745234443310361,0.18811670973183697,0.16015596600416868,-1.3667652319601116,-1.157576267784606,-0.5166513905679605
1.275087160705351,-0.6290462224334817,-0.8232931498288709,-0.24380194060447627,-0.9441765833179663,-0.7462201058552537,-0.005815662446637814,-1.4070217916901548,-1.0228552469605516,-1.0944527843807925,-0.48784000804664973
0.9289769937137655,0.5281792543879303,-0.9166133091205068,1.3803428682459125,0.8079119485175628,0.5745234443310361,1.748810562025277,-0.1330431009158991,-1.53406215331625,-1.385863555846775,-0.5006090949335866
-1.078461974837431,-0.8438653620847211,-0.25355261244502614,-1.0515317118509262,-0.577139770739126,-0.7462201058552537,-0.8646590249513121,0.5522378554933574,1.1289111948585184,1.5926090086554825,-0.23938010368431395
0.5136447933238628,-0.840354410436472,-0.6371396934300494,-0.8951969174161295,0.028076521390169293,-0.7462201058552537,1.0192554476395859,2.1067678103009326,-0.18190938894369568,-0.18183121286852996,-0.579628366594425
-0.04013147386267415,0.9466104061798655,-0.7580631276663395,-0.1048376788846569,-0.12710002067574258,-0.7462201058552537,-1.1140006463236367,-0.11982039789793544,-1.415051715928001,-1.0436808970412454,3.7088033131368556
1.275087160705351,2.2869937404641645,4.187272667541845,2.7265591536566625,5.659321400500915,0.5745234443310361,-0.024285412177921226,2.0998690087263427,1.6218794564546066,1.0062495713734514,0.01595711181957205
1.205865127307034,0.44024025054072,0.954834769505482,0.27731404084484634,1.5239689217846497,-0.7462201058552537,2.1182055566509432,1.6824915134636582,0.7666313518276963,0.7332420573600065,-0.5221672007745987
-0.524685707650894,-1.0597153114782414,-0.8875157046988276,-0.24380194060447627,-0.7267709865321793,-0.7462201058552537,0.2250562091944036,-1.0229885040379874,-0.7164722576534275,-1.1912793665931316,-0.5743747428819139
0.23675665973059432,0.04913043764719099,-1.007458249080495,-0.7214915902663553,-0.621697856245157,0.5745234443310361,0.37281420704466994,-0.39002345956937046,-1.6081976517995584,-1.296795513875809,-0.43749250597314254
-1.5630162086256507,-0.9462720637470731,-0.2685872345878471,-0.7649179220537988,-0.5243737792952721,0.5745234443310361,-1.1232355211892786,-0.04680808123352613,1.5442011996366976,0.5102305766619712,0.5188907201925573
0.7905329269171313,3.6073331452545503,4.615645988515491,2.7265591536566625,1.519750770074312,-0.7462201058552537,1.0561949471021528,-0.21295421915489812,0.9648946052936769,1.2103302138825356,-0.17676755039496972
1.0674210605103998,-0.531350155348606,-0.9180388499345963,-0.3653956696093182,0.024926282234790344,-0.7462201058552537,1.0654298219677942,0.4987721432902863,-1.3162481223741405,-1.2104895122307722,-0.5530244074702102
1.0674210605103998,-1.068866920414155,-0.8316819793864679,-1.0428464454934376,-0.7130115814165557,-0.7462201058552537,1.619522313906294,-0.056581383464195265,-0.4221608893382758,-0.5410516260441154,-0.6104003764208755
-1.2169060416340651,0.9029112965844911,1.6048617082149634,1.632215592613085,0.26388354780793205,-0.7462201058552537,-0.28286190841588754,-0.6590767209783738,0.941932282754599,0.2102543767695128,-0.10655928397702233
-1.4937941752273336,0.0734318261287564,-0.4023975994736053,0.06886764826511729,-0.01192184499873548,-0.7462201058552537,-1.0955308965923534,-0.11407139658577724,-0.7038757835748477,-0.6553504408800273,1.8169249344948097
-1.078461974837431,-0.2942460999668601,-0.735322742177608,0.19046137726995924,-0.04106412922971755,0.5745234443310361,-0.6060825287133457,-0.2583713295209478,-1.0443742235114588,-1.0943596818978962,-0.22506318206475193
0.1675346263322772,-0.384025382286264,0.1582297428868834,-0.24380194060447627,0.1237565479905128,0.5745234443310361,0.8437928251923946,0.48095023922259594,0.8653037321099052,0.38531807877586066,-0.5282810380370239
-1.5630162086256507,0.06670447476382421,0.053427348710494586,0.8331710877241237,0.15014160134742052,0.5745234443310361,-0.9939472730702953,-0.4406146711163624,-0.01395640122929799,-0.538010278269497,0.7687808326423543
0.3752007265272286,-0.27820290317061774,-0.44294148106986664,-0.3480251368943408,-0.10160386563047688,1.8952669945173257,0.9638461984457363,0.22684438122520373,-0.4956403214633247,-0.4394768172040557,-0.524736298622713
-0.524685707650894,-1.0816778551278878,-0.9014480145744204,-1.1644401744982795,-0.8392042771449959,-0.7462201058552537,-0.7630754014292538,-0.298614338706055,-0.7402218598224166,-0.5989303362447603,-0.43226746443609193
1.5519752942986196,1.3007999525227874,-0.37088366298476116,2.7265591536566625,-0.29959156110384577,-0.7462201058552537,0.4651629557010865,-1.2299525512756826,-1.1246767457624054,-1.1653348080259793,-0.295646314707007
-1.3553501084306994,-1.0548377560049982,-0.8727385189157801,-1.02547591277846,-0.29959156110384577,3.2160105447036154,-0.9939472730702953,1.594531793387638,-0.6554580863353064,-0.7134774243683962,-0.20280151498163754
0.02909055953564297,0.7031762906880249,-0.8136671665909053,0.077552914622606,0.23121036195015024,0.5745234443310361,1.2224226946837027,0.22626948109398798,-1.4393261711835974,-1.162169323607499,-0.45447966236937104
1.4135312275019853,0.12529834586965075,0.41041627697538385,0.3989077698496883,0.4921205351318741,1.8952669945173257,-0.28286190841588754,0.2371925835870886,0.44437155665069566,0.03869753495226579,-0.2766045396209515
-0.1785755406593084,0.17296768361303091,-0.731488946752986,0.9113384849415221,0.954446423664734,0.5745234443310361,-0.22745265922203764,0.29353279644623875,-1.2284664436390373,-1.2107067513575305,-0.2871277271053649
0.4444227599255457,-1.20123177424796,-0.7797753310946803,-1.268663370788144,-1.0007615452859113,1.8952669945173257,1.379415567399611,-1.014939902200966,0.40658213441495594,0.3999662027515736,-0.6175970384074738
-1.3553501084306994,-0.9497351842614473,-0.5360808095581798,-1.1644401744982795,-0.6419100046601071,-0.7462201058552537,-0.753840526563612,0.7609266031246997,0.4980377847563118,1.0748040329462263,-0.3792414827276124
1.6211973276969367,-0.25679066159692887,-0.7542586455924003,-1.0689022445659038,-0.6409573196640649,-0.7462201058552537,-0.753840526563612,0.3400997070747201,-1.1000086506918532,-0.20200341749610076,-0.07909566096011383
-1.3553501084306994,0.8624302949605813,1.3331539156689267,0.4336488352796431,-0.4245949438134687,0.5745234443310361,-0.28286190841588754,-0.8804132714964642,0.7119154175488653,0.9437778053499133,-0.11541151351144273
1.4135312275019853,0.6648999138775078,0.5221742732833232,1.302175471028514,-0.5710450559264333,-0.7462201058552537,0.5205722048949366,-1.2385760532439196,0.03682313489997721,-0.36241899552673573,-0.38211618999026487
-1.4245721418290165,-1.0189805120011186,-0.7298763216207617,-0.8170295201987311,-0.7411826619366698,-0.7462201058552537,-0.9015985244138787,-0.5992871073319286,-0.08664855372443567,-0.5521928898307275,-0.30368065429748337
-1.770682308820602,-0.5816819301867521,0.11066238246704624,-0.9038821837736182,-0.44163216145327183,-0.7462201058552537,-1.1417052709205617,0.5528127556245734,1.2711463813291493,2.006759886739991,1.5732025257150364
0.8597549603154484,-0.1427763686960307,0.013035375411548896,-0.6346389266914682,-0.2948137326787705,-0.7462201058552537,0.40975370650723675,0.3044558989393394,0.17171037815810297,0.8353134127755141,-0.46647812983331766
1.4135312275019853,-0.7018644870663214,-0.09382637936146873,-0.6867505248364004,-0.6637024167401981,-0.7462201058552537,0.058828461612853725,-0.5475460955225048,1.110016483740649,0.7290834797906305,-0.5074995978484264
-0.04013147386267415,-0.44696554162836727,-0.4009199460360798,-0.13089347795712303,-0.3536271133307623,1.8952669945173257,-0.2551572838189627,-0.4624608761025637,-0.21445028031336016,-0.5379171757866006,-0.4086778255085094
-1.6322382420239678,0.7126671102162138,-0.5493243208335082,-0.24380194060447627,0.05071873671726993,0.5745234443310361,-1.0308867725328619,0.3521726098302522,-1.1556430778722475,-0.6814191360910417,1.6874828577212706
-0.8707958746424795,0.45338990777393384,1.108247818822895,0.3641667044197334,-0.3627630126448596,-0.7462201058552537,-0.9385380238764451,-0.7769312478776168,0.9368149651601761,0.7950000376813382,0.7755454640537242
-0.8015738412441624,-0.44274200369994265,-0.597253863986225,-0.8430853192711972,-0.40799394478956397,0.5745234443310361,-0.6614917779071956,0.4832498397474593,-0.6494222758393203,-0.16482449265943955,-0.23820273791823332
0.7213108935188142,-0.8920832936492774,-0.9585786928025413,-0.24380194060447627,-0.11897236250216502,-0.7462201058552537,0.12347258567234526,0.05207474133559475,-1.231877988701986,-1.2984403244069802,-0.5432751373521093
-0.04013147386267415,-1.0374003792708644,-0.2665031204950861,-0.8951969174161295,-0.5308697329291923,0.5745234443310361,-0.9385380238764451,0.22511968083155645,2.120489888731725,0.8818956883847197,-0.2737644607631838
1.4135312275019853,-0.731180335440027,-0.5394737321885339,-1.060216978208415,-0.8993510052644507,1.8952669945173257,-0.44908965599743744,-0.8194738575875874,-0.09963866761797115,0.5769229885768165,-0.42517688629302935
1.3443091941036682,-0.446046744592456,-0.5526801132196643,-0.7475473893388215,-0.07884024983951772,-0.7462201058552537,-1.0401216473985035,1.165081395369421,-0.5483880566673778,-0.2069688832505797,0.5558557179211696
-0.1785755406593084,0.22366258461039001,-0.7845035094190211,-0.0092997489522811,0.31154866213474824,-0.7462201058552537,0.3912839567759535,0.4504805322681574,-1.3159856958308367,-1.1056250823283702,-0.4175344523006928
-1.4245721418290165,-0.25679066159692887,1.3247392903627289,1.154525942951206,1.3888543207800998,-0.7462201058552537,-1.0678262719954283,0.5010717438151496,2.799124929715214,0.298205188945721,0.9931047388000375
0.5828668267221799,0.12887713963635467,-0.6164541086833961,0.1730908445549818,-0.4937582284181428,0.5745234443310361,-0.28286190841588754,-0.8585670665102632,-1.0483106216610152,-0.9528439078952464,-0.2758218277391127
0.0983125929339601,-1.1110310410703836,-0.7587844966562511,-0.8865116510586408,-0.7449522492212253,0.5745234443310361,0.24352595892568688,-0.5096026868622607,0.09324484171028263,-0.5426343682533554,-0.5825030738570773
-1.4245721418290165,-0.25679066159692887,-0.2665031204950861,-1.207866506285723,-0.7164766387239747,-0.7462201058552537,-0.7446056516979705,0.5769585611356377,-0.1853209340066443,2.716418045537927,-0.08980573189946064
-0.8015738412441624,-0.10803534717349472,-0.08114242738028345,-0.2698577396769424,0.25294104498082176,-0.7462201058552537,-0.6153174035789872,0.7557525019437576,-0.03258868580386399,0.05418358127404698,-0.15617079503242404
0.652088860120497,-0.7684451813836509,-0.8091001465545401,-1.0428464454934376,-0.48692893791735703,0.5745234443310361,0.16041208513491192,0.9006273350101441,-0.8522779938131164,-0.4595559193487299,-0.5275736291943788
0.9289769937137655,3.5560142431892436,2.806104710055524,1.9101441160527237,-0.5420097687144451,0.5745234443310361,2.1182055566509432,-1.2937664658406385,0.1239487472768211,0.7792036497499023,-0.32883846527484556
-0.10935350726099127,2.0921033451273034,0.5145214042502001,0.4510193679946205,1.0611121634267813,0.5745234443310361,0.5575117043575031,0.8569349250377418,-0.665299081709197,0.10377617049690524,-0.22187242190037376
0.23675665973059432,-0.027242217112620763,0.5978984749902628,0.20783190998493664,-0.22782948351860743,-0.7462201058552537,-0.1443387854312627,-0.5205257893553614,0.9609582071441205,0.4139315751860455,-0.352771090307953
1.6211973276969367,-0.13836785117843714,0.5075130380874208,0.4510193679946205,1.7496564993675632,0.5745234443310361,2.9585791694243344,1.6652445095271835,1.0163302077812113,0.09676245011870384,-0.5758406786887006
1.6211973276969367,-0.9165594121913243,-0.26275257498640314,-1.1296991090683246,-0.7204458166016534,-0.7462201058552537,-1.104765771457995,0.19522487400833363,1.4157434066895134,2.052597342486025,0.4001757537321971
0.652088860120497,-0.25679066159692887,0.5318545839312208,0.8331710877241237,-0.29959156110384577,-0.7462201058552537,0.7699138262672612,-0.8861622728086225,1.3120849220845339,-0.13388343417684287,-0.5107079470438569
0.5828668267221799,-0.25679066159692887,-0.3214303467227781,-0.5217304640441149,-0.15279576631413164,0.5745234443310361,0.33587470758210347,0.4154116242639924,-0.28832335225336486,-0.039322345714984545,-0.47310149933904666
0.23675665973059432,-0.3059603351110351,-0.663598835727168,-0.5043599313291376,-0.3350754763451989,-0.7462201058552537,0.9453764487144529,-0.015188574016656043,-0.8980714256196203,-0.6991396420023384,-0.5263517411934464
0.7905329269171313,0.5847598252158638,1.691375568041193,1.3977134009608898,-0.28828279925017936,1.8952669945173257,2.1182055566509432,-1.024713204431635,1.4387057292285914,0.4037213362283983,-0.5132000928811163
-0.3862416408542597,0.47891806722482916,-0.1197843285026924,1.5366776626807093,4.117809174950388,-0.7462201058552537,-0.28286190841588754,2.3378776630496922,-0.5717440190214114,-0.8692689124151729,-0.19927656322726078
-1.5630162086256507,-0.25679066159692887,-0.14305313599306424,-1.0341611791359488,-0.29959156110384577,0.5745234443310361,-0.9200682741451619,1.6433983045409823,0.04627049045891193,1.8927403793527686,0.22141733183060688
0.5136447933238628,2.213390654777543,0.11409451984653564,2.7265591536566625,-0.09355028231620274,0.5745234443310361,0.16964696000055354,-1.1143976249013028,-0.960528942925912,-0.9342854796378813,-0.08650504029100396
1.4135312275019853,-0.5415760125055238,-0.9694381818372352,-0.23511667424698757,0.6330273786069607,0.5745234443310361,-0.9015985244138787,1.3622721403764468,-1.4351273464907377,-1.316036693674415,-0.004990324849583952
-1.078461974837431,1.8118395005882613,2.2471669892283868,1.2934902046710253,2.9988281774068994,-0.7462201058552537,-0.9662426484733703,1.73998152658524,0.6848854835885795,0.8676199743405926,1.977751339238317
-1.147684008235748,0.7933340734596729,-0.5951619329999488,0.8418563540816124,0.028356359747538157,-0.7462201058552537,-0.28286190841588754,-0.5653679995901953,-1.2237427658595699,-1.0874080298416255,-0.1305210408428106
-0.9400179080407967,-0.8931136153187643,-0.5600248663667226,-0.7128063239088666,-0.20797124832032965,-0.7462201058552537,-0.9108333992795203,0.7091855913152763,0.22196506120077045,-0.27403370509701064,-0.2128800297747534
-1.2169060416340651,-1.0921289578795328,-0.8556313777389127,-0.9212527164885956,-0.6970628526815178,0.5745234443310361,-0.6060825287133457,-0.28366693529444376,-0.4810756483099668,-0.7824973983556536,-0.4893449695160842
0.0983125929339601,-0.7206962877747441,-0.9904354000720352,-0.49567466497164886,-0.6801552660454959,1.8952669945173257,0.5390419546262198,-0.7752065474839692,-1.4293539625380554,-1.3089609049742825,-0.5474173541649868
-1.147684008235748,0.5566002212926622,-0.765075271994318,0.10360871369507213,-0.4187389146585315,1.8952669945173257,-0.9570077736077286,-0.7200161348872506,-1.3616479143656885,-1.1090078058736088,0.9478531088167884
-1.701460275422285,-0.25679066159692887,-0.8958229780007473,-1.2339223053581891,-0.6312164756656556,-0.7462201058552537,-1.0770611468610702,1.272012819775563,-1.3655843125152447,-0.4022358240454636,1.0895657333783688
0.9981990271120826,0.08375651802658907,0.8525735171293871,0.3641667044197334,-0.6458318569332308,0.5745234443310361,0.6498604530139197,-1.123596027000756,1.157778114621931,0.5278890142513372,-0.4644400008601026
-0.04013147386267415,-0.2896108726361558,-0.15038863914946268,0.12966451276753826,-0.29959156110384577,4.536754094889905,0.28046545838825354,-0.5682425002462744,0.07828652874196898,-0.3865635727578895,-0.4712563000501892
-0.524685707650894,-0.8448002655228555,-0.9059402529961551,-0.4696188658991827,-0.8618917604416709,-0.7462201058552537,-0.9847123982046536,-1.180511139991122,-1.086756110255014,-1.1611451962956376,-0.044028629613516654
0.0983125929339601,-0.3458597980001304,0.5592280422065227,-0.3653956696093182,-0.3727178506812567,1.8952669945173257,0.3912839567759535,-0.2727438328013433,1.5903882712581572,1.2332334246750698,-0.4904189997247311
-1.4245721418290165,0.6150096008821145,0.25778661066977127,1.7016977234729946,2.0351039696935684,0.5745234443310361,-1.0031821479359369,0.6149019697958817,-0.22009245099439098,-0.6658710214473295,1.3193933572838417
-1.6322382420239678,-0.14717366053934736,-0.9179937725153243,0.04281184919265116,1.5285636206964468,-0.7462201058552537,-1.1232355211892786,2.163682923291299,-1.433684000502567,-1.284909430226025,2.0187700589673234
-0.04013147386267415,3.2000547008565565,3.9423043832070124,2.7265591536566625,2.1957455902680936,-0.7462201058552537,-0.8092497757574622,0.16475516705389537,0.8496893527833322,0.8895300919822311,1.6875636573326684
-0.8707958746424795,-0.6020601895449943,0.14445311947380557,-0.49567466497164886,-0.21914832153523442,0.5745234443310361,-0.08892953623741276,0.22282008030669312,1.4209919375555884,0.7866828825425861,-0.471405806814136
-0.3170196074559426,-0.554801321021907,0.10762343483138057,-0.7649179220537988,-0.41054129689561186,-0.7462201058552537,-0.8277195254887454,0.277435592772196,1.1836271291373497,1.424683163671198,-0.1284405882636252
1.4827532609003025,-0.6394594995435419,-0.8000381521837098,-0.43487780046922786,0.844657194002056,1.8952669945173257,-0.6153174035789872,2.310857356882549,-0.9530497864417551,-0.9859883918063932,-0.33482093446159694
-1.770682308820602,-0.7457156313372263,-0.2665031204950861,-1.1036433099958585,-0.9097276584718813,0.5745234443310361,-1.1417052709205617,-0.7959029522077389,0.7461620814500043,1.8561511035744518,1.2037399815410672
-1.701460275422285,-0.25679066159692887,-0.08566124323997056,-0.12220821159963433,-0.31707322789946984,0.5745234443310361,-1.0678262719954283,-0.410144964161924,0.15386537321344812,-0.10697681661976001,0.9931047388000375
-0.1785755406593084,-0.5844368570761024,0.0020299710312346735,-0.6085831276190021,-0.29959156110384577,-0.7462201058552537,0.5759814540887866,0.24179178463681497,1.0080637716671434,0.751955656422199,-0.5337858550992542
-1.4937941752273336,-0.9216382976923572,-0.2894096149710197,-0.8517705856286859,-0.7817057252456412,-0.7462201058552537,-1.0031821479359369,-0.6791982255709275,1.3392460693164712,0.6838046389419756,-0.06503872720579747
-1.0092399414391138,-1.20123177424796,-0.9419651884511707,-1.1036433099958585,-0.5795616071113541,-0.7462201058552537,-0.6984312773697622,0.7672505045680741,-0.6823568070239405,-0.8709757912682751,-0.5045781697220404
0.5136447933238628,-0.004917767485748186,-0.2665031204950861,0.5899836297144399,0.5735020562516631,0.5745234443310361,1.748810562025277,0.1613057662666002,-0.43764405539319684,-0.7305462128994177,-0.5377835120631684
0.7213108935188142,-0.6293463872021859,-0.5020655974259702,-0.2611724733194537,-0.2805810715175968,1.8952669945173257,-0.005815662446637814,-0.21525381967976115,-0.1808596827704808,-0.59858896047414,-0.4878905765109258
-0.04013147386267415,0.5786550107004959,0.5826937051319235,0.19914664362744794,-0.29959156110384577,-0.7462201058552537,0.08653308620977876,-0.610785109956245,0.17800861519739278,0.4058316591740519,-0.30872925586678795
-0.04013147386267415,-0.33360843874545304,0.09311580159305538,0.03412658283516245,-0.7509276212050403,-0.7462201058552537,0.13270746053798704,-1.1678633371043738,0.6285949900499256,-0.01604672499086449,-0.45898190466160554
-1.5630162086256507,0.7561475631995889,1.0432550393785553,0.5812983633569512,-0.6110722292050672,-0.7462201058552537,-1.104765771457995,-1.1396932306747987,0.5178509887757445,0.5057306233219747,3.0912716708842503
0.5136447933238628,-0.20249939621225876,-0.15303583013844857,-0.8517705856286859,-0.14830600678634784,1.8952669945173257,1.5918176893093692,1.3318024334220087,-0.04321696080766572,1.052955983626519,-0.5462740671465706
-1.4245721418290165,0.5963945044945123,1.824810461475095,0.4162783025646657,-0.22488089259133234,-0.7462201058552537,-1.0770611468610702,-0.6349309154673095,1.5731993326717615,1.4652758462140634,2.2199649389481126
0.9981990271120826,0.5672097036661677,-0.627948459753098,1.1024143448062738,3.7212082629695318,-0.7462201058552537,1.342476067937044,2.624752828526386,-1.2056353343716113,-1.153169416927506,-0.47441408078134384
0.7213108935188142,1.545216070477445,-0.8189619394135532,0.11229398005256083,-0.29959156110384577,-0.7462201058552537,0.4651629557010865,-0.5573193977531737,-1.5276327030053083,-1.1755450469836266,-0.2657273728866054
-0.4554636742525769,0.8390167108924678,0.49059376291803974,0.5291867652120189,-0.2839226707261766,-0.7462201058552537,0.4928675802980116,-0.7568097432850631,-0.12470040250347882,0.021783917226071925,-0.35689901603310026
-1.4937941752273336,1.025976899462004,2.069605080492328,0.5986688960719286,0.057095347522312316,0.5745234443310361,-0.8646590249513121,-0.41186966455557156,1.2546135091010133,1.4486415359365588,0.8135080896373487
1.6211973276969367,-0.41452236682300053,-0.3579606443435636,-0.31328407146438597,-0.4305127020178255,-0.7462201058552537,1.7026361876970686,-0.4360154700666359,-0.16616379634547088,-0.33315378173627547,-0.5650822379139592
1.1366430939087169,-1.01596861478539,-0.616627904282555,-0.790973721126265,-0.21210709463144134,-0.7462201058552537,0.4836327054323701,0.9230484401275608,0.40907518657634157,-0.29858172642071584,-0.5799697037282886
1.759641394493571,-0.7224733608200316,-1.0725164298672467,-0.460933599541694,-0.6772437125478725,-0.7462201058552537,2.0073870582632436,-0.7964778523389546,-1.6675060505862054,-1.4621144893389921,-0.5925194773842889
0.1675346263322772,-0.15422362802153736,-0.9718680631864934,-0.5912125949040247,0.09716573113554,-0.7462201058552537,-0.3567409073410209,1.1489841916953778,-1.525795717202182,-1.252447697856119,-0.3117078483440946
-0.3862416408542597,-0.42412715134873774,-0.7295895719103054,-0.1743198097445666,0.36931059131162663,-0.7462201058552537,-1.058591397129787,0.7908214099479226,-0.9518688669968882,-0.9801850037058459,0.7084284698432638
-1.0092399414391138,5.035733086960408,5.091250152643134,2.7265591536566625,3.601676131673464,0.5745234443310361,-0.9570077736077286,0.9500687462947045,0.5544594915666172,1.4369106230916024,4.310722491701434
0.3752007265272286,-0.9243649163596184,-0.32496918469875263,-0.9212527164885956,-0.7291084598702007,-0.7462201058552537,-0.28286190841588754,-0.3957724608815286,1.216430447050318,0.7976069072024397,-0.5061397458851753
-1.078461974837431,-0.47336710734527243,-0.6295348982920459,-0.07878187981219077,-0.2190763043109115,1.8952669945173257,-0.49526403032564575,-0.2911406370002494,-0.6910168829529642,-0.8786412290267518,-0.3387438380435378
-1.078461974837431,0.8412044971944452,2.0697143867199848,1.119784877521251,1.655027924242333,0.5745234443310361,-0.3936804068035875,0.7649509040432106,1.4852864406650068,0.8845646262277521,-0.0506008809977491
0.1675346263322772,-0.6997762676144506,-0.5619028750337943,-0.24380194060447627,-0.4125166264770383,3.2160105447036154,-1.0401216473985035,-0.4670600771522902,-0.22297914297073215,-0.7003810084409582,0.2837176798187681
-1.3553501084306994,0.08719352664644989,0.9091026854014992,0.04281184919265116,-0.29959156110384577,-0.7462201058552537,-1.0770611468610702,-0.5107524871246925,1.2357187979831432,0.9937738386653229,1.5453162162956462
1.4135312275019853,-0.7116625484187366,-0.9631287762362899,-0.6606947257639343,-0.29959156110384577,3.2160105447036154,-1.0770611468610702,0.34642360851809406,-1.3542999711531836,-1.2145549873172516,0.4868990209940559
-1.2861280750323822,-0.9516040149921272,-0.744661454578883,-1.1557549081407907,-0.6875668672458064,-0.7462201058552537,-0.9662426484733703,0.474626337779222,-0.3278185470205788,0.08850736330188255,-0.16854577769233953
1.4135312275019853,-0.6853776320997507,-0.3190749864250332,-0.4522483331842053,0.10865144959754247,0.5745234443310361,-0.2920967832815293,0.8356636201827563,0.4288883905957746,-0.12314561448278212,-0.4519886158465525
0.23675665973059432,-0.9564747374462454,-0.7157022091724262,-0.24380194060447627,-0.6208439377281862,0.5745234443310361,-1.086296021726712,-0.8355710612616303,-0.1998856071600024,-0.9322682591751243,0.21312300437488482
-0.8707958746424795,-0.6926518690310779,-0.5290428694816005,-0.24380194060447627,0.21736659380031995,0.5745234443310361,-0.9847123982046536,0.6465214770127519,-0.1430702605347411,-0.6508504875400307,0.08289491777618448
1.6904193610952538,0.08570490462279527,-0.8461844013624495,0.6507804942168608,0.320102250749321,-0.7462201058552537,0.14194233540362866,-0.15948850695182676,-1.3714889097395793,-1.2805956818518214,-0.39685689732674945
0.9289769937137655,-0.25679066159692887,0.560189650390474,-0.035355548024747226,0.2546838618094345,-0.7462201058552537,0.3174049578508202,0.3981646203275178,1.3652262971035423,0.6610876331152346,-0.47103423853315074
0.5136447933238628,-0.2612906927635176,-0.37035667408026546,0.3989077698496883,-0.7327792806756849,-0.7462201058552537,0.696034827342128,-1.238001153112704,-0.3753177513585569,-0.7629769111083581,-0.5059863915206859
-0.4554636742525769,-1.0674044102850135,-0.6094998093674314,-0.8170295201987311,-0.3717054942707756,0.5745234443310361,-0.9662426484733703,0.5229179488013506,0.6663844122856654,-0.24051681125427782,-0.25848508935071457
-0.10935350726099127,0.4472404345978563,0.790175034361246,1.3282312701009802,-0.08009129190775445,-0.7462201058552537,0.779148701132903,-0.8378706617864937,0.5569525437280028,-0.184282911584804,-0.4385918204139274
-0.5939077410492111,0.7968928562417967,1.5003396799526598,1.5627334617531754,0.6539473534552551,0.5745234443310361,-0.6430220281759123,-0.3388573478911624,0.9540039037465717,0.17987193318429479,0.1852966075925173
-1.4245721418290165,-0.4401256894842704,0.02636487251554665,-0.15694927702958916,-0.48330132744646653,-0.7462201058552537,-0.8923636495482369,-0.6567771204535106,0.7078478061276571,0.08534187888340217,0.03942252821534591
1.5519752942986196,-0.10798702796682519,-0.8522383248270001,-0.5564715294740699,-0.19938267991108596,0.5745234443310361,1.859629060412977,0.3774682156037484,-1.3313376486141058,-1.027418996695327,-0.5486156069054423
-0.6631297744475282,-0.9621642020133739,-0.9880946313088523,-0.9473085155610618,-0.8206094298248389,0.5745234443310361,-0.18127828489382933,-0.6780484253084957,-1.29171124057524,-1.16381413413867,-0.5271740283951534
1.5519752942986196,-0.25679066159692887,-0.30180733836798307,-0.9559937819185504,-0.6055248452972279,0.5745234443310361,-0.2736270335502459,0.1256619581312195,-0.25145242291918846,0.9918186865244969,-0.3629133653386344
-0.3170196074559426,-0.7162272492306153,-0.1913341787908563,-0.2785430060344311,0.2483669224188312,-0.7462201058552537,-0.8738938998169536,0.7632262036495631,0.8767192867436184,-0.10607682595176088,-0.15522098735558587
0.9981990271120826,-0.8332348925810459,-0.13568493216545982,-0.8257147865562198,-0.4074527867896523,-0.7462201058552537,2.3398425534263434,0.4372578292501937,1.4818748956020578,1.013759838327101,-0.6040089622621522
0.7213108935188142,-1.19003709259368,-1.0782161177739915,-1.0428464454934376,-0.9686789006675769,3.2160105447036154,-0.947772898742087,-1.1385434304123672,-1.6017682014886168,-1.4308630892467402,-0.3726340532812748
0.8597549603154484,2.2478090601828207,0.9120612493155148,-0.24380194060447627,1.6222045310309636,-0.7462201058552537,1.046960072236511,3.131239844127523,-0.4535208612630735,1.5218511216541577,-0.29883817418582587
-0.8015738412441624,-0.3240297661142289,0.3101411669599906,-0.5130451976866263,-0.7590758557284244,-0.7462201058552537,-0.005815662446637814,-0.9350287839619671,1.0392925303202893,1.133675836297767,-0.4361854211030493
-0.524685707650894,-0.8339438183152617,-0.34439520733695983,-0.7041210575513779,-0.48944336786371445,-0.7462201058552537,0.40975370650723675,-0.062330384776353456,0.7853948496739145,0.20333375887420793,-0.5539362887988413
-0.3862416408542597,-0.8556991750635832,-0.982418915208888,-1.1818107072132569,-0.659391671455731,-0.7462201058552537,-0.8277195254887454,0.7609266031246997,-1.3407850041730407,-0.948095681267526,-0.28246993181975927
0.0983125929339601,0.7572066811639594,-0.2665031204950861,1.484566064535777,1.6714252174031532,0.5745234443310361,1.268597069011911,0.49072354145326474,-0.8680235864113413,-0.9563507680843473,-0.4535359009219572
-0.2477975740576255,-0.5727438530984941,-0.9829173724520525,-0.3740809359668069,-0.30262451506532756,-0.7462201058552537,-1.0493565222641452,-0.12556939921009364,-1.4584833088447713,-1.3164401377669663,0.4733016006759876
-0.04013147386267415,-0.4793477073344041,-0.09766082619388367,-0.7041210575513779,-0.30453811559733446,1.8952669945173257,0.4466932059698033,0.42978412754438794,0.5162764295159222,0.7630969202088113,-0.5120919839248051
0.5828668267221799,0.4440552715400303,-0.9949410574943048,0.6942068260043044,-0.32464120935830987,-0.7462201058552537,0.4836327054323701,-0.8648909679536371,-1.6207941258781384,-1.418201151572819,-0.4031686111885159
1.275087160705351,-0.7093442026441925,-0.701053871850824,-0.24380194060447627,-0.858883498099957,0.5745234443310361,-0.8092497757574622,-1.2563979573116102,-0.6045473369343797,-0.910171936567693,-0.22664564520226177
1.4827532609003025,-0.25679066159692887,-0.5825553682645658,-0.24380194060447627,-0.6958632514877974,-0.7462201058552537,0.1511772102692703,-0.9683729915724845,-0.7780112820581562,-0.7315082718893479,-0.44995048687333733
1.4827532609003025,-0.6426920056624482,-0.8474562099374031,-0.8951969174161295,-0.0663792123966858,-0.7462201058552537,3.1525115416028093,1.7888480377385851,-1.076390261794516,-0.7854456436473753,-0.6028887608469924
0.9981990271120826,0.1174476949678523,-0.2665031204950861,-0.24380194060447627,0.5065198647264806,0.5745234443310361,-0.24592240895332104,1.1581825937948311,-0.5329048906124568,-0.2550097644251633,-0.29209333043439023
0.5136447933238628,0.5540605345057483,-0.4345144790156029,0.9547648167289657,2.5538255177761537,1.8952669945173257,1.2963016936088356,1.7698763334084626,-0.9782427345989148,-0.9768022801606073,-0.47235011791877024
0.0983125929339601,0.06190818341088834,0.07087335222125411,-0.47830413225667145,0.38439305571980986,0.5745234443310361,0.09576796107542039,1.4812764675381218,0.01753478396715163,0.6177639444074059,-0.39190283679935234
0.9981990271120826,0.36051746411849367,0.9409686426616528,1.0416174803038527,2.2648697798081354,0.5745234443310361,-0.6891964025041205,1.3938916475933167,0.8529696845746291,0.07640404052533997,0.08921872409679951
-0.6631297744475282,-0.933401828188791,-1.0787996488749154,-1.1991812399282344,-0.8866368787189985,-0.7462201058552537,0.2527608337913285,-0.4601612755777003,-1.6642257187949083,-1.4028702760558653,-0.5580521220651399
-0.8707958746424795,-1.05776375240887,-0.5628050748270287,-0.8517705856286859,-0.6713856257579548,-0.7462201058552537,-0.5414384046538541,-0.3285091455292777,0.8458841679054278,-0.056266997602143834,-0.4937141947609837
1.3443091941036682,0.15766050059110712,-0.726833856383014,0.31205510627480115,1.03030113722649,0.5745234443310361,2.700002673186368,1.0006599578416966,-1.217313315548628,-1.1116767437166413,-0.5555291954235385
1.6904193610952538,-1.20123177424796,-1.0155531634419135,-1.1470696417833022,-1.0194078334805847,3.2160105447036154,1.7580454368909186,-1.2822684632163222,-1.1765059880648954,-1.13613166255745,-0.6212841390418664
0.9981990271120826,-1.0318890612737797,-1.0164265710106992,-1.2860339035031214,-0.6913570308801684,0.5745234443310361,1.1116041962960026,1.2950088250241958,-1.362041554180644,-0.982822907387913,-0.5992544273057575
0.7905329269171313,-0.825325916980288,-0.949250533207512,-0.6259536603339795,-0.4924166504107574,-0.7462201058552537,-0.6799615276384788,-0.19685701548085505,-1.2476235813002108,-1.1960275932208522,-0.3682043657421321
-1.2861280750323822,-0.25679066159692887,0.2525948905599679,-0.9820495809910166,-1.02188316836231,1.8952669945173257,-0.5599081543851373,-1.393799088672191,0.7882815416502557,2.9038643777695072,-0.24238782799430142
-0.1785755406593084,1.1107692980021648,1.2346485503454172,0.12097924641004955,-0.253202180465034,-0.7462201058552537,0.6498604530139197,-0.49810468423794435,0.3931983807064649,1.2687054706586287,-0.3510479149220227
0.02909055953564297,0.4799952438826015,-0.0719810281802491,0.5118162324970414,0.6380294892449269,-0.7462201058552537,-0.9570077736077286,0.30215629841447605,-0.515059885667802,-0.5126864029216545,0.8903391759038046
1.5519752942986196,-0.7783603802067799,-0.6830562562209953,-0.8083442538412424,-1.030942935182123,-0.7462201058552537,-0.3198014078784542,-1.4811839086169953,-0.4482723303969986,-0.4426112674615705,-0.46724160371244283
0.8597549603154484,-0.08497683606348208,0.35310033837094806,-0.25248720696196497,0.14542961724172607,-0.7462201058552537,0.28970033325389516,0.5332661511632355,0.6606110283329827,0.6930838530706583,-0.4443863068313046
-1.6322382420239678,0.9040194658647231,1.8009508271165189,-0.24380194060447627,-0.9437609410518746,-0.7462201058552537,-1.104765771457995,-1.406446891558939,1.1357342849844163,2.8619682604660905,3.3291721103856258
-0.8015738412441624,0.5104195055729362,0.30126782028599813,0.9981911485164092,0.8380295517293739,0.5745234443310361,-0.7446056516979705,0.11991295681906129,-0.09163465804720689,-0.40341512216215236,0.23623828912126876
-0.8707958746424795,1.7030444141168553,1.844721261792815,1.779865120690393,1.0344122919178338,1.8952669945173257,-1.086296021726712,-0.15258970537723704,0.4633974810402173,0.28144674202435455,3.9569900378606566
0.7905329269171313,2.323690469674827,1.4021835994877296,1.6148450598981077,0.6296302232539033,-0.7462201058552537,-0.4306199062661541,-0.3791003570762698,-0.1691817015934639,0.08971769557953672,0.36061032769390816
-0.4554636742525769,2.3060232106544167,1.389988594195932,0.7550036905067253,0.18369545497692158,0.5745234443310361,-0.07969466137177114,-0.36530275392709005,-0.16970655468007134,0.6603738474130282,0.05119508656171132
0.1675346263322772,-1.0066129914213164,-1.0124561102311167,-1.1644401744982795,-0.8513834185954783,-0.7462201058552537,-0.8184846506231037,-0.36415295366465855,-1.362172767452296,-1.1074250636643688,-0.3661008275596902
0.0983125929339601,-1.0954351629904298,-0.9250645435446683,-0.8951969174161295,-0.35278142535371415,-0.7462201058552537,-0.7261359019666872,0.8247405176896557,-0.8337769225102023,-1.008177816896721,-0.45349852423097053
-1.3553501084306994,-0.25679066159692887,-0.9179485648144937,-0.15694927702958916,-0.5713434129986278,-0.7462201058552537,-0.7076661522354039,-0.8033766539135445,-1.4070477063572366,-1.2535959618118424,-0.12888800924102461
0.7905329269171313,-0.6626834673309375,0.17858858148459342,-0.16563454338707786,0.296248088418616,-0.7462201058552537,1.5733479395780856,0.6534202785873415,1.726325220689498,0.31204642473633104,-0.5797086165486022
0.02909055953564297,-0.9045598984986818,-0.8082168375873013,-1.1644401744982795,-0.9156906846458125,-0.7462201058552537,0.16041208513491192,-0.7096679325253659,-0.6645118020792857,-0.17183821303764124,-0.547876867601235
0.30597869312891146,-0.5850820893106177,-0.2332504463253026,-0.9473085155610618,-0.9376868025889882,0.5745234443310361,-0.28286190841588754,-1.1028996222769865,0.4210155942966622,1.1713823418708413,-0.43194701427660315
-0.9400179080407967,-0.12800923822137694,0.17139313100367917,-0.7736031884112876,-1.0539863893304509,-0.7462201058552537,-0.6799615276384788,-1.555920925675052,0.4224589402848326,1.6115708810053988,-0.10643671041687484
-1.6322382420239678,-0.24202231094028862,0.37765632766018714,-0.01798501530976981,0.705340902367014,0.5745234443310361,-1.1140006463236367,1.059874671356926,0.9919245392539627,0.4011144667072969,1.6493987578919391
1.205865127307034,-0.9906339761975695,-0.5784901927918885,-0.9559937819185504,-0.8517332165421894,-0.7462201058552537,1.0284903225052278,-0.77923084840248,0.4767812347487083,0.12463112666571667,-0.5937177301247445
0.5828668267221799,-0.4343779002181824,-0.7416140386419091,-0.877826384701152,-0.704180212079595,0.5745234443310361,0.3820490819103117,-0.3888736593069388,-0.9706323648431061,-0.5059519899921424,-0.5009185519486676
0.652088860120497,-1.20123177424796,-0.8640363622097748,-1.242607571715678,-0.8817191311152389,-0.7462201058552537,-0.3198014078784542,-0.2871163360817388,-0.15920949294792178,-0.20029653864299846,-0.5634497559693937
-1.5630162086256507,-1.0714922639765279,-0.2665031204950861,-1.1644401744982795,-1.033945024618895,0.5745234443310361,-1.0031821479359369,-1.345507477650062,2.386590403641724,2.309715366085137,-0.20004883162191214
-1.078461974837431,3.1477940623339897,5.218114556232678,2.596280158294332,7.577261484681983,-0.7462201058552537,-1.1232355211892786,3.3215317875599593,1.5435451332784385,1.5904676515488634,8.203308080679907
1.4827532609003025,0.016308274316785276,-1.0277909010849287,0.23388770905740278,-0.7069827109232438,1.8952669945173257,2.7923514218427847,-1.1649888364482948,-1.6368021450196668,-1.4312975675002573,-0.5649233869772659
-0.8707958746424795,-0.3240763770661172,0.2385634364182885,-0.191690342459544,0.4162987437298084,-0.7462201058552537,-0.781545151160537,0.9006273350101441,0.8979758367512218,0.43255207176534166,-0.07527114602062321
0.0983125929339601,0.8946308975870116,0.5795670780073272,2.1880726394923626,1.6619703846670544,-0.7462201058552537,-0.005815662446637814,0.0842691486836806,-0.0726087336576853,-0.5992096436934499,-0.22980507490507757
-1.0092399414391138,1.1441498166096398,0.8501186217208797,1.7364387889029496,1.727993718291253,0.5745234443310361,-0.8184846506231037,0.36941961376672683,0.018190850325411217,-0.3091023069880181,0.7104077854938969
0.4444227599255457,0.32230087622532005,0.36285582147815193,1.2500638728835818,0.24055408239729342,0.5745234443310361,1.0100205727739444,-0.5435217946039941,0.15373415994179626,-0.45648353741314607,-0.4715860943824247
0.8597549603154484,5.753805549384216,7.149783721938096,2.7265591536566625,-0.557195114871661,-0.7462201058552537,-0.6891964025041205,-1.3736775840796371,1.0194793263008566,2.4176211437621573,2.1481362830444484
0.9289769937137655,-0.2173153339663766,-0.2665031204950861,-0.41750726775425046,-0.5453369644781603,-0.7462201058552537,-0.6522569030415539,-0.5613436986716845,-0.2311143658131483,-0.07268406875288987,-0.1640935542071607
-1.147684008235748,0.33611406842284813,0.4143750124146934,0.05149711555013987,1.198831730316837,-0.7462201058552537,-0.4121501565348708,1.664094709264752,0.2063506818741975,0.36691482132332326,-0.16503017011070947
0.9289769937137655,0.11580630615947524,1.13222861503096,0.8505416204391012,0.030642392211043073,-0.7462201058552537,-0.4398547811317958,-0.5665177998526268,1.5107418153654697,0.3599631692670527,-0.20592576662234816
-1.4245721418290165,0.18713448455027645,-0.8479305650922285,0.12097924641004955,1.6875653061913918,0.5745234443310361,-0.9847123982046536,2.2131243345758596,-1.3958945782668275,-1.2117308786693919,0.816818125418552
-0.8015738412441624,-0.5695398992380741,0.12468680140456193,-0.4435630668267166,0.11605687789291094,-0.7462201058552537,-0.513733780056929,0.8322142193954615,1.2689157557110673,0.649604993558002,-0.3586177941612675
0.7213108935188142,-1.0337120131617634,-0.7990513996589507,-1.2947191698606102,-0.6444018006216772,0.5745234443310361,1.1854831952211358,1.7296333242233553,-0.3594409454886802,0.43096932955610134,-0.6008610753609647
-0.04013147386267415,-0.45251688159461245,-0.7779291111279043,-0.01798501530976981,-0.29959156110384577,0.5745234443310361,0.8992020743862447,-0.4664851770210743,-1.038075986472169,-1.0949182967952749,-0.5380358047273286
-1.3553501084306994,-0.25679066159692887,-0.30070085709087996,-0.24380194060447627,0.6161856362903195,-0.7462201058552537,-0.6430220281759123,1.351923938014562,-0.24948422384441057,-0.3065885399498132,-0.18552743751636414
-1.078461974837431,-0.9956596617639865,-0.4076299674296886,-0.8344000529137086,-0.6978859066737788,-0.7462201058552537,-1.058591397129787,-0.4411895712475783,1.2309951202036764,0.32207045872818546,0.030904490270924227
-1.5630162086256507,-1.1635713453042797,-0.8384850218129097,-1.390257099792986,-0.8030269389151629,1.8952669945173257,-0.9293031490108037,1.4651792638640788,-0.15199276300706865,0.8922300639862288,-0.37118240856221835
-1.078461974837431,1.6223015555538298,1.4489593691575755,2.7265591536566625,1.0493486642423906,-0.7462201058552537,-0.28286190841588754,-0.47625847925174325,0.21448590471661363,-0.2983334531329919,0.050753711813736245
-1.701460275422285,0.46517003274538554,0.8794078703152444,0.1557203118400044,0.43203759369681966,0.5745234443310361,-1.0493565222641452,0.41713632465764,0.6444717959198023,0.7993448202165073,1.6421779109876438
-0.9400179080407967,-0.2135098303865618,-0.6386964277736389,0.1644055781974931,-0.13103010348878902,0.5745234443310361,-0.7630754014292538,-0.3601286527461478,-0.9110615395131556,-0.9759643578145389,-0.04885077240801955
0.5136447933238628,-0.18620362174479002,0.24009685036289036,0.00807078376269632,-0.8729700671775044,0.5745234443310361,1.7672803117565605,-1.3420580768627672,0.6363365730773861,0.1952028087012486,-0.5510176089585573
-0.8015738412441624,-0.6985863461411161,-0.37927158057144794,-0.582527328546536,-0.17169514361142538,-0.7462201058552537,-0.2920967832815293,0.49417294224055963,0.2916393084479151,-0.06840135453965183,-0.4549050970579548
0.5136447933238628,-0.7990070796020746,-0.7928202932747178,-0.40013673503927305,-0.14909202334895705,1.8952669945173257,0.34510958244774526,0.21362167820724007,-0.7643651018063614,-0.9887814662932877,-0.5455358774995835
1.0674210605103998,-0.7386571225811303,-0.9002284489044611,-0.8604558519861747,-0.7125424406409671,-0.7462201058552537,1.2778319438775525,-0.4452138721660891,-1.1548557982423362,-0.963395522623514,-0.5781146106094641
1.759641394493571,0.6540995950412979,-0.515971199582052,-0.25248720696196497,-0.3336639387484713,-0.7462201058552537,0.23429108406004526,-0.31931074342982463,-1.103157769211498,-0.6255266121921882,-0.33205450967136174
-1.2169060416340651,-0.31368408708622664,-0.7477660641200778,-0.2698577396769424,0.657488543256958,-0.7462201058552537,-0.44908965599743744,1.4847258683254163,-1.05775797721995,-0.9702851063578537,-0.31454737754464196
-0.04013147386267415,-0.9693200812920008,-0.9869261360098607,-0.9646790482760392,-0.6780729394450755,-0.7462201058552537,0.17888183486619533,-0.1203952980291512,-1.2814766053863942,-1.150779786533163,-0.5587029162140845
-1.3553501084306994,0.4373703825082317,-0.4047919139573685,0.9895058821589205,1.149962899526339,-0.7462201058552537,-0.8277195254887454,0.41656142452642425,-0.8967592929031015,-0.9603541748488957,0.37945147789452033
-1.078461974837431,0.2231752439249411,-0.015742648346909558,1.0676732793763188,0.13303853938823657,-0.7462201058552537,-0.32903628274409585,-0.5636432991965478,-0.26063735193481974,-0.6765467728194593,-0.23522524475536746
-1.4937941752273336,0.09062638664755629,-0.2665031204950861,-0.05272608073972465,-0.638409967558017,0.5745234443310361,-0.9200682741451619,-0.9654984909164054,-0.5132228998646758,-0.40878403200918273,0.4515665052100091
1.5519752942986196,-1.0142200939985888,-0.7244641651138243,-1.2860339035031214,-0.7413081776704896,1.8952669945173257,-0.18127828489382933,0.9276476411772875,-0.07693877162219694,0.8473857013910909,-0.5374586646459165
-0.9400179080407967,-0.2967972564644478,-0.17942670489886628,-0.8257147865562198,-0.1485940756836391,-0.7462201058552537,-0.7076661522354039,1.2317698105904555,0.03249309693546529,0.8992748185253959,-0.14469670055673176
0.7213108935188142,-1.1106264287236265,-0.5287711021503823,-1.1991812399282344,-0.6489306552140935,0.5745234443310361,-1.1417052709205617,0.9230484401275608,1.3295362872142331,1.326739351664101,0.38183039434437877
-0.8015738412441624,0.91140303110205,2.055175095062922,0.37285197077722215,-0.29959156110384577,-0.7462201058552537,0.1511772102692703,-0.7039189312132077,1.379134903898641,1.7699382044123115,-0.2745378284722759
1.275087160705351,-0.800463488821283,-0.2715180485298831,-1.121013842710836,-0.45915498094850893,-0.7462201058552537,2.496835426142251,1.4433330588778774,0.9083416852117195,1.9534121640403077,-0.6039798304294713
-0.524685707650894,-1.0214052576448942,-0.3424541423955305,-1.1036433099958585,-0.42438918031540346,-0.7462201058552537,-0.7353707768323288,1.5025477723931067,1.6650486228280732,1.5495025590744123,-0.4190421620562293
0.7213108935188142,-0.5865233682731921,-1.0526311647350106,-0.25248720696196497,-0.4301731922460178,-0.7462201058552537,0.10500283594106201,-0.49063098253213877,-1.6291917752638583,-1.4397698934438368,-0.49438422691264217
1.6904193610952538,-1.20123177424796,-0.7291458329217485,-1.242607571715678,-0.8522393947474299,0.5745234443310361,1.693401312831427,-0.09567459238687082,0.7465557212649598,0.5469439890841501,-0.6207218397054048
1.275087160705351,0.6616913233255389,1.5337489525558685,-0.01798501530976981,0.029016860576327633,-0.7462201058552537,-0.753840526563612,0.03252813687425681,1.1548914226455895,1.8978299817511093,0.31874073858773394
-1.0092399414391138,1.369500346987242,0.9016378126574209,0.4162783025646657,-0.16591113168081092,-0.7462201058552537,-1.0401216473985035,-0.5647930994589794,-0.07444571946081133,0.5254993838569942,2.5031230546621623
-0.5939077410492111,-0.625778331036964,-0.32076760443423175,-1.1036433099958585,-0.7406435615717388,1.8952669945173257,-0.7630754014292538,0.004932930575897652,0.2863907775818401,1.6370809613190345,-0.23092472666301697
-0.3170196074559426,0.018099501473117247,0.6267507592371174,-0.2785430060344311,-0.29959156110384577,0.5745234443310361,-1.0124170228015785,-0.23077612322258848,0.9281548892311523,1.1593410874162298,0.8411256166759672
1.4827532609003025,0.5312397148467259,1.3942568786184508,0.8679121531540785,-0.6724823452026426,0.5745234443310361,1.804219811219127,-1.2615720584925525,1.172080361231985,0.5651300074099292,-0.5030644137370797
0.3752007265272286,-0.878713759622078,-0.6315155688272865,-0.9820495809910166,-0.019930160343435213,-0.7462201058552537,-0.6984312773697622,2.4413596866685396,-0.07457693273246348,0.018897740256280878,-0.37933272582619754
-0.9400179080407967,-0.3701880304854012,-0.680078540917867,-0.6172683939764908,0.23394290120445677,-0.7462201058552537,-1.1140006463236367,1.5548636843337462,-0.8861310178992998,-0.6412298976407279,1.4273410884539341
-1.0092399414391138,0.4908426617434945,0.3908955396440821,0.19914664362744794,0.046165190505085815,-0.7462201058552537,-1.1232355211892786,-0.14856540445872612,0.031180964218946408,0.18722702933311666,3.2163043974358008
-1.078461974837431,-0.3534700730505679,-0.01690280562615153,-0.30459880510689724,-0.061504675127519996,-0.7462201058552537,-0.9662426484733703,0.2383423838495201,0.44476519646565127,0.19706485835917828,0.2960096642384044
0.1675346263322772,-0.25679066159692887,0.04456833300794705,-0.8951969174161295,-0.4349777699258415,-0.7462201058552537,0.7422092016703362,0.5482135545748468,0.39818448502923615,1.7746553968790666,-0.5088011861463156
0.4444227599255457,-0.09989941772322901,0.5059727192202135,0.14703504548251567,-0.33557548164549755,-0.7462201058552537,-0.22745265922203764,-0.6286070140239354,0.94127621639634,0.37253200445807744,-0.3435126640876627
0.5828668267221799,-0.5803924418633108,-0.9014752434201656,-0.9212527164885956,-0.6967747837842265,-0.7462201058552537,0.12347258567234526,-0.283092035163228,-1.2533969652528931,-0.9189856382818933,-0.4955176201010913
1.1366430939087169,-0.25679066159692887,-0.33246167713325175,0.03412658283516245,0.2913653206095276,0.5745234443310361,0.18811670973183697,0.3648204127170005,-0.30892383590270905,-0.5496170544705914,-0.45506174936576665
-1.2169060416340651,-0.8543733253169412,-0.20064136305495267,-0.5477862631165811,-0.7619256801766282,1.8952669945173257,-0.9847123982046536,-0.9172068798942766,1.3536795291981776,0.23055071804094554,-0.05201459936859844
-0.3862416408542597,-0.9579252897919182,-0.7289384246804737,-0.24380194060447627,-0.29959156110384577,-0.7462201058552537,0.4743978305667283,-0.2675697316204009,-0.24961543711606243,-0.9522232246759366,-0.5725421857091255
1.4135312275019853,-0.5104738177034327,-0.18138692122940822,-0.1743198097445666,-0.487029762031409,-0.7462201058552537,2.0905009320540184,-0.6504532190101364,0.38834348965534554,-0.19350005739155554,-0.5806111537044866
-0.3170196074559426,0.41625684148486314,0.8546848600678932,0.12097924641004955,-0.3253222865369058,-0.7462201058552537,-0.4398547811317958,-0.5987122072007128,0.6729450758682589,0.8161343012988392,-0.12723683895096574
0.0983125929339601,-0.5968814931574575,-0.0486306644342001,-0.6954357911938892,-0.048992196810171765,0.5745234443310361,-0.7907800260261789,1.0834455767367746,0.9150335620659653,0.8518235864091567,-0.19137688965578056
-0.8707958746424795,-0.25679066159692887,-0.9934587139206701,0.39022250349219956,-0.5534502192068732,-0.7462201058552537,-0.4213850314005125,-1.0189642031194768,-1.5486268264696081,-1.4022806269975208,-0.3113098965165305
-0.04013147386267415,-0.23648463701229352,-0.9553880974326773,-0.24380194060447627,-0.6302946551943234,-0.7462201058552537,-0.9754775233390118,-0.8522431650668891,-1.4814456313838489,-1.2936300294573289,0.42378353134805263
-1.770682308820602,-0.007389612154206637,-0.43612554076912435,0.7115773587192818,0.24476811883766994,0.5745234443310361,-1.1417052709205617,-0.27734303385106984,-0.7028260774016327,-0.9222131910223045,2.8667141604079
-0.1785755406593084,-0.9756062148505777,-0.3588552878063997,-1.1123285763533473,-0.9178820659002074,0.5745234443310361,-0.8369544003543872,-0.8200487577188031,1.3325541924622262,1.5349475375815957,-0.33680684599887484
0.5136447933238628,-0.25679066159692887,3.116839385729603,2.7265591536566625,-0.15510031749246245,0.5745234443310361,-0.9385380238764451,-1.148891632774252,6.1601528830779495,0.4962652042274993,0.27567674434164696
1.275087160705351,0.28526762082275325,-0.7277526019341892,1.154525942951206,0.5231743622598823,-0.7462201058552537,-0.7723102762948955,-0.2566466291273002,-1.2552339510560193,-1.2344478844961329,0.18779150171587866
-0.3862416408542597,-0.28122431780584206,-0.4518033629667031,0.06886764826511729,0.5804506895813266,-0.7462201058552537,-0.06122491164048789,0.7390803981384988,-0.5096801415300752,-0.7160222255675667,-0.4186469585147672
1.205865127307034,-0.08396286483261581,-0.6423699768811953,-0.24380194060447627,1.1021352320360513,1.8952669945173257,1.1947180700867777,2.2113996341822117,-0.990445568862539,-0.8216935436550715,-0.5196975908833754
-0.8015738412441624,-0.6390626963614988,-0.45789819484065086,-0.40013673503927305,-0.3357112855542206,-0.7462201058552537,-0.28286190841588754,-0.158913606820611,-0.04754699877217735,-0.41890116848393355,-0.4437514527417513
1.0674210605103998,-0.39701958833438483,-0.5299898861309896,-0.24380194060447627,-0.29959156110384577,1.8952669945173257,1.4348248165934605,-0.2675697316204009,-0.5511435353720672,-0.6522780589444436,-0.5555247981657754
-0.6631297744475282,0.209071892450999,1.0764563826142548,0.00807078376269632,1.0305130736294974,-0.7462201058552537,-1.13247039605492,1.501972872261891,1.2623550921284739,1.260574520485669,2.990535992102926
0.0983125929339601,1.1926776743987935,-0.47290663039019526,1.8319767188353253,2.9631755360971326,-0.7462201058552537,-0.5044989051912874,1.1817534991746796,-1.1910706612182533,-1.136317867523243,0.14015820699666937
0.5828668267221799,-0.6983491427629206,-0.7754805995157678,-1.02547591277846,-0.9115774723194882,0.5745234443310361,0.4374583311041618,-0.9200813805503557,-0.8295780978173424,-0.372753371128245,-0.5386008523498921
-0.5939077410492111,-1.0652952037029733,-0.5932509630985536,-1.3381455016480537,-0.7742426831708143,0.5745234443310361,0.0495935867472121,1.1277128868403927,0.7357962329895062,2.2667330531479286,-0.5653883969857179
1.759641394493571,-0.412419993260085,-0.3196836618667647,-0.24380194060447627,0.1518947063509364,0.5745234443310361,1.6472269385032186,0.5309665506383722,-0.08756704662599868,-0.33520203635999807,-0.5633601618424696
-1.701460275422285,-0.9972732304230691,-0.7854679837972615,-0.7736031884112876,-0.5486332957171657,-0.7462201058552537,-1.086296021726712,-0.10027379343659751,-0.38975121124026313,-0.73824268481886,0.15568987107329865
-1.147684008235748,-1.1546171618137986,-0.5703481165062606,-0.9559937819185504,-0.5707096614245869,-0.7462201058552537,-0.28286190841588754,0.25386468739234713,1.4102324492801348,0.1501412069793523,-0.5564905459020049
-0.3170196074559426,-0.713913296111223,-0.4557929751353984,-0.2611724733194537,0.23313219302207974,-0.7462201058552537,-0.6707266527728373,0.7045863902655496,0.10794072813529229,-0.5279241759557117,-0.3316323729261003
-0.9400179080407967,-0.3873298791423798,-0.1991423434418185,-0.7736031884112876,0.3120918777696406,-0.7462201058552537,-0.9015985244138787,2.379270472497231,0.12814757196968088,0.701618247336169,0.09151464230637878
1.275087160705351,0.15922623811631506,-0.5566354613384503,0.14703504548251567,-0.455743422150587,0.5745234443310361,-0.8184846506231037,-0.7941782518140913,-0.9754872558942255,-0.8743895489744793,0.21742956869665964
0.8597549603154484,-0.0868844685813358,-0.2528567786405981,-0.43487780046922786,0.24549240635085956,3.2160105447036154,1.0284903225052278,1.0799961759494798,-0.34225200690228497,-0.027591432870028118,-0.5106331936618835
-0.10935350726099127,0.3402268138268893,-0.3989573846374831,0.5986688960719286,-0.1736252052232773,-0.7462201058552537,0.3174049578508202,-0.6648257222905319,-0.8458485435021746,-0.8573517946044233,-0.3909926044423825
-1.5630162086256507,-1.1467447916726388,-0.2665031204950861,-1.3468307680055425,-0.927040599199092,-0.7462201058552537,-0.9570077736077286,-0.158913606820611,3.1268956823015928,4.899454030333625,-0.3309942208932247
-1.770682308820602,-0.3992854662835049,-0.3036986357540312,-0.9559937819185504,-1.0627724906978373,0.5745234443310361,-1.1417052709205617,-1.555346025543836,-0.0726087336576853,0.9858911617800877,1.9840245770946559
-1.2169060416340651,-0.32029893767199424,0.45269029766971786,-0.04404081438223594,-0.41919159435427517,0.5745234443310361,-0.5044989051912874,-0.6309066145487987,1.3119537088128816,0.5316131135671962,-0.29120453470901564
1.275087160705351,-0.5308288936039295,-0.5766304235430192,-0.24380194060447627,-0.1571312032183665,0.5745234443310361,0.4466932059698033,-0.015763474147872117,-0.506924662825386,-0.7225704335312858,-0.5184630607663739
-1.078461974837431,1.9225400232499457,3.6386277109695357,2.5094274947194446,2.2988392757037284,0.5745234443310361,-0.6522569030415539,0.32227780300702974,1.5876327925534677,0.8637096700589405,0.6009413514238598
-1.0092399414391138,0.05880965327411085,0.19847749450047011,-0.6606947257639343,-0.48038154340892064,-0.7462201058552537,-0.2920967832815293,-0.11292159632334542,0.21369862508670218,1.3009189297408106,-0.2876575966658232
-0.9400179080407967,0.12455232660304201,0.7427427759176665,-0.02667028166725852,-0.47704405947030215,-0.7462201058552537,-0.32903628274409585,-0.7303643372491353,0.9281548892311523,0.8868301199782331,-0.2578914595526907
-0.04013147386267415,-0.14046754034098213,0.5240092890360606,-0.5738420621890472,-0.4395436619479095,1.8952669945173257,1.5087038155185937,-0.14799050432751035,1.0488710991508758,1.7126181091090449,-0.5385255493106982
-1.2861280750323822,-0.25679066159692887,0.34664566883217524,-0.24380194060447627,-0.38657602227595156,0.5745234443310361,-1.0401216473985035,-0.4210680666550246,0.9646321787503731,0.6694047882539866,0.7588424804404384
-0.3862416408542597,-0.44334038094617245,0.17512165892896037,-0.877826384701152,-0.12815147215085596,0.5745234443310361,-0.30133165814717094,1.504272472786754,1.040211023221852,2.0631489572142923,-0.39608462893209806
-1.6322382420239678,0.31832552331297004,0.461181658813925,-0.24380194060447627,-0.9509050497047001,1.8952669945173257,-1.0308867725328619,-1.419094694445687,0.2858659244952327,0.8420788598659916,1.2837563313996976
0.23675665973059432,0.27773226494629316,-0.5065306070019597,-0.24380194060447627,2.73345499395214,-0.7462201058552537,-0.32903628274409585,5.096248492623193,-0.9584295305794819,-0.6168991154437811,-0.2226859145865546
1.3443091941036682,0.5720931160129469,0.09471031758863588,0.45970463435210923,1.0888861203956293,-0.7462201058552537,-0.8646590249513121,0.8787811300239429,-0.37676109734672764,-0.32142286889131905,0.5579306739281511
1.4827532609003025,-0.5563358218882578,-0.04542560781133262,-0.02667028166725852,0.3835206184880132,0.5745234443310361,1.2778319438775525,0.5832824625790117,0.8159675419688007,-0.13912820738001114,-0.5630171757369448
-0.524685707650894,-1.0969469684718298,-0.5344929379220874,-1.1123285763533473,-0.8970402811811777,3.2160105447036154,0.3635793321790285,-0.7200161348872506,1.210132210011028,0.8135895000996687,-0.5854954077648938
1.4827532609003025,-0.6048812502980185,-0.6837915653376762,-0.14826401067210046,0.19508240695985282,0.5745234443310361,0.3174049578508202,0.4585291341051789,-0.684849859185326,-0.9250993679920954,-0.5177023351733508
0.3752007265272286,-0.46653994509383606,-1.0057484339055625,-0.0092997489522811,-0.6623875879875611,-0.7462201058552537,-0.4675594057287208,-1.0206889035131241,-1.5377361249225028,-1.390518679991599,-0.3480231512382031
0.23675665973059432,-0.4011887061462069,-0.5650132169635672,-0.12220821159963433,-0.36014981621943093,-0.7462201058552537,0.13270746053798704,-0.480282780170254,-0.6206865693475601,-0.7708595879935936,-0.46926709056958904
0.3752007265272286,-0.8479334488280524,-0.6639289691966347,-0.8517705856286859,-0.7573865374093086,-0.7462201058552537,1.3517109428026857,-0.6015867078567919,-0.2569633803285671,-0.3299882973177951,-0.58886535618312
-0.04013147386267415,0.8934473210600076,1.9292379053258626,1.6409008589705738,3.164471908619391,0.5745234443310361,0.5575117043575031,1.4990983716058122,1.2762636989235725,0.41169711559653,-0.3610379349026554
-0.10935350726099127,-0.25902359463241076,-0.7583864864947593,0.4336488352796431,0.49494155269034873,-0.7462201058552537,-0.7076661522354039,0.20844757702629763,-1.1067005275460988,-1.1673520284887364,-0.12977020907975453
-1.0092399414391138,0.29962696647748427,-0.7297619344123197,0.8765974195115673,-0.29959156110384577,-0.7462201058552537,-0.6522569030415539,-0.8999598759578021,-1.261663401366961,-1.2050585340618107,0.020722090263154185
-0.10935350726099127,-0.1621150330016879,0.3959766507106426,0.3207403726322899,0.46867172689235764,-0.7462201058552537,-0.08892953623741276,0.28490929447800145,0.8680592108145946,0.08590049378078113,-0.39149334217015996
1.205865127307034,0.05990122807932537,-0.9873241461713523,0.4336488352796431,-0.6988200729549952,0.5745234443310361,1.1300739460272862,-1.2052318456334021,-1.578674665677887,-1.3984323910377998,-0.5035668004365184
-0.9400179080407967,0.47428967291324986,1.2526457751305702,0.32942563898977856,-0.11303402794800183,-0.7462201058552537,-0.1628085351625461,-0.4492381730845997,1.0831177630520148,0.9897704319007747,-0.2503210306562256
-0.04013147386267415,-0.6713216236868887,-0.16312548544343541,-0.7128063239088666,-0.6748095303657606,-0.7462201058552537,0.0495935867472121,-0.5452464949976417,0.8223969922797427,0.6350499720651857,-0.5015490087804577
-1.5630162086256507,2.0413784276530746,3.1714513305855077,0.8331710877241237,0.6405768413509749,-0.7462201058552537,-0.9293031490108037,0.04517593976100472,1.1594838871534048,2.0958279287109574,1.816300523892444
-0.8015738412441624,0.7532320603608017,-0.506409835997147,0.9026532185840335,0.8074181161222058,0.5745234443310361,-0.15357366029690447,0.1584312656105211,-1.1206091343411975,-1.02478109301326,-0.20000980595926426
-0.6631297744475282,-0.11742001086884901,-0.9951268389968537,-0.07878187981219077,0.017932380935552376,-0.7462201058552537,-0.9662426484733703,0.082544448290033,-1.5709330826504264,-1.3706568169736832,0.47934398249976173
0.7905329269171313,-0.7909951206416477,-0.3776012407087682,-0.8865116510586408,-0.2677331986984024,0.5745234443310361,-0.28286190841588754,1.0776965754246164,0.5400260316849113,0.5383164923357429,-0.47697493377115224
-0.8015738412441624,3.370294247590889,5.308519014243074,2.7265591536566625,3.96267790085405,-0.7462201058552537,-0.9662426484733703,1.1518586923514569,1.440149075216762,1.5404095499115225,3.1881646960378096
0.652088860120497,-0.07706273569838072,0.25551241578302786,0.4510193679946205,0.06131967213759195,-0.7462201058552537,1.868863935278619,-0.31643624277374555,0.48688465666590264,-0.15545217604786063,-0.5468347175113708
0.5828668267221799,-0.7257461329444957,-0.9507108591977451,-0.999420113705994,-0.8164180273692496,-0.7462201058552537,1.8411593106816935,-0.5774409023457274,-1.3113932313230212,-1.008860568437962,-0.589810766602195
0.02909055953564297,-0.7909921922048798,-1.0098289826021536,-1.1644401744982795,-0.6916800795721308,-0.7462201058552537,-0.9847123982046536,0.4935980421093439,-1.4616324273644161,-1.0954148433707227,0.0008585776326120476
0.652088860120497,0.2961001524634097,-0.2665031204950861,1.3108607373860028,0.45338555662108987,0.5745234443310361,-0.28286190841588754,-0.3905983597005862,-0.6496847023826241,-0.9232993866560967,-0.23925423218084407
0.5136447933238628,0.9277581064140678,-0.6291904338511346,2.3617779666421366,-0.7276063863343244,0.5745234443310361,-0.09816441110305439,-1.4501393015313413,-1.285675430079254,-1.2677785733730729,-0.18984224669644484
-1.701460275422285,-0.199585601628253,0.6404836080465091,-0.12220821159963433,-0.048154739373046235,0.5745234443310361,-1.104765771457995,0.026204235430882857,1.379134903898641,0.8986851694670516,1.5536627611873055
0.3752007265272286,-0.5876232403159152,-0.4716473288448663,-0.8430853192711972,-0.25975780551339306,-0.7462201058552537,1.425589941727819,0.9483440459010569,-0.1714123272115458,0.17133753891878417,-0.5701148994238725
-0.04013147386267415,-0.7090398892567339,-0.6524163787087303,-0.32196933782187465,0.08409151846847372,-0.7462201058552537,0.696034827342128,0.5372904520817461,-0.4657236955266977,-0.7959972583756432,-0.5542391499272775
0.4444227599255457,-1.20123177424796,-0.642519670392015,-1.1036433099958585,-0.27665510397451176,-0.7462201058552537,-0.11663416083433781,2.202201232082759,1.328224154497714,0.33802201746444877,-0.5785917130767647
1.6904193610952538,1.1643980045681102,0.24629265044474513,0.08623818098009471,-0.08411396829493022,-0.7462201058552537,-0.4860291554600041,-0.2330757237474518,-0.5381534214785316,0.1242587167341308,0.11286497771808254
1.4135312275019853,3.2637794372160456,4.036216541900881,1.7364387889029496,0.24514055076916796,-0.7462201058552537,-0.8184846506231037,-0.7039189312132077,0.8632043197634752,1.657097995141778,1.771333066692138
0.0983125929339601,-0.3812343380101102,-0.20760100391481948,-0.30459880510689724,0.4691408676679464,-0.7462201058552537,-0.28286190841588754,1.2202718079661392,0.10098642473774319,-0.1037802980403142,-0.38737036335999625
-0.2477975740576255,-0.035630968270510446,-0.8535429643547183,0.5639278306419737,0.19109882563730954,-0.7462201058552537,0.23429108406004526,-0.2422741258469049,-1.3532502649799687,-1.2783301881013405,-0.429760477853882
-1.701460275422285,2.5191709450204085,1.5669155106154242,2.6570770227967526,2.387720876327996,0.5745234443310361,-1.1232355211892786,0.30330609867690755,-0.1458257392394304,-0.22146183642146494,7.02340454721274
0.1675346263322772,0.39677224341360806,0.4773019171844746,-0.23511667424698757,0.4432064363718017,0.5745234443310361,0.9361415738488111,1.0288300642712718,0.2247205399054598,0.8514201423166051,-0.45848611384881155
-0.04013147386267415,3.1081315587866927,3.187542275605374,2.6570770227967526,-0.29959156110384577,1.8952669945173257,-0.8092497757574622,-1.2224788495698766,0.5040735952522979,0.563174855269103,1.6425544261836125
0.7213108935188142,-0.293648210793425,-0.33626537751783947,-0.9212527164885956,-0.3030710218561292,-0.7462201058552537,-0.28286190841588754,1.092069078705012,-0.2746771720015701,0.7639658767158449,-0.3682175575154215
-0.2477975740576255,-0.5045090800801268,-0.8327044290582806,-0.13089347795712303,-0.4647085377612902,-0.7462201058552537,0.08653308620977876,-0.6441293175667625,-1.1299252766284804,-1.1394212836197926,-0.47933571153273785
1.759641394493571,-0.5192366766584147,-0.011342779550214985,-1.0081053800634827,-0.7014435575553271,0.5745234443310361,3.0139884186181845,-0.10257339396146084,0.8050768404216953,2.194982072995708,-0.5954139723068754
-1.147684008235748,-0.6709916864777115,-0.513774391941111,-0.4088220013967617,-0.48630341688323864,-0.7462201058552537,-0.44908965599743744,-0.45038797334703135,-0.14005235528674803,-0.5067899123382107,-0.4092280323861222
1.759641394493571,0.7373582248242999,-0.18426536198489119,0.5639278306419737,1.0869210789891062,-0.7462201058552537,3.3464439137812843,0.7546027016813258,-0.7727627511920813,-0.6431540156205884,-0.5420763349544334
0.5136447933238628,-0.25679066159692887,-0.6892378556129639,-1.1904959735707457,-0.8007717709763676,1.8952669945173257,-0.9847123982046536,0.004358030444681576,-0.9781115213272629,0.48869286895191894,0.4464931690657869
-1.3553501084306994,-1.038169337958821,-1.0760711621933692,-1.0167906464209715,-0.7276269626841307,-0.7462201058552537,-0.8092497757574622,-0.1859339129877544,-1.634440306129933,-1.427014853287019,-0.387652887171278
0.5828668267221799,-0.017820947957668407,0.500866854657521,-0.3306546041793634,-0.29959156110384577,0.5745234443310361,-0.28286190841588754,-0.17213630983857497,0.7905121672683375,1.0650903405640268,-0.30790092243565653
-1.770682308820602,1.5085122642112607,-0.39161901528679577,1.6409008589705738,1.3142197847618706,-0.7462201058552537,-1.1417052709205617,0.12106275708149312,-1.1835915047340966,-1.0625496669082655,6.2810671868406045
1.5519752942986196,-1.1591045030877265,-0.9298573415220694,-1.355516034363031,-0.8879887449012872,-0.7462201058552537,3.1248069170058845,0.2555893877859947,-0.7197525894447244,-0.15402460464344797,-0.6272528667981079
-0.04013147386267415,-1.0047231735604671,-0.935466353464036,-1.2512928380731667,-0.6824001458093878,1.8952669945173257,0.42822345623852004,1.0719475741124582,-1.0270540716534116,-0.5741650757942968,-0.5763370191587149
1.3443091941036682,-0.25679066159692887,0.49714275630523164,-0.3480251368943408,-0.9717365462488267,-0.7462201058552537,-0.4398547811317958,-1.4380663987758089,1.2468719260735528,1.0943245201935217,-0.3035097109019413
0.7905329269171313,-0.7870407548594676,-0.9729216501508092,-1.0775875109233923,-0.8630399207608751,-0.7462201058552537,-0.8277195254887454,-0.6280321138927196,-1.3468208146690268,-1.0209949253754698,-0.2473237498334256
0.8597549603154484,-0.45315284044602944,-0.7130415991829054,-0.0961524125271682,-0.38741347971307716,-0.7462201058552537,2.0166219331288855,-0.5440966947352099,-0.8945286672850197,-0.9850573669774285,-0.5754405282322549
0.4444227599255457,-0.3748127642510205,-0.2665031204950861,-0.8430853192711972,-0.8404203394185615,0.5745234443310361,1.5456433149811608,-0.874664270184306,-0.030358060185782094,0.7204249488812579,-0.5574991669014251
-1.701460275422285,1.5757889503337483,1.569754215495537,0.29468457355982375,-0.500431138660399,0.5745234443310361,-1.0770611468610702,-0.9189315802879242,0.3380888066126781,1.3786284687984056,3.517580314448426
1.6904193610952538,-0.34113989003955597,-0.2665031204950861,0.19046137726995924,0.5421436991465182,-0.7462201058552537,0.3543444573133867,0.525217549326214,-0.07759483798045652,-0.5574686971948613,-0.4861657521533343
-1.2169060416340651,-0.8981993338389223,-0.6294067012383936,-0.6433241930489569,-0.8471652668851406,0.5745234443310361,-0.9108333992795203,-1.0557578115172892,-0.018024012650505905,-0.5101105675615184,-0.21615323852219043
-0.3170196074559426,-0.8362750980188638,-0.2981898103306203,-0.6520094594064456,-0.6583402199806176,0.5745234443310361,0.3266398327164618,-0.5745664016896483,0.9488865861521484,0.20972679603309954,-0.5493048770598145
0.1675346263322772,0.018981937085828,1.1453596933212253,0.5986688960719286,1.0662418474335482,1.8952669945173257,0.28046545838825354,0.693663287772449,1.7302616188390538,0.5852711778765343,-0.4288749800718298
0.7213108935188142,0.6166607511463843,-0.5152222109017193,-0.24380194060447627,2.2097375081365307,-0.7462201058552537,-0.49526403032564575,4.170084381234508,-1.0912173614911778,-0.6299955313712193,-0.03185262286738318
-1.147684008235748,0.39231809108971555,-0.675472045569249,1.154525942951206,-0.9835391404978496,-0.7462201058552537,-0.40291528166922913,-1.5766173303988213,-1.2166572491903684,-1.1954069100015423,-0.15631645419582801
-1.4245721418290165,0.2895324009023249,-0.7796197749137241,0.4336488352796431,0.4682478540863431,0.5745234443310361,-1.0216518976672202,0.17682806980942753,-1.3250394115748159,-1.1887655995549269,1.1716251591251976
-1.2169060416340651,-0.8901290501795356,-0.6890664050818598,-0.9386232492035731,-0.29959156110384577,-0.7462201058552537,-0.8092497757574622,1.1754295977313054,-0.25512639452544106,-0.25507183274709416,-0.31516574191758345
-0.04013147386267415,1.4496877787099662,-0.5683321396686422,0.5205014988545302,1.2377889334055316,-0.7462201058552537,-1.086296021726712,0.9753643520682004,-1.3165105489174442,-0.9973779288807294,3.600333957264611
0.23675665973059432,0.09570820058535699,0.6549376955642541,0.6768362932893269,0.6806122451695316,0.5745234443310361,1.2316575695493441,0.20499817623900277,0.8448344617322129,0.07122133564410281,-0.5064442559852728
0.9289769937137655,-0.03755861177294446,0.37160409785589815,0.1644055781974931,0.2036092463196769,-0.7462201058552537,2.0627963074570936,0.095767151307997,0.6156048761563901,0.19799588318814285,-0.5502184073601066
-0.7323518078458453,0.08404326079344057,0.7724386332563902,0.4510193679946205,0.48240232511825204,0.5745234443310361,0.0495935867472121,0.17740296994064328,1.0379803976037707,0.36191832140787866,-0.37914968997180687
-0.8707958746424795,-0.8179967718595638,-0.39539678964122404,-0.6520094594064456,-0.4711962608552876,-0.7462201058552537,0.040358711881570475,-0.10372319422389235,0.5641692736688559,0.0011151660230532949,-0.5244361857803786
-1.6322382420239678,5.753805549384216,8.398074391061279,2.7265591536566625,1.3121847837660054,-0.7462201058552537,-0.9939472730702953,-0.32908404566049343,1.4385745159569399,3.012328770343906,5.695467880806697
1.759641394493571,-0.48358637551946265,-0.6551413477881943,-0.47830413225667145,-0.4674307888406935,-0.7462201058552537,1.2224226946837027,-0.33540794710386757,-0.7391721536492015,-0.7023982289037152,-0.5549685450587382
0.30597869312891146,0.026503626924038057,-0.4411170181233751,-0.01798501530976981,-0.7764937358396482,-0.7462201058552537,1.4348248165934605,-1.1902844422217909,-0.7327427033382599,-0.6588573010691281,-0.5225173324239887
0.30597869312891146,-1.033618791257987,-0.7074256823183337,-1.1904959735707457,-0.7320405897176305,-0.7462201058552537,-0.28286190841588754,0.39643991993387057,0.06227850960044046,0.4002765443612286,-0.5300311466267534
1.3443091941036682,-0.7336926901504408,-0.312977418638355,-0.7822884547687763,0.2640810807660747,0.5745234443310361,1.240892444414986,2.2815374501905423,0.5730917761411832,0.44223472998657565,-0.5766734093775951
-1.701460275422285,1.37280557595255,-0.4512353353712516,2.3965190320720917,0.36527351147958637,-0.7462201058552537,-1.058591397129787,-0.7913037511580123,-1.2072098936314337,-1.178151916504728,2.8386046901570303
-0.10935350726099127,-0.21412577825339868,0.3489344552534808,-0.40013673503927305,-0.7251104751027928,0.5745234443310361,-0.09816441110305439,-0.9356036840931828,0.8832799503262119,0.9538949418246643,-0.39894229682091836
0.652088860120497,-0.44746288780610644,-0.06456448989440779,-1.0167906464209715,-1.0035023150801408,1.8952669945173257,0.5852163289544281,-1.3029648679400916,0.5244116523583383,2.065011006872222,-0.518698314056702
-0.5939077410492111,0.17418396101727585,0.7503534337258067,0.29468457355982375,0.31743349817941463,-0.7462201058552537,-0.20898290949075438,0.11991295681906129,0.8625482534052159,0.49142387511688235,-0.2933602903273948
0.5136447933238628,-0.3043704379824927,-0.14732155069714156,0.31205510627480115,-0.6393647101890397,-0.7462201058552537,-0.45832453086307906,-1.100600021752123,0.10557888924555883,-0.48984526045105137,-0.30809550109167544
-0.3862416408542597,0.38153143829175545,0.2774144394422341,0.3989077698496883,1.1089974446965276,-0.7462201058552537,-0.5783779041164206,0.979963553117927,-0.011988202154519815,-0.09785277329590501,-0.02850081313743008
-1.0092399414391138,-0.6970628269126447,-0.45063382541524255,-0.24380194060447627,-0.08582797823381377,-0.7462201058552537,-0.8646590249513121,0.11071455471960824,0.08655296485603696,-0.5326103342615012,-0.15671715430949415
1.205865127307034,-0.7186707856769846,-0.8945223772013453,-0.8517705856286859,-0.5874979052317311,-0.7462201058552537,1.1577785706242107,-0.062330384776353456,-1.1523627460809507,-0.9541783768167627,-0.5729324423356041
1.759641394493571,-0.8127941599050895,-0.7619720955502677,-1.0081053800634827,-0.9454029337664352,0.5745234443310361,-0.07969466137177114,-1.0764542162410586,-0.6458795175047197,-0.3593776477521173,-0.5107799521397285
-1.2169060416340651,-0.25679066159692887,-0.27016859214601,-0.877826384701152,-0.29959156110384577,0.5745234443310361,-0.8923636495482369,0.9408703441952515,-0.19214402413254184,0.8152653447918056,0.15102712887270955
-1.701460275422285,-0.5193374636905079,-0.3837216077681996,-0.6172683939764908,-0.940483128527695,-0.7462201058552537,-1.0955308965923534,-1.2983656668903647,-0.06801626914986966,-0.02737419374326962,0.926839163623965
-1.0092399414391138,-0.8846462844409374,-1.0054044905908857,-0.9646790482760392,-0.7298574390031581,0.5745234443310361,-0.33827115760973764,-0.3135617421176664,-1.4061292134556738,-1.2094653849189108,-0.4882209205003816
-0.3170196074559426,1.834511702081316,2.4437626428297388,0.21651717634242534,-0.005372392855318433,-0.7462201058552537,0.751444076535978,-0.23135102335380422,0.8107190111027258,2.4886893723731367,-0.2903558639607297
1.6211973276969367,-0.7498752317295531,-0.29727796970205034,-0.24380194060447627,-0.06864055324042309,0.5745234443310361,-0.3844455319379459,0.14118426167404682,0.6663844122856654,-0.30140583506857577,-0.44661131925945324
1.0674210605103998,-0.4231553984146078,-0.2665031204950861,-0.01798501530976981,-0.2351917014793822,1.8952669945173257,-0.18127828489382933,-0.36817725458316913,0.04233409230935587,-0.4328044725964746,-0.420679041258558
0.9981990271120826,0.9697762933046989,0.5346625423635066,2.4225748311445576,-0.3489357055748745,0.5745234443310361,1.5825828144437273,-1.2259282503571716,-0.1657701565305153,-0.675274372219874,-0.45937435991696574
-0.04013147386267415,-0.1362430262669682,0.6683770200221429,-0.3567104032518295,0.017570237178957483,-0.7462201058552537,0.9176718241175279,0.4700271367294953,1.2884665331871963,1.3936179685447394,-0.508395539117666
0.9289769937137655,1.1116219611744025,1.0013768140592172,2.3617779666421366,0.7838787719435408,-0.7462201058552537,0.6313907032826365,-0.5279994910611671,0.17840225501234835,-0.41970805666903643,-0.34802534986708467
-0.04013147386267415,-0.07814552519329135,-0.29596603440705116,-0.30459880510689724,-0.596144087420433,-0.7462201058552537,-0.7446056516979705,-0.751060741972905,-0.42163603625166834,-0.24318574909731036,-0.01388597730441529
-0.8015738412441624,-0.6993221158790373,-0.009902386638446243,-0.5130451976866263,-0.3089188204711438,-0.7462201058552537,-0.3844455319379459,0.05552414212288961,1.3393772825881234,0.5333820607422294,-0.43423468762787654
1.759641394493571,-0.646628556787624,-0.5805528104274821,-0.21774614153201013,0.08279726606564328,1.8952669945173257,-0.4675594057287208,0.3699945138979429,-0.36088429147685097,-0.7431150480904425,-0.39689372436051573
-0.1785755406593084,1.9486194609223881,2.2515417136842735,1.8059209197628592,-0.49669447353553403,-0.7462201058552537,-0.0519900367748461,-1.250074055868236,0.59316740670392,0.5137374368510721,-0.02805339216003056
0.7905329269171313,0.0802126214647018,-0.6891959049510982,0.7984300222941689,1.095723641436338,-0.7462201058552537,0.012654087284645435,0.5275171498510773,-1.1360923003961185,-1.1603072739495692,-0.3718601359149622
-1.147684008235748,-0.3955434121669936,-0.022802084880656198,0.1817761109124705,0.42661984079276155,-0.7462201058552537,-0.513733780056929,0.3797678161286117,0.511290325193151,-0.27241992872680504,-0.30837417730241445
-0.6631297744475282,-0.0363447747326727,-0.6526596143786174,-0.790973721126265,-0.4366938374997057,0.5745234443310361,-0.8092497757574622,0.26248818936058443,-1.0305968299880124,-0.388922168991267,0.10288375225297612
-0.8015738412441624,0.34214664816460905,-0.7521110843806061,-0.13089347795712303,-0.17911703298663906,-0.7462201058552537,-0.024285412177921226,-0.1773104110195171,-1.3012898094058267,-1.0271396892466373,-0.31843125546393497
-1.6322382420239678,-0.9627916195908848,-0.6157772959865222,-0.877826384701152,-0.29959156110384577,0.5745234443310361,-1.0955308965923534,0.9408703441952515,0.22262112755902974,-0.1532797847802762,0.2609613212373006
0.4444227599255457,-0.9207956400124098,-0.33176558276570645,-0.9559937819185504,-0.9095897969281778,0.5745234443310361,1.1116041962960026,-0.9919438969523332,1.1741797735784147,0.8979403496038798,-0.5894029209446637
-0.10935350726099127,-0.7049410539273401,0.11098912861598928,-0.3306546041793634,0.1688084658919005,-0.7462201058552537,-0.9385380238764451,0.7120600919713554,1.7040189645086792,0.4375796058417515,-0.03975944198272853
-1.4937941752273336,0.046873833081168964,1.0725166682824991,0.6681510269318383,-0.398370385985052,-0.7462201058552537,-0.9754775233390118,-0.9338789836995355,1.559159512605011,0.4554552825578756,0.6517208840725955
0.5828668267221799,-0.7406848210064658,0.02116937424054411,-0.912567450131107,0.10558557347637025,3.2160105447036154,0.5390419546262198,2.4678050927044675,1.5863206598369493,1.7870380271042983,-0.549762191867181
-0.04013147386267415,0.42823805244770663,-0.981179937586699,0.1557203118400044,-0.3890616453325798,0.5745234443310361,-0.12586903569997943,-0.7073683320005026,-1.6028179076618316,-1.3732326523338192,-0.2721781500251311
1.6904193610952538,-0.4217619505859082,-0.8626934199038312,0.03412658283516245,-0.4981060111322617,0.5745234443310361,3.0878674175433174,-0.7964778523389546,-1.239094718642839,-1.2143998165124241,-0.5915999008545724
1.205865127307034,-0.6020372501236463,-0.2474794073098043,-0.22643140788949884,-0.09188771325183549,-0.7462201058552537,0.7422092016703362,0.07794524724030664,0.4229837933714404,-0.2424098950731729,-0.5451384753292398
0.9981990271120826,-0.4991378389751041,-0.06984375921158346,-0.24380194060447627,0.17586409624055807,-0.7462201058552537,-0.042755161909204475,0.5735091603483429,0.6222967530106358,0.0414595752781946,-0.4602307258663372
1.4135312275019853,-0.25679066159692887,-0.7508790116810223,-0.41750726775425046,0.016280100046088247,0.5745234443310361,0.41898858137287825,0.5758087608732062,-1.0937104136525633,-0.9087753993242459,-0.48183115531331944
1.6904193610952538,3.087233989974952,3.27357240000456,2.7265591536566625,2.3442924324263426,0.5745234443310361,-0.23668753408767926,0.24754078594897316,0.5595768091610402,0.5709333955104765,0.3239767732691925
-0.04013147386267415,-0.44950425226969165,0.360262306491305,-0.8083442538412424,-0.25680098404619534,0.5745234443310361,0.4836327054323701,0.8442871221509937,1.462717757940884,2.229740333277061,-0.5113735819377523
-1.147684008235748,-0.040624196996083724,-0.8153193973169411,0.48576043342457537,-0.3221494133967397,0.5745234443310361,-0.9108333992795203,-0.7821053490585591,-1.2903991078587214,-1.2319651516188934,0.3357229480689789
-0.2477975740576255,-0.9165113370210521,-0.32447007604779515,-1.0689022445659038,-1.0359656221698959,0.5745234443310361,0.6590953278795615,-1.4116209927398813,1.1824462096924828,1.4230383531400268,-0.5752294598596241
-1.6322382420239678,1.957968495303733,2.4979903873693625,1.1371554102362287,0.9930167913770658,-0.7462201058552537,-1.13247039605492,0.1659049673163269,0.7587585555285842,1.1912752390497225,6.5715731202768595
-0.6631297744475282,-0.21261299662640923,0.45026719096150614,0.09492344733758341,-0.1702568567599491,0.5745234443310361,-0.569143029250779,-0.36242825327101114,1.0640918386624931,0.36260107294911953,-0.22295194868122456
-0.3170196074559426,4.308464600976374,5.021932676861406,2.7265591536566625,1.4717049932760748,1.8952669945173257,-0.8923636495482369,-0.23997452532204153,0.8108502243743777,1.4038902758243175,2.9301044786640995
1.275087160705351,-0.624967154052271,-0.5507063476070289,-0.5651567958315585,-1.012027096804984,0.5745234443310361,-0.6984312773697622,-1.482333708879427,-0.315090859670347,-0.4297941589828217,-0.28079292764034197
-1.3553501084306994,0.3556835911603706,-0.014146047846391582,-0.4088220013967617,-0.09707501103806059,-0.7462201058552537,-0.6522569030415539,0.33205110523769854,-0.3612779312918065,0.3494425886997505,0.040763691833103556
-1.4245721418290165,-0.29612713251740597,-0.8675699889234058,-0.7041210575513779,-0.5130711903465477,-0.7462201058552537,-0.8369544003543872,-0.12556939921009364,-1.299059183787745,-0.9835366930901193,0.01910719734964122
0.1675346263322772,0.0483697761967429,0.14958308612483728,0.19914664362744794,1.5882144587855642,0.5745234443310361,1.2870668187431942,1.9130264660812017,0.15202838741032182,-0.08779770514308517,-0.5134331475425628
-1.5630162086256507,-0.041818999197364516,-0.8100723075447372,0.5291867652120189,-0.047938687700077684,-0.7462201058552537,-1.1232355211892786,-0.4894811822697071,-1.281607818658046,-1.2325858348382033,2.216516939204591
-1.078461974837431,0.30778729956748235,0.277650770189516,-0.5912125949040247,0.00173879363781667,0.5745234443310361,-0.4121501565348708,0.9230484401275608,0.0567675521910618,1.2699778712582137,-0.17219879957906775
-0.04013147386267415,0.19520647646444397,0.5108999677660797,1.1458406765937172,1.4762215020586071,-0.7462201058552537,-0.28286190841588754,0.5850071629726593,0.4973817183980525,-0.3057195834427794,-0.2613169233501765
-0.8707958746424795,-0.8452329420553045,-0.2665031204950861,-0.9038821837736182,-0.8131751946397412,-0.7462201058552537,-1.0955308965923534,-0.7136922334438767,1.0902032797212158,0.9110988338532489,0.4374837375663343
-0.04013147386267415,2.1661339825820307,2.631132538141113,0.8679121531540785,0.25035871308010293,-0.7462201058552537,-0.5783779041164206,-0.3601286527461478,0.7065356734111385,1.5953089806594807,0.53763458106516
1.6211973276969367,-0.06366098886673469,0.11119523404167843,0.3815372371347108,1.6604251007965847,-0.7462201058552537,-0.22745265922203764,1.6732931113642053,0.2310187769447496,-0.2577097364291613,-0.3360246837742564
0.9289769937137655,-0.4744108510166118,0.038049174097672306,0.03412658283516245,0.11117205244884185,-0.7462201058552537,2.32137280369506,0.09979145222650761,0.8112438641893333,-0.08509773313908721,-0.5827949418411057
-0.6631297744475282,2.000373479884118,1.929083391397375,2.7265591536566625,0.28416977108218555,-0.7462201058552537,-0.45832453086307906,-0.9034092767450971,0.3370391004394632,-0.06961168681730602,0.3098934559682972
-1.2861280750323822,4.50676808936616,2.622872296481845,2.7265591536566625,-0.29959156110384577,0.5745234443310361,-1.0770611468610702,-1.2299525512756826,-0.24357962662007604,0.26093316162616353,7.40088219297447
-0.7323518078458453,1.2327067206148656,1.3318737690742237,2.031737845057566,1.6189226032368227,-0.7462201058552537,-0.06122491164048789,0.1314109594433777,0.38519437113570065,-0.13335585344042933,-0.15014930018302486
1.759641394493571,1.0178290122282696,0.25838238823720233,0.9373942840139883,0.5028716779057837,-0.7462201058552537,3.5496111608254,-0.15546420603331615,-0.45798211249923715,-0.41176331146187006,-0.5343256184896795
1.759641394493571,2.0379938868586374,1.8816516540800299,0.5726130969994625,1.3483312574711288,1.8952669945173257,-0.33827115760973764,1.03457906558343,0.2829792325188915,1.3062568054268757,0.19042161151545653
0.23675665973059432,-0.29185820381907973,-0.4358154706596806,-0.0092997489522811,0.2569822400828234,-0.7462201058552537,0.6683302027452033,0.3676949133730796,-0.468479174231387,-0.6566538756405781,-0.5072786356458285
0.8597549603154484,1.2470614295780478,1.8928569103712207,1.006876414873898,1.2355419960066594,-0.7462201058552537,-1.0493565222641452,0.48210003948502744,0.8641228126650382,0.8482856920590904,2.5227276787418997
-1.5630162086256507,-0.6079319493009211,0.18921916582084494,-0.4696188658991827,0.02544480624991469,0.5745234443310361,-1.0124170228015785,0.6976875886909599,1.5550919011838034,0.8152032764698744,0.2536063579712292
0.30597869312891146,1.6021556188458361,-0.37123203587243025,0.7202626250767705,2.274007736757213,1.8952669945173257,-0.28286190841588754,1.8250667460051815,-1.1845099976356597,-0.8669413503427609,0.04634820919229072
-1.3553501084306994,-0.1292672458495638,-0.1639220268926534,0.3554814380622447,1.4183649216726186,-0.7462201058552537,-0.8923636495482369,1.419187253366813,-0.1487124312157719,-0.5298172597746068,0.22865631742317533
0.1675346263322772,-0.33580623053972075,0.2993918961238638,-0.6433241930489569,0.005635954291172702,0.5745234443310361,1.0192554476395859,1.0719475741124582,1.0445410611863641,1.4653068803750289,-0.5330537116816915
0.5828668267221799,1.7864811904699012,-0.4898733280469029,1.8319767188353253,1.3738274125163945,-0.7462201058552537,0.723739451939053,0.06357274395991115,-1.3026019421223456,-1.1464970723199248,-0.2904157765977525
1.275087160705351,0.40196509391218965,0.42704997496833597,1.4150839336758674,1.8127497607793122,0.5745234443310361,2.0258568079945265,0.6534202785873415,0.15675206518978932,-0.47020063655989414,-0.5210805284498828
-1.701460275422285,-1.0858599068687682,-0.7393420585416617,-1.2252370390007006,-0.8350848919137295,0.5745234443310361,-1.0955308965923534,-0.05945588412027436,0.09613153368662383,0.40142480831695193,0.07616546442691975
0.9289769937137655,4.9037052473913025,4.71472315959965,2.7265591536566625,-0.29959156110384577,-0.7462201058552537,1.3055365684744775,-1.2299525512756826,0.4585425899890979,1.2575331727110513,-0.1167317901548253
0.8597549603154484,-0.6523834231092343,-0.2091195657617423,-0.22643140788949884,0.127190740773222,0.5745234443310361,0.23429108406004526,0.4602538344988265,0.6456527153646693,-0.1853070388966651,-0.5171279433780408
-1.770682308820602,-0.518212699935258,0.03285263357020121,-0.02667028166725852,-0.26648421426514624,-0.7462201058552537,-0.28286190841588754,-0.4089951638994925,0.9061110595936377,-0.037243056930296656,-0.41732448324250293
-0.04013147386267415,0.6566673460139034,-0.7634085800152788,1.4324544663908447,0.4377187238784013,-0.7462201058552537,-0.28286190841588754,-0.45441227426554215,-1.3772622936922616,-1.284071507879957,-0.1604070032299886
0.8597549603154484,-0.4346770888412973,-0.7123410752423681,-0.0092997489522811,0.6330232633369993,1.8952669945173257,0.37281420704466994,0.9356962430143091,-0.9069939280919476,-1.012708804397683,-0.5001193503502169
1.275087160705351,-0.310986752786644,-0.7051173536632397,-0.02667028166725852,0.12869692957905962,1.8952669945173257,0.779148701132903,0.1940750737459021,-0.975880895709181,-0.9978434412952117,-0.5169311660931403
-0.04013147386267415,-0.17577252997772563,-0.9168182420121685,0.13834977912502697,0.6949539609846795,-0.7462201058552537,-0.28286190841588754,0.8017445124410232,-1.4250239245735434,-1.2959575915297408,-0.3424408325078974
-1.4937941752273336,-0.10509080400342635,0.6048644996465006,-0.6172683939764908,-0.8992707575002051,-0.7462201058552537,-0.947772898742087,-1.1983330440588125,1.116970787138198,2.020352849242877,0.4156519024295667
-0.5939077410492111,-0.3351241488092102,0.41637340124190225,-0.11352294524214562,0.6181691964116685,-0.7462201058552537,0.3820490819103117,1.0926439788362277,1.2763949121952243,0.5761471345526793,-0.4881439684895268
-0.04013147386267415,-0.6429841172300408,-1.0044934316516672,-0.23511667424698757,-0.39146907825994337,0.5745234443310361,-0.947772898742087,-0.4377401704602833,-1.493779678919125,-1.3685775281889951,0.024836274557791655
1.6904193610952538,0.11465054978176568,0.6959851153844647,0.8679121531540785,1.1804961450042424,0.5745234443310361,-0.753840526563612,0.5487884547060625,0.8755383672987513,-0.016481203244381487,0.08179285504929756
-0.2477975740576255,3.6311791618187166,4.79674256621765,2.7265591536566625,2.4739008022226665,-0.7462201058552537,-0.7907800260261789,0.3199782024821664,1.0379803976037707,1.2966051813666073,1.7926031521496646
-0.04013147386267415,-0.1422433932042828,0.013320040617067673,0.1817761109124705,-0.10383639958448497,1.8952669945173257,-0.28286190841588754,-0.3359828472350833,0.1715791648864511,-0.23083415303304386,-0.3351089548450826
-1.3553501084306994,-0.2993718404561783,-0.6756935242188516,-0.3480251368943408,-0.6253378125259313,0.5745234443310361,-1.0678262719954283,-0.7752065474839692,-0.9258886392098175,-0.8192418449387976,0.9398226168268549
-0.524685707650894,0.200545992837815,-0.3487756641814245,0.42496356892215437,0.0006523623680321766,0.5745234443310361,-0.6799615276384788,-0.3716266553704642,-0.704531849933107,-0.7506563492050573,0.01690087326698588
-1.6322382420239678,-0.7421431825168525,-1.0500126356889141,-1.09495804363837,-0.887688330194112,-0.7462201058552537,-1.0493565222641452,-0.7079432321317185,-1.5984878696973202,-1.310636749666419,0.2825276719366186
-0.2477975740576255,-0.7249127486476465,-0.7733295207018916,-1.0689022445659038,-0.49045983954415673,-0.7462201058552537,0.6590953278795615,1.0075587594162865,-0.7942817277429884,-0.2741268075799072,-0.5541786876330344
0.652088860120497,-0.40459740654397863,0.27872898036840504,-0.2959135387494085,-0.20451236391785282,-0.7462201058552537,1.046960072236511,-0.03703477900285732,1.1663069772793027,0.6491084469825542,-0.5407071388184359
0.8597549603154484,0.051023427981205356,-0.19853510109723146,0.6073541624294173,-0.669708653248723,0.5745234443310361,-1.1140006463236367,-1.2098310466831288,-0.3797790025947207,-0.6734123225619444,2.157124277912306
1.4827532609003025,-1.1511120670390853,-0.9107416495564233,-1.3381455016480537,-0.9815370616616748,-0.7462201058552537,1.3609458176683276,-0.6820727262270065,-0.6265911665718943,-0.09667347517921626,-0.6133723730115375
0.30597869312891146,0.04481514203337383,0.5764073593668488,-0.13957874431461176,-0.29959156110384577,-0.7462201058552537,0.696034827342128,-0.36702745432073763,0.8070450394964734,0.8372685649163403,-0.4729976141243925
-1.147684008235748,0.10752249065243341,0.38487001755930406,0.05149711555013987,0.9039788104942688,0.5745234443310361,-0.32903628274409585,1.234644311246535,0.4302005233122932,0.3303255455450065,-0.2618055686191053
-0.2477975740576255,-0.7525091165658324,-0.07085813142676363,-0.5564715294740699,-0.04599833791332246,-0.7462201058552537,-0.23668753408767926,0.728732195776614,1.3570910742611264,0.49825139052929096,-0.4768078379761529
-0.04013147386267415,0.0007956126483177207,-0.7310634471826317,0.12966451276753826,0.08028077848430511,-0.7462201058552537,0.9638461984457363,-0.04048417979015218,-1.170601390840561,-1.0747460921677043,-0.4983329643839415
-0.04013147386267415,-0.25679066159692887,2.521658768399929,1.4411397327483335,3.5788528444680656,0.5745234443310361,1.425589941727819,2.035480194030171,5.0439215811354625,0.9383778613419176,-0.5442414347455592
-0.8707958746424795,-0.5980008881119664,0.1955951452982296,-0.21774614153201013,-0.6282617118334386,0.5745234443310361,-0.4213850314005125,-0.8637411676912056,1.5373781095108003,0.40524201011570754,-0.3986427336358045
1.759641394493571,-0.07844032116125446,0.05727560538812001,-0.7128063239088666,-0.15861887330937838,0.5745234443310361,-0.5783779041164206,0.8419875216261303,0.16173816951256054,1.1398826684908656,-0.17441941474945322
-1.2861280750323822,-0.9433709590557277,-0.9978456848430642,-0.7388621229813327,-0.505015549397293,0.5745234443310361,-0.9754775233390118,-0.04163398005258401,-1.3439341226926855,-1.2698268279967952,-0.14484510800623776
0.5136447933238628,-0.8524832634196946,-0.3983229134471508,-0.24380194060447627,-0.7135506817814867,-0.7462201058552537,-0.8184846506231037,-0.9994175986581388,0.6658595591990576,-0.45375253124818254,-0.28895478770594935
1.5519752942986196,0.6051507744667665,0.922539404228216,0.6247246951443948,-0.6853713707214502,-0.7462201058552537,0.751444076535978,-1.2305274514068982,0.5389763255116962,0.35515287431740117,-0.4191449479564427
-0.9400179080407967,-0.2632788572924871,0.2457104221594075,-0.38276620232429565,-0.3245506734191611,0.5745234443310361,-0.2643921586846043,-0.15776380655817948,0.7878879018353,0.7459970975168243,-0.36700831163055814
1.1366430939087169,-0.1135161606209141,0.501410259038399,0.6507804942168608,-0.6989311852439505,-0.7462201058552537,0.5482768294918616,-1.250074055868236,0.9587275815260392,-0.0506808486283551,-0.47707277275638205
1.4827532609003025,0.6965509465371729,1.0363366977727615,1.3542870691734463,0.6319183133523887,0.5745234443310361,-0.8000149008918204,-0.26354543070189007,0.5700738708931902,-0.024488016773478852,0.43815651800409455
-1.2861280750323822,-0.42875603373311166,-0.8429224116984783,0.1817761109124705,-0.05262803782098483,-0.7462201058552537,-0.6614917779071956,-0.26699483148918507,-1.193170073564683,-1.2161687636874574,-0.23312170657292558
0.652088860120497,-0.5546722257677246,-1.0116043294010566,-0.49567466497164886,-0.3771479387946016,0.5745234443310361,1.8226895609504106,-0.11924549776671936,-1.5334060869579909,-1.348063947790804,-0.5778254909115377
1.4827532609003025,0.201044803233938,1.3521289035512962,-0.5391009967590924,0.5304028339469148,-0.7462201058552537,-1.0031821479359369,1.9883383832704742,1.6592752388753902,3.1994026926439,0.9464344435309556
1.6211973276969367,1.975300692350622,1.121938326125745,2.561539092864377,2.4925141682576495,-0.7462201058552537,-0.9847123982046536,0.40966262295183425,-0.20815204327407036,-0.41229089219828347,2.308518015096658
-0.2477975740576255,-1.1464902617102337,-1.0888426633819268,-1.329460235290565,-1.078402286010874,-0.7462201058552537,-0.6337871533102706,-1.5323500202952034,-1.679184031763222,-1.4252148719510205,-0.5009180022914471
-1.5630162086256507,0.6592048364732411,0.16455009213875021,1.6235303262555965,-0.6126977608397828,0.5745234443310361,-1.058591397129787,-1.3127381701707603,-0.35340513499269416,-0.7049740642638512,1.9926657382564454
0.7905329269171313,0.8915487178888546,-0.9673013037132453,0.7810594895791915,-0.5343368478715917,-0.7462201058552537,1.0746646968334361,-1.1063490230642812,-1.6167265144569303,-1.3977806736575245,-0.4252038194968286
-0.2477975740576255,0.4702225623155075,0.12214891664323267,0.3641667044197334,-0.29959156110384577,0.5745234443310361,0.08653308620977876,-0.6993197301634811,-0.2749395985448738,-0.2352410038901441,-0.325808205018822
0.30597869312891146,-0.9861500514332042,-0.8873733069552888,-0.7041210575513779,-0.6842972852615494,0.5745234443310361,-1.1140006463236367,-0.5808903031330224,-0.8467670364037377,-1.0284741581681536,0.3601354238554891
-0.1785755406593084,0.10457209060882958,0.645396916465606,0.8939679522265447,0.6281775329575626,0.5745234443310361,-0.5599081543851373,-0.008289772442066332,0.8170172481420159,-0.07370819606475124,-0.1308920594665755
-0.04013147386267415,-0.5023378882531669,0.1796829465767477,-0.8691411183436634,-0.38943819253403933,-0.7462201058552537,-1.1417052709205617,0.6183513705831767,1.2054085322315606,2.0342251191944527,1.751913677095673
-1.2169060416340651,-1.2009384424983807,-0.6927308344803149,-1.3815718334354972,-1.052025463193889,0.5745234443310361,-0.6799615276384788,-1.2276529507508191,0.9889066340059697,2.0890624816204793,-0.5092068331749652
-1.5630162086256507,-0.032296210901126776,0.1113648606309624,0.40759303620717696,1.997336079623691,-0.7462201058552537,-0.9108333992795203,2.033755493636524,0.1908675158192764,-0.2736923293263902,0.3410821059678052
0.7213108935188142,-0.6653869025404532,-0.7902941338536618,-0.30459880510689724,0.12767016972371403,-0.7462201058552537,0.9915508230426613,0.5884565637599541,-0.903582383028999,-1.0229811116772614,-0.5624405853127531
-0.9400179080407967,-0.7733271295120461,-0.7903233169227859,-1.1644401744982795,-0.5822673971109122,-0.7462201058552537,-0.6799615276384788,1.081720876343127,-0.7886395570619579,-0.08984595976680765,-0.34868438887433517
-0.8707958746424795,-0.0746301808898907,-0.38040047027662854,0.5205014988545302,-0.5912304550866347,3.2160105447036154,-0.40291528166922913,-1.1017498220145547,-0.563871222722299,-0.8153936089790764,-0.27317577788014347
-1.5630162086256507,-0.25679066159692887,-0.2665031204950861,1.5106218636082431,1.050247850728936,-0.7462201058552537,-0.9847123982046536,-0.009439572704497844,-0.1853209340066443,-0.9610058922291711,0.4464931690657869
0.8597549603154484,2.1874605673802603,-0.2665031204950861,2.7265591536566625,1.2090273116459704,-0.7462201058552537,-0.3198014078784542,-0.3865740587820754,-1.2041919883834407,-1.115618082159259,0.20751485175522077
0.1675346263322772,-0.6971875295116754,-0.35519711192275694,-0.9733643146335279,-0.8776614749333922,-0.7462201058552537,-0.2920967832815293,-0.8528180651981049,0.3563274513722885,0.8876680423243014,-0.4545961897000943
-1.5630162086256507,-0.1098897797567326,0.8589398557714361,-0.6693799921214231,-0.3167275452227201,0.5745234443310361,-0.9939472730702953,0.32112800274459824,1.5549606879121511,2.770138178169196,0.6157991357482882
-1.147684008235748,-0.20541441097825136,-0.9095870943842006,-0.1743198097445666,-0.7389563008876038,0.5745234443310361,-1.058591397129787,-1.074729515847411,-1.404948294010807,-1.238482325421647,0.9677017807023801
0.8597549603154484,0.6947833909113807,0.3022231749551371,-0.24380194060447627,0.6105682927931382,-0.7462201058552537,-0.9662426484733703,1.3421506357838935,-0.2257346216754215,0.6024330688904521,1.110161939083694
-0.5939077410492111,3.816541644094996,5.663994852486501,2.7265591536566625,0.612352262321364,-0.7462201058552537,-0.5506732795194956,-0.7200161348872506,1.3379339365999527,1.7097629663002196,0.991958703495519
0.7213108935188142,-0.9561457763826576,-0.6649218449546475,-0.7041210575513779,-0.7646746805107799,-0.7462201058552537,0.8530277000580364,-0.7947531519453072,0.0034949639004012768,-0.5238276667082665,-0.5858235531254681
-0.04013147386267415,0.987936505847696,0.9355511446108135,0.14703504548251567,0.9617983534506054,-0.7462201058552537,-0.5414384046538541,1.1570327935323994,0.20845009422062724,0.8766198810205856,0.1206387797860928
-0.7323518078458453,0.19642934285141664,-0.2665031204950861,-0.5651567958315585,-0.41767100210357283,-0.7462201058552537,-0.8738938998169536,-0.11004709566726631,-0.5874896116196361,0.12972072906405757,0.37186345996700265
0.5136447933238628,0.2900124204958542,-0.2699824197987852,-0.4435630668267166,-0.29959156110384577,0.5745234443310361,0.8437928251923946,-0.02783637690340427,-0.6507344085558391,-0.046801578507668376,-0.46080676663330844
1.4827532609003025,1.935601827380124,2.54677262332305,1.2674344055985594,2.243713176937066,-0.7462201058552537,-0.2920967832815293,1.135761488677414,0.8090132385712514,1.1041002808976519,0.12677460333733373
-0.4554636742525769,-0.8171680242542635,-0.43796407412394356,-0.7736031884112876,-0.7449934019208384,0.5745234443310361,0.41898858137287825,-0.6654006224217479,0.4221965137415289,0.11513467341027579,-0.5523433821741439
-0.04013147386267415,0.7621982016347516,1.1638869034867214,0.45970463435210923,0.08992902890858498,-0.7462201058552537,-0.3567409073410209,-0.2888410364753862,0.6392232650537274,0.7442281503417912,-0.09443274638072427
-0.5939077410492111,0.9459451629607698,-0.2665031204950861,-0.08746714616967949,-0.796197648414377,-0.7462201058552537,-1.058591397129787,-1.199482844321244,-0.9342862885955372,-0.3837084299490641,2.33258255786266
0.4444227599255457,-0.2784610936789828,-0.3973291257182279,0.14703504548251567,0.18929633739425786,-0.7462201058552537,1.1762483203554943,0.09346755078313365,-0.40851470908648096,-0.6874397633183474,-0.5355090304851845
0.7213108935188142,-0.9834270933119028,-0.6369282464604582,-0.999420113705994,-0.6743239285103265,0.5745234443310361,0.2065864594631202,-0.01806307467273514,0.2032015633545523,0.04388023983350295,-0.5624323404544472
-1.147684008235748,0.9994891888968449,1.91649363298305,-0.08746714616967949,-0.5845575448443785,0.5745234443310361,-0.8184846506231037,-0.8637411676912056,1.1390146167757131,2.570898864770729,0.6380014398516002
-0.9400179080407967,2.7739183438556267,-0.7519055000811514,2.7265591536566625,3.343045818050303,-0.7462201058552537,-0.218217784356396,0.8057688133595339,-1.5528256511624678,-1.3468536155131499,0.24217293812984594
-0.04013147386267415,-0.25679066159692887,-0.37210935188797395,-0.8083442538412424,-0.3705820255713393,-0.7462201058552537,0.11423771080670364,0.5027964442087969,-0.3833217609293212,0.35384943955685044,-0.44455944885572823
1.275087160705351,-0.06234587672157492,0.5370760082363826,0.32942563898977856,1.126826851803882,0.5745234443310361,1.5641130647124437,1.097243179885954,0.9248745574398556,0.22881280502687784,-0.5348609846223418
1.4827532609003025,-0.8728180842992137,-0.8353896622623749,-0.8083442538412424,-0.4628957613433353,-0.7462201058552537,1.1854831952211358,0.22511968083155645,-0.8102897468845169,-0.8327727391197527,-0.5870289514097887
-0.8707958746424795,-0.38108547580774477,-0.9352367973578007,-0.582527328546536,-0.7916687938219608,-0.7462201058552537,-0.624552278444629,-0.9614741899978948,-1.4069164930855849,-1.1813174009232084,-0.24192061935696785
-1.2169060416340651,-0.5833260033954997,-0.04732172561504842,-0.2698577396769424,0.24742864086765357,0.5745234443310361,-0.5229686549225707,0.7459791997130885,0.8815741777947375,0.10616580089124818,-0.35890911248807544
-1.078461974837431,-0.8017385789972823,-0.2373562696442601,-0.6433241930489569,-0.244224719044447,0.5745234443310361,-0.5044989051912874,0.4487558318745101,1.0223660182771974,0.32371526925935634,-0.42846658475707816
0.02909055953564297,-0.26464350882630294,0.056357902089413464,0.12097924641004955,0.2058726447983947,0.5745234443310361,-0.7907800260261789,0.14348386219890985,0.4333496418319381,-0.13469032236194547,-0.035477612235871404
0.9981990271120826,-0.9317506779245209,-0.9468796694042949,-0.7562326556963102,-0.7851358027583889,-0.7462201058552537,1.1762483203554943,-0.7993523529950337,-1.1543309451557289,-1.1422764264286178,-0.5918862722663969
-0.10935350726099127,-0.7647143529414162,-0.6774931033876526,-0.5912125949040247,0.15761081632718932,-0.7462201058552537,0.4743978305667283,1.292134324368117,-0.4533896479914215,-0.6582055836888527,-0.5490185056479899
-0.2477975740576255,-0.7060526397171347,-0.3429579411825972,-0.6259536603339795,-0.8196670330037,-0.7462201058552537,-0.18127828489382933,-0.9988426985269231,0.41301158472589794,0.07084892571251665,-0.47657258468582503
1.6904193610952538,-1.0333137457613364,-0.7868692922414532,-0.9820495809910166,-0.6596941437978869,0.5745234443310361,-0.28286190841588754,-0.007714872310850576,-0.3043313713948934,-0.4880452791150527,-0.5299640884458655
0.5828668267221799,0.8860588750947345,2.1840160001778313,0.6681510269318383,1.0930898686611026,0.5745234443310361,-0.28286190841588754,0.6505457779312624,1.540658441302097,1.4621724301175143,-0.11024473563975373
-1.6322382420239678,0.565234229029859,0.16447387742697508,0.4162783025646657,1.6011590404488492,-0.7462201058552537,-1.0493565222641452,1.5450903821030777,-0.29186611058796563,-0.22493766244960034,1.7548686343125028
0.9289769937137655,-0.32093562863260316,-0.2665031204950861,-0.9473085155610618,-0.9907285171202497,-0.7462201058552537,-0.7261359019666872,-1.2954911662342856,-0.10475598521239422,1.0685040982702307,-0.13632597074737526
-1.147684008235748,0.01759873878581581,0.6620011708263167,0.8939679522265447,0.4928777448047541,-0.7462201058552537,-1.058591397129787,-0.1387921022280573,0.9836581031398948,-0.060022131078968595,1.2320731622806362
-0.9400179080407967,0.478167899339466,0.7750395742920766,0.9373942840139883,-0.2759801997008578,-0.7462201058552537,-0.5414384046538541,-0.8959355750392914,0.5038111687089941,0.006856485801669412,-0.03245174923761093
-0.04013147386267415,0.9262833944650606,-0.2665031204950861,1.423769200033356,3.8001535442722276,0.5745234443310361,-0.9200682741451619,2.233245839168413,-0.9278568382845954,-0.9452095042977351,1.0051543243854804
1.1366430939087169,0.8563357299739012,0.35317042984946945,1.875403050622769,-0.028718319345802257,-0.7462201058552537,0.7883835759985446,-0.9333040835683197,-0.27572687817478525,-0.6515022049203061,-0.39746811615582583
1.275087160705351,-0.6823274211696426,-0.6054571726043901,-1.060216978208415,-0.6480520450773548,-0.7462201058552537,-0.9108333992795203,0.277435592772196,-0.3740056186420383,0.33134967285686784,-0.07723287264020387
0.5136447933238628,0.2720076591379505,-0.49205749837666074,-0.5738420621890472,-0.3826829768925569,-0.7462201058552537,0.4651629557010865,-0.015188574016656043,-0.936648127485271,-0.30435408036029765,-0.4215815784144424
-1.4245721418290165,-0.9546883910178601,-0.49461062608034495,-1.0689022445659038,-0.47010777195052245,-0.7462201058552537,-1.058591397129787,1.0978180800171702,0.6826548579704976,0.7797312304863155,0.0794738512364618
0.3752007265272286,0.3793958757788045,1.6123837745632628,0.6942068260043044,1.4413877994711404,-0.7462201058552537,-0.06122491164048789,0.9897368553485959,1.675414471288571,0.916716016988003,-0.30148532335923595
0.3752007265272286,-0.032827722174490814,0.797657495115734,0.1644055781974931,0.49129953877459376,-0.7462201058552537,1.1670134454898526,0.48784904079718566,1.2908283720769305,0.6930528189096926,-0.5138019675374461
-1.2861280750323822,-0.504465885637801,-0.22549400345310056,-0.7822884547687763,-0.39205344659444863,-0.7462201058552537,-0.6984312773697622,0.37229411442280597,0.27431915658986766,0.6593186859402014,-0.23399786018223112
1.6904193610952538,-0.9556162174004722,-0.25065515058198906,-0.7214915902663553,-0.5239766557440062,0.5745234443310361,2.4229564272171182,-0.12499449907887757,1.6664919688162434,0.4534690962560842,-0.6119405159524152
1.6211973276969367,-0.25679066159692887,-0.7038097176596739,-0.7128063239088666,-0.7162194343513931,3.2160105447036154,3.3741485383782086,-0.6562022203222947,-1.0054038818308526,-0.6033682212628259,-0.5875786086301812
-0.524685707650894,0.1884198242549631,-0.6985281032744437,1.1110996111637625,0.9197176604612801,-0.7462201058552537,-0.9939472730702953,0.11876315655662978,-1.1870030497970452,-1.207851608548705,0.8742221268874573
1.5519752942986196,0.3268223825948729,0.7302825173725799,0.8505416204391012,0.7904220511820161,1.8952669945173257,2.0905009320540184,0.18085237072793814,0.6258395113452363,0.02283907869889844,-0.5282249730005438
0.7213108935188142,-0.8692314813677954,-0.6834330304884371,-1.0515317118509262,-0.8061360253709288,1.8952669945173257,-0.8831287746825954,-0.43199116914812524,-0.2800569161392969,0.017190861403178864,-0.23297604740952155
0.5136447933238628,1.108434845825398,-0.38915083115931215,1.7885503870478818,1.7416872790874955,-0.7462201058552537,-0.8092497757574622,0.3475734087805259,-1.0964658923572528,-1.0806115485901826,0.6634170400653264
0.0983125929339601,-0.14513742084010584,-0.6055564471520355,0.3989077698496883,0.055093268686137294,1.8952669945173257,0.42822345623852004,-0.2888410364753862,-0.894135027470064,-1.0044537175808619,-0.4687762466717786
-0.8015738412441624,4.477675290259604,1.3447752912582538,-0.24380194060447627,0.20725126023543206,4.536754094889905,-0.5322035297882124,0.6286995729450615,-0.7559674524206413,2.174220219309793,1.1447711059657044
-0.1785755406593084,0.20405133164892558,0.25680689334917606,-0.5912125949040247,-1.041229052450405,0.5745234443310361,-1.0770611468610702,-1.5467225235755988,0.13365852937905953,1.2278955489890047,1.70014311247857
0.23675665973059432,0.018052646484831767,-0.7031787640714237,-0.47830413225667145,0.19344864478521476,-0.7462201058552537,0.6683302027452033,1.0742471746373217,-1.1335992482347328,-0.7897593920215789,-0.4733939169802954
-0.04013147386267415,-0.4652809613200601,-0.5546666464250414,-0.24380194060447627,1.5099461393915024,0.5745234443310361,-1.1417052709205617,2.9323243987268497,-0.5318551844392418,-0.6894569837811044,1.8353791260122656
0.7213108935188142,-0.8428096606299126,-0.5930483752749466,-0.8691411183436634,-0.29959156110384577,-0.7462201058552537,1.619522313906294,0.9104006372408129,-0.027077728394485332,-0.10613889427369172,-0.5939227522679508
-0.7323518078458453,2.9349599147385548,-0.45342771343920063,1.2326933401686044,2.114374357323208,0.5745234443310361,-0.8092497757574622,1.059874671356926,-1.3969442844400426,-1.0428740088561426,1.5577621047369925
-0.2477975740576255,-0.6011882474973685,-0.9455390721664061,-0.8604558519861747,-0.7332154992915831,-0.7462201058552537,-0.10739928596869618,-0.5119022873871241,-1.3548248242397911,-1.087439064002591,-0.4683705996431289
1.5519752942986196,-0.07567831721638187,0.7310395835095453,-0.8170295201987311,-0.9319645197077936,0.5745234443310361,1.1116041962960026,-1.1787864395974745,1.26839090262446,3.230436853609393,-0.5144621058591374
-1.2861280750323822,0.24887276463557645,0.5945196227682364,0.22520244269991407,-0.3012417843583291,0.5745234443310361,-0.8369544003543872,-0.6280321138927196,0.5442248563777711,0.3919593892224762,0.3045804692759838
0.1675346263322772,7.277683945455128e-05,-0.5228965763920097,0.4944456997820641,-0.8342906448111976,1.8952669945173257,0.5298070797605784,-1.374252484210853,-0.8438803444273966,-0.9464508707363548,-0.4619011341591099
-0.04013147386267415,0.19607158549294518,0.537884796152108,-0.31328407146438597,0.9955476824032686,1.8952669945173257,-0.8092497757574622,2.2200231361504494,0.5339902211889251,1.0894831910829046,0.21668478316302792
0.8597549603154484,0.3849730836031654,0.8692839509603484,0.5726130969994625,1.9396194184163869,0.5745234443310361,2.136675306382227,1.69054011530068,0.7301540623084757,0.34928741789492307,-0.5262599484376408
0.23675665973059432,-0.25679066159692887,-0.012821214677091927,-0.02667028166725852,-0.014102938078227257,-0.7462201058552537,-0.11663416083433781,-0.02381207598489334,0.29045838900304805,-0.09667347517921626,-0.40278824839200433
-0.10935350726099127,-0.25679066159692887,-1.0800769292753296,-0.33933987053685205,-0.9025094749597522,-0.7462201058552537,-0.24592240895332104,-1.3081389691210337,-1.7110688567746273,-1.4792453461919444,-0.37087075291825583
-0.1785755406593084,0.5906733151957322,-0.2665031204950861,0.5726130969994625,0.7018552687097884,-0.7462201058552537,-0.1628085351625461,0.31825350208851916,-0.7999238984240189,-0.724339380706319,-0.22772297335423097
-1.078461974837431,-0.4703849825700169,-0.5747395170016468,-0.1048376788846569,0.4294737805109266,0.5745234443310361,-0.8831287746825954,0.7741493061426638,-0.5712191659348037,-0.7927076373133007,0.003430423766828246
1.3443091941036682,0.3976783505568589,-0.9257786167672989,0.01675605012018503,-0.25335444545360236,-0.7462201058552537,2.404486677485835,-0.42336766717988794,-1.531175461339909,-1.2911472965800892,-0.5344009215288734
-0.04013147386267415,-0.22117720995397236,0.4248277624234699,-0.40013673503927305,-0.309764508448192,1.8952669945173257,0.4743978305667283,-0.10659769487997146,1.0356185587140367,1.083028085602082,-0.48284362391328245
1.5519752942986196,-0.7317055017670605,-0.35038724706118024,-1.121013842710836,-0.7196392236892376,-0.7462201058552537,-0.30133165814717094,0.16647986744754265,0.45749288381588304,1.6238293745867687,-0.4603917754319122
1.4135312275019853,-0.3961659490165579,-0.2308527445210161,-0.04404081438223594,-0.4112162011692658,-0.7462201058552537,0.8714974497893196,-0.6182588116620507,0.07579347658058337,-0.367974110339559,-0.5310386683117327
-1.2861280750323822,-0.25679066159692887,0.30396347601477963,-0.6780652584789117,-0.937036589935102,-0.7462201058552537,-0.513733780056929,-1.2650214592798474,0.8845920830427305,1.585719424921143,-0.2683074638791275
1.275087160705351,-0.3773749023864878,-0.9255843669634415,-0.191690342459544,0.268461785639884,-0.7462201058552537,0.6775650776108447,0.6488210775376152,-1.3880217819677152,-1.2583752226005283,-0.517257112824833
0.9981990271120826,2.5338114206048528,3.184909285306275,2.7265591536566625,2.8243201546977565,-0.7462201058552537,1.610287439040652,0.5160191472267609,0.8181981675868827,0.52869590243644,-0.34682379918330675
0.4444227599255457,0.8435350447888553,2.0232481660333486,0.37285197077722215,-1.0154016181732544,-0.7462201058552537,-0.49526403032564575,-1.5771922305300372,1.4347693310790355,1.736700618018268,0.03202304271442287
0.8597549603154484,-1.20123177424796,-0.2665031204950861,-1.1296991090683246,-0.8118603658871042,0.5745234443310361,0.2989352081195368,-0.260670930045811,3.8528987143514093,2.036645783749761,-0.5970634936252732
1.4827532609003025,-0.0920897649361806,-0.7504833465875852,0.3554814380622447,0.7964817862000376,0.5745234443310361,1.868863935278619,0.6539951787185576,-1.166402566147701,-1.1453488083642016,-0.5478422391963502
0.4444227599255457,1.1758381868380945,0.2169783877911312,1.0155616812313866,1.5385719572423406,-0.7462201058552537,0.7052697022077697,0.7540278015501101,-0.5695133934033294,-0.4770281519723026,-0.3525171486721317
-0.04013147386267415,-0.7787652365899345,-0.7801453307210753,-0.24380194060447627,-0.501556664994816,-0.7462201058552537,-0.9385380238764451,-0.6245827131054246,-0.750194068467959,-1.0294051829971185,-0.09172128731252834
0.0983125929339601,0.5456998475335507,-0.667399279072791,-0.3567104032518295,-0.3013261473925358,-0.7462201058552537,0.17888183486619533,-0.14454110354021552,-1.2460490220403881,-0.8008075533252945,-0.3356723534959848
1.4827532609003025,-0.547415315420607,0.27758380546840083,-0.24380194060447627,0.09725832470966933,0.5745234443310361,-0.28286190841588754,0.4343833285941146,1.5718871999552428,0.5652851782147567,-0.4237104008290224
0.0983125929339601,0.6538645879906781,-0.2665031204950861,1.3716576018884237,0.22801691246017758,0.5745234443310361,-0.947772898742087,-0.5998620074631443,-0.8269538323843049,-0.9353096069497427,0.967083965986659
-0.3862416408542597,2.1189285580299573,1.1876282421900983,2.7265591536566625,0.7578394012633829,-0.7462201058552537,-0.28286190841588754,-0.6389552163858201,-0.2244224889589026,-0.4228425069265513,0.15935388610443468
1.275087160705351,-0.33002305599602133,-0.2665031204950861,-0.8344000529137086,0.250825796220711,-0.7462201058552537,-0.12586903569997943,2.5040238009710643,-0.09268436422042176,0.6955976201088632,-0.41450089410134694
-0.8015738412441624,-0.35706204478272735,-0.3365991588709465,-0.04404081438223594,-0.22448582667504705,0.5745234443310361,-1.1232355211892786,-0.3302338459229251,-0.1979174080852242,-0.5071623222697966,1.6248169876815481
-1.078461974837431,-0.25679066159692887,-0.23699929817372395,1.1805817420236722,0.17193195579253095,-0.7462201058552537,-0.6337871533102706,-0.5751413018208641,-0.12994893336955374,-0.8740171390428934,-0.19262241291718982
-1.6322382420239678,0.05645519011276347,0.2558512781169198,-0.24380194060447627,0.3895968145858802,-0.7462201058552537,-1.0493565222641452,0.9512185465571361,0.30344850289658354,0.5325131042351957,1.1818922063449082
-0.7323518078458453,-0.03282894235647731,0.06357602156152238,-0.24380194060447627,-0.29959156110384577,0.5745234443310361,-0.20898290949075438,-0.2675697316204009,0.11502624480449354,0.24262300665652245,-0.3353667440814466
-0.3170196074559426,-0.394297118285878,-0.5013378446396877,-0.32196933782187465,-0.9314727449474175,-0.7462201058552537,0.7606789514016198,-1.3673536826362631,-0.4938033356601986,-0.5544583835812085,-0.5244163981204446
0.7213108935188142,-0.9018193697567733,-0.682336711172904,-1.0167906464209715,-0.29396598706674165,-0.7462201058552537,-0.8738938998169536,1.5698110877453577,-0.20408443185286215,-0.06774963715937635,-0.26240579430377386
0.9289769937137655,-0.6671036985956024,-0.5317914195231694,-1.0775875109233923,-0.8947686521625373,-0.7462201058552537,-0.9662426484733703,-0.7711822465654586,-0.19621163555374976,0.6738737074330178,0.052418073877084505
-0.3170196074559426,-0.12128091071085546,0.5341397224688859,-0.5043599313291376,-0.29959156110384577,1.8952669945173257,0.7699138262672612,0.06242294369747931,1.028926681859791,1.529857935183255,-0.4966427684312347
1.5519752942986196,-0.25679066159692887,-0.7769651578758985,-0.24380194060447627,-0.6847643684021576,0.5745234443310361,0.6683302027452033,-0.9488263871111468,-1.142652963978712,-1.0246259222084324,-0.5034442268763708
-0.04013147386267415,-0.29199559631077104,-0.8123243545665204,-0.5043599313291376,-0.12148473481354179,0.5745234443310361,1.7026361876970686,0.4510554323993731,-1.1939573531945946,-0.9759022894926079,-0.5564037000611829
0.1675346263322772,-0.8846841100825221,-0.2526838950123494,-1.1731254408557683,-0.48829726517949096,-0.7462201058552537,0.16964696000055354,1.6502971061155727,1.3042121257854211,2.4492139196250293,-0.5455820487060965
0.652088860120497,-0.4252724141613625,0.08076419786783279,0.20783190998493664,-0.2528770741380909,0.5745234443310361,0.4466932059698033,-0.5538699969658789,0.7930052194297228,-0.17264510122274385,-0.5053999072665272
-0.4554636742525769,0.015266238900227123,-0.8683076431081412,-0.24380194060447627,0.2389450118424232,-0.7462201058552537,0.3266398327164618,0.6850397858042117,-1.388940274869278,-1.1623244944123263,-0.4358155017937252
1.6211973276969367,-0.6289517803477188,-0.005049268299417668,-0.790973721126265,-0.321081500841781,1.8952669945173257,3.0971022924089593,0.6022541669091339,1.1203823322011468,1.2349403035281719,-0.6016679721605007
-0.5939077410492111,-0.6562919100487183,-0.8691358429760965,-0.460933599541694,-0.37834136708338006,0.5745234443310361,-0.28286190841588754,-0.1686869090512798,-1.1248079590340572,-1.0978665420869966,-0.4475188033303211
-1.4245721418290165,-0.3290898608126679,-0.5638939680937222,-0.035355548024747226,-0.3079311556804305,-0.7462201058552537,-0.947772898742087,-0.46591027688985853,-0.6841937928270667,-0.8101798699368736,0.2529016974146861
1.4827532609003025,-0.6112901341644476,-1.059240217920712,-0.24380194060447627,-0.6276135568145331,0.5745234443310361,2.524540050739177,-0.8476439640171625,-1.642969168787305,-1.4501973715282426,-0.5938260125971617
-0.10935350726099127,0.5174477538157646,-0.5964883295479515,0.7810594895791915,0.02315465851644838,-0.7462201058552537,-0.40291528166922913,-0.5423719943415626,-1.1556430778722475,-1.0777253716203916,-0.1250013830356297
1.205865127307034,-0.3397542513755706,-0.8935542549394646,0.11229398005256083,-0.1095134144961052,-0.7462201058552537,1.7580454368909186,-0.29056573686903364,-1.3350116202203584,-1.2648303280813509,-0.5613962365940075
-1.2861280750323822,-0.7162684913817623,-0.14158238747814406,-0.47830413225667145,-0.029368531999688433,0.5745234443310361,-0.8000149008918204,0.5988047661218387,1.0205290324740715,0.23145070870894469,-0.23890190190257254
-0.5939077410492111,0.2351801264183247,-0.8376422304103923,-0.24380194060447627,-0.9827366628553952,3.2160105447036154,-0.10739928596869618,-1.4754349073048372,-1.3913021137590118,-1.1160835945737413,-0.3139608932904832
-0.3862416408542597,1.2401871683019285,2.3272521055460027,2.5702243592218657,1.7906178389274134,0.5745234443310361,0.4466932059698033,-0.0013909708674766218,1.2509395374947607,0.18108226546194897,-0.29928944276376807
-1.770682308820602,2.46094703309292,4.1283870967195195,2.327036901212182,0.2761326488477566,-0.7462201058552537,-1.1417052709205617,-0.8303969600806879,1.4402802884884143,1.2306265551539683,8.426290823219833
0.7905329269171313,-0.7986149131115807,-0.2668983947438475,-0.41750726775425046,0.549114966460969,0.5745234443310361,0.7422092016703362,1.6548963071652987,0.9167393345974397,-0.07336682029413077,-0.5658281227620319
-1.6322382420239678,1.5192767096970647,-0.5987345138995981,1.154525942951206,-0.17051611876751135,0.5745234443310361,-1.0955308965923534,-0.8643160678224213,-1.3504947862752794,-1.1381178488592418,3.987964871201432
-0.5939077410492111,1.1652616493782273,2.3644627334657438,1.189267008381161,1.323670502228008,-0.7462201058552537,-0.6984312773697622,0.41828612492007156,1.366669643091713,1.0425595397030787,0.4144195709414469
-0.5939077410492111,0.3335243541744839,-0.4176738939076103,0.8331710877241237,2.388636523894386,-0.7462201058552537,-0.28286190841588754,1.7773500351142688,-0.8668426669664744,-0.935961324330018,-0.23107038582642095
1.759641394493571,-0.6353757944707817,0.01551528487930572,-0.9733643146335279,-0.9129067045169895,0.5745234443310361,-0.7723102762948955,-0.986194895640175,1.1943866174128033,2.0809935997694513,-0.22693201661408624
-0.4554636742525769,1.4043607023080673,2.11206957282532,1.7711798543329045,1.77389543943965,0.5745234443310361,0.040358711881570475,0.38091761639104327,0.907029552495201,0.4493415528476736,-0.16171573707174308
-0.04013147386267415,1.269710691649754,2.829437616072722,2.7265591536566625,1.837871426258099,0.5745234443310361,0.08653308620977876,-0.03531007860920973,1.654682774367575,0.3593424860477429,-0.19988283514135363
0.7213108935188142,0.5832960949047356,0.4567716280556604,0.39022250349219956,-0.29959156110384577,0.5745234443310361,0.7145045770734115,-0.7119675330502292,0.02986883150242782,0.09322455576863757,-0.41716343367692793
-1.770682308820602,0.6114054273300891,-0.19423138009077623,-0.24380194060447627,-0.016913667461798607,-0.7462201058552537,-1.1417052709205617,0.23259338253736192,-0.727494172472185,-0.146048825275316,4.26046183546875
-0.04013147386267415,-0.5010357100370652,0.3065494346712285,0.077552914622606,0.13743776297687174,-0.7462201058552537,-0.5229686549225707,0.09174285038948606,1.4942089431373338,0.20628200416592982,-0.3348379738354291
-1.4937941752273336,-0.2843101580499588,-0.7366590401240635,-0.24380194060447627,0.8375172006191914,1.8952669945173257,-1.1232355211892786,1.7434309273725352,-1.0523782330822231,-0.9638610350379965,1.7613699799153044
0.5828668267221799,-0.1623973831133876,-0.2198439528201784,-0.7562326556963102,-0.4868795546778214,-0.7462201058552537,-0.44908965599743744,0.04230143910492562,-0.20880810963232965,0.6070571588743106,-0.27445922748975976
-1.4245721418290165,-0.812462514441131,-0.2003518774317661,-0.999420113705994,-0.19645466533361747,-0.7462201058552537,-1.104765771457995,1.8624352545342095,1.1823149964208313,1.5086305690828574,0.5676497128991302
-0.4554636742525769,-1.1300998011206045,-0.7835816371104398,-0.24380194060447627,-0.29959156110384577,0.5745234443310361,-0.9293031490108037,-0.2675697316204009,0.034198869466939744,-1.0345878878783559,-0.3483370055110472
-1.6322382420239678,-0.5936114054333638,0.22010280012923158,-0.5130451976866263,0.43725164073779327,0.5745234443310361,-1.104765771457995,1.6968640167440538,1.5844836740338226,0.9647879323235523,0.9197430889086986
-1.4937941752273336,-1.0800872258901535,-0.6823210773858732,-1.2339223053581891,-1.0023870769206271,0.5745234443310361,-1.086296021726712,-1.085077718209296,0.3618384087816671,0.7536315011143355,0.03911032291416309
-1.770682308820602,-0.8974215898406618,-0.4671158756739961,-0.9212527164885956,-0.7410859530925792,-0.7462201058552537,-1.1417052709205617,-0.4377401704602833,0.575453615030917,0.3743630199550417,0.8620439215124424
0.9981990271120826,-0.4666744091487597,0.35041784107958424,0.077552914622606,-0.29959156110384577,-0.7462201058552537,0.9361415738488111,-0.534323392504541,1.4907973980743854,0.2598780001533368,-0.5412430546083185
1.205865127307034,0.8217069651941326,-0.3746923140685753,1.336916536458469,-0.29959156110384577,-0.7462201058552537,2.561479550201743,-1.0206889035131241,-1.0031732562127706,-1.0042985467760344,-0.5158098653635397
-0.10935350726099127,-1.1372163905392627,-0.548388768961275,-1.0167906464209715,-0.7472979530991692,0.5745234443310361,1.0377251973708697,-0.2658450312267534,1.4078706103904013,0.39469039538743983,-0.6073541761054606
-0.4554636742525769,-0.02081039382484364,-0.20798012325031584,-0.6693799921214231,-0.8638938392778458,-0.7462201058552537,-1.104765771457995,-1.081628317422001,-0.3310988788118755,0.4384795965097509,1.8412807955876194
-0.9400179080407967,-0.38553035474853903,-0.8516431986673619,-0.8430853192711972,-0.7769711071551596,0.5745234443310361,-0.44908965599743744,-0.6751739246524167,-1.231746775430334,-0.8457139842423634,-0.3335853050301547
-0.04013147386267415,-0.42274639341269893,-0.9177888396236624,-0.2698577396769424,-0.8935340711741458,0.5745234443310361,0.7976184508641864,-1.311013469777113,-1.356924236586221,-1.2315927416873076,-0.5295529448450119
-1.770682308820602,-0.34870550642928394,-0.020194238922364105,-0.7041210575513779,-0.027029001026686508,0.5745234443310361,-1.1417052709205617,1.1679558960255,0.42954445695403387,0.9388433737563997,2.0979487312220755
-0.10935350726099127,-0.25679066159692887,-0.8335506077813213,-1.1557549081407907,-0.8909044136688719,0.5745234443310361,-0.07045978650612951,-0.5975624069382812,-1.2488045007450777,-0.3109953908069132,-0.4124688113575561
0.5136447933238628,-1.0017051754348054,-0.6424624767877941,-1.09495804363837,-0.5719668763977656,-0.7462201058552537,1.610287439040652,0.7620764033871316,0.24230311830681062,0.3073913005915069,-0.6053710128542847
0.7905329269171313,4.9304682310126395,5.350469545827429,2.7265591536566625,1.9766959431327653,-0.7462201058552537,-0.8000149008918204,0.04230143910492562,0.6898715879113504,1.5603955495733004,2.4671556847885623
-0.9400179080407967,0.005759557006212617,0.3489242932919109,0.6334099615018834,-0.5183984073114571,-0.7462201058552537,-0.7630754014292538,-1.052308410729994,0.5150955100710551,-0.17962778743997984,0.047986737366280674
-1.3553501084306994,0.2696470950666698,1.5162684244320828,0.3381109053472673,-0.29959156110384577,-0.7462201058552537,-1.0308867725328619,-0.6866719272767331,1.7515181688466572,1.2577504118378091,1.2339194608839348
0.02909055953564297,-0.2522794047560634,0.5087352093885517,-0.47830413225667145,0.15045847713444102,-0.7462201058552537,0.8345579503267528,0.9822631536427904,1.258287480707266,1.413976378138103,-0.514504979122328
-1.147684008235748,-0.26374008608342275,-0.8219546370959195,0.077552914622606,-0.4774514711964714,0.5745234443310361,-0.3844455319379459,-0.789004150633149,-1.2242676189461772,-1.1722864600822498,-0.3275951406423178
1.205865127307034,0.09774224395702255,0.25189280324072755,0.285999307202335,1.2922977416779986,-0.7462201058552537,-0.9754775233390118,1.3714705424759004,0.24663315627132254,-0.04161887362643121,0.6926401158447112
1.205865127307034,0.34583208583694225,0.9685555021299248,0.06886764826511729,-0.5064044530092334,1.8952669945173257,-0.28286190841588754,-0.8263726591621773,0.9083416852117195,1.0280045182102622,-0.22837871441815918
-0.2477975740576255,-0.5418730048010627,-0.8952704539107679,-0.8170295201987311,-0.26392245871423387,0.5745234443310361,-0.042755161909204475,0.8500361234631518,-1.2572021501307975,-0.9804332769935701,-0.4676923226331646
-0.1785755406593084,-0.25679066159692887,-0.9780587822875634,-1.1557549081407907,-0.5348636024266388,-0.7462201058552537,-0.8000149008918204,1.279486521481369,-1.519759906706196,-0.9604783114927579,-0.01870866975613869
-0.6631297744475282,0.49321396341625706,0.8411013139246454,0.4423341016371318,0.2749001254943458,0.5745234443310361,-0.8738938998169536,-0.058880983989058285,0.5661374727436341,0.43885200644133676,0.5432647199736399
1.0674210605103998,-1.055167449177778,-0.7561852492808262,-0.7996589874837537,-0.59017488834156,1.8952669945173257,-0.2551572838189627,-0.1732861101010065,-0.09543984292511108,-0.6393057796608672,-0.5379126815099606
0.23675665973059432,-0.7208678453620604,-0.09739036167825113,-1.1383843754258134,-0.6427742113519811,1.8952669945173257,1.4440596914591024,0.6241003718953348,1.1639451383895687,2.8336340715045956,-0.5809920661582185
0.5828668267221799,-0.2308542292533166,0.1746532967258301,-0.08746714616967949,-0.33931420440534316,-0.7462201058552537,1.7857500614878434,-0.47453377885809583,0.5956604588653055,0.21338882702702777,-0.554678326046371
0.02909055953564297,-0.8436625678385477,-0.255471920366171,-0.6693799921214231,-0.861056360639526,0.5745234443310361,-0.8554241500856704,-1.0741546157161954,1.121563251646014,0.334701362241141,-0.24920412718438809
-0.8707958746424795,1.442612187406058,1.3105266145730512,0.7897447559366803,1.0374699374990837,-0.7462201058552537,-0.28286190841588754,0.47692593830408503,0.21881594268112525,0.5606300540699327,0.011459816442321078
0.5828668267221799,2.8150850877560067,4.166933631741042,2.7265591536566625,-0.18858832680258267,0.5745234443310361,-0.7723102762948955,-1.1678633371043738,1.204096399515042,0.996535878991252,1.3274024126421797
-0.04013147386267415,4.033433628905075,0.6749210627101082,2.031737845057566,0.8656162639149826,-0.7462201058552537,-0.4398547811317958,-0.36990195497681677,-0.9710260046580618,-0.5059519899921424,0.8201089231970415
0.1675346263322772,-0.7237582124519236,-0.629109268440133,-0.6954357911938892,-0.8713445355427887,-0.7462201058552537,0.17888183486619533,-1.08450281807808,-0.3753177513585569,-0.4526663356143903,-0.5225530601433142
-0.8015738412441624,0.12470777778813501,0.2400453891472474,-0.3914514686817843,-0.06261991328703369,0.5745234443310361,-1.1232355211892786,0.3717192142915902,0.19769060594517365,0.752452202997647,2.529082265866857
0.3752007265272286,-0.7199651547283722,-0.2665031204950861,-0.7388621229813327,-0.6362844306230029,-0.7462201058552537,0.5759814540887866,-0.40497086298098167,0.6703208104352214,0.45505183846532427,-0.5493603924390742
-1.770682308820602,-1.1335270482845727,-0.5926442418802009,-1.1296991090683246,-0.8921533981021279,1.8952669945173257,-1.1417052709205617,-0.6613763215032371,1.130223327575037,0.6493567202702781,0.3302500111255313
0.652088860120497,-0.26057591015576603,-1.027295310036053,-0.6085831276190021,-0.7319891488431143,-0.7462201058552537,-0.6153174035789872,-0.7993523529950337,-1.6117404101341593,-1.3617810469375522,-0.20745051575171683
0.02909055953564297,-0.19380901606728101,-0.30329098475720373,-0.32196933782187465,0.17757604854446093,-0.7462201058552537,-0.0519900367748461,0.7120600919713554,-0.32283244269780753,-0.23784787341124553,-0.4050467899105969
-0.04013147386267415,-0.9017158983243093,-0.8622574978087896,-0.6172683939764908,-0.5552197852902344,0.5745234443310361,-0.005815662446637814,-0.36242825327101114,-0.8686796527696006,-1.0186052949811268,-0.534016711131819
1.3443091941036682,2.8493692731427593,4.275979296280701,0.9373942840139883,0.8730031734955255,3.2160105447036154,0.8622625749236779,0.19637467427076546,1.24175460847913,2.8434408663696913,-0.2084981624137848
0.1675346263322772,-0.8468130777279543,-0.15310149204397794,-0.730176856623844,-0.29959156110384577,-0.7462201058552537,0.4374583311041618,0.5050960447336602,1.4833182415902286,0.7005630858633421,-0.5570753811845024
1.1366430939087169,-1.0575184958295631,-0.6293308773712943,-1.0775875109233923,-0.15964974843468535,0.5745234443310361,0.6590953278795615,2.541392309500092,0.5238867992717309,0.29910517961372013,-0.5907220982736057
-1.0092399414391138,-0.8362411769596361,-0.4570237450193962,-0.8170295201987311,-0.5824752182439581,3.2160105447036154,-0.8000149008918204,-0.1175207973730721,0.4147173572573721,0.15426875038776292,-0.2963960471556223
0.23675665973059432,-0.10311581743991213,-0.6573191343215814,0.6855215596468157,1.3156663021532695,0.5745234443310361,1.5179386903842356,0.8672831273996264,-1.0055350951025044,-1.114345681559674,-0.5360652835922216
-1.4245721418290165,1.5971819130320486,2.033165067991645,1.9883115132701221,1.3024233634177895,0.5745234443310361,-0.7630754014292538,-0.06003078425149012,0.6838357774153643,0.2858225587204891,0.7508207829660312
-1.2861280750323822,0.9449411972221936,-0.3643022294894805,0.9808206158014319,5.7705858623522736e-05,-0.7462201058552537,-0.6522569030415539,-0.6510281191413524,-1.029678337086449,-0.9262476319478186,0.2514330133217975
0.30597869312891146,-0.29314500774215024,-0.7246862951712199,-0.8170295201987311,-0.3863435095231378,3.2160105447036154,-0.024285412177921226,0.4786506386977326,-1.0244298062203743,-0.5387550981326689,-0.42766078727198287
-0.10935350726099127,0.3703189419804713,-0.17216441997839524,0.9634500830864544,0.11855278912444252,1.8952669945173257,-1.086296021726712,-0.5325986921108936,-0.5721376588363669,-0.7681906501505611,2.0808813248716698
-0.1785755406593084,2.519274904525667,3.3933296840099128,2.7265591536566625,1.6449455128371353,-0.7462201058552537,0.12347258567234526,-0.143391303277784,0.9526917710300525,0.6280052175260186,-0.020581351906015736
0.1675346263322772,-0.8146507888159034,-0.6420408856641975,-0.8951969174161295,-0.7440921577993126,0.5745234443310361,-0.2736270335502459,-0.4923556829257862,-0.2515836361908403,-0.1958896877858985,-0.4837307706669958
0.652088860120497,2.450937636220425,1.8597489790130308,2.7265591536566625,0.1789093960119237,3.2160105447036154,-0.042755161909204475,-0.9626239902603264,0.060572737068966286,-0.10263203408459087,0.054856353306745424
0.1675346263322772,0.6264458785697415,0.6559787754989448,0.7115773587192818,1.7506606252381214,0.5745234443310361,0.26199570865697014,1.2927092244993328,0.2180286630512141,0.04850432981736143,-0.34172682777860763
1.5519752942986196,0.6843364367784908,1.8080834818861926,0.13834977912502697,0.4107863396166402,0.5745234443310361,0.9638461984457363,0.4085128226894027,1.4250595489767968,1.9173815031593702,-0.43364435577317506
-1.5630162086256507,1.5409422610511723,2.5591097657952684,0.29468457355982375,0.353769274302758,-0.7462201058552537,-0.8923636495482369,0.1659049673163269,1.1438695078268322,2.449865637005305,1.2453886084446433
0.0983125929339601,-0.7410281802174956,-1.0225565789054665,-1.0862727772808811,-0.7997367805810994,-0.7462201058552537,-0.2551572838189627,-0.32103544382347204,-1.5170044280015067,-1.2067343787539475,-0.4711623086655022
-0.04013147386267415,-0.17413748611567878,-0.6046142509203142,-0.49567466497164886,-0.7933190170764441,1.8952669945173257,1.7211059374283522,-1.0206889035131241,-0.8745842499939349,-0.5965096716894519,-0.5486727712563632
0.8597549603154484,-0.3746492598648159,-0.5801931030442157,-0.15694927702958916,-0.5965268075268343,-0.7462201058552537,-0.8277195254887454,-0.8447694633610834,-0.6771082761578656,-0.7747078239533147,-0.03622074879784191
-0.1785755406593084,-0.19183183317619099,-0.2665031204950861,-0.8430853192711972,-0.5856172268594145,0.5745234443310361,0.07729821134413697,-0.07440328753188562,-0.259194005946649,0.7204249488812579,-0.4285611257989857
0.652088860120497,-0.08259870137159459,0.5427338757628202,0.13834977912502697,-0.6239921192485846,0.5745234443310361,-0.624552278444629,-1.0224136039067717,0.9706679892463592,0.42522800977748526,-0.14005704395939914
1.1366430939087169,-0.716796830181961,-1.0440191628675493,-1.060216978208415,-0.9739814260127185,0.5745234443310361,1.693401312831427,-1.145442231986957,-1.5856289690754364,-1.3009851256061506,-0.5863017549072096
1.6904193610952538,-0.4652516769523815,-0.6833546009901661,-0.912567450131107,-0.49682410453931514,1.8952669945173257,-0.28286190841588754,0.3895411183592805,-0.8189498228135407,-0.2848646272739678,-0.40574320560883415
-1.701460275422285,0.4293459776915416,0.2590047432425859,-0.02667028166725852,-0.13036137212007695,-0.7462201058552537,-1.13247039605492,-0.20145621653058174,-0.07628270526393764,0.2571469939883734,3.4415687670975754
0.02909055953564297,-0.26259043061564624,0.2836680845361028,-0.24380194060447627,-0.3713824455788132,-0.7462201058552537,-0.40291528166922913,-0.39462266061909695,0.8580870021690521,0.574440255699577,-0.32021544280132885
-0.1785755406593084,-0.5897546542101118,-0.36958996710796455,-0.7214915902663553,-0.48546184417615174,-0.7462201058552537,-0.218217784356396,-0.020362675197598483,0.08865237720246699,0.1784133276189167,-0.4465717439395849
-0.5939077410492111,-0.11488691306466291,-0.34062837663345313,-0.7822884547687763,-0.25114248784940085,-0.7462201058552537,-0.5876127789820623,0.7821979079796852,-0.46362428318026766,0.37361820009186963,-0.17939930916620878
-0.7323518078458453,-0.7227225219816956,-0.039674198125827446,-0.7388621229813327,-0.6861676754589626,-0.7462201058552537,-0.8461892752200286,-0.5429468944727783,1.3383275764149085,0.9900187051884987,-0.19381187114211904
-1.0092399414391138,0.3316811472655224,1.2564479121364547,0.8158005550091464,1.4575916749437792,1.8952669945173257,-0.9754775233390118,0.8730321287117846,1.3008005807224727,0.4924169682677783,0.880824059761591
0.0983125929339601,-0.7416355868104262,-0.8764652228992412,-0.5998978612615133,-0.9092297108065636,-0.7462201058552537,-0.6891964025041205,-1.2305274514068982,-1.0819012192038948,-1.0559704247835808,-0.3315345339408705
-1.4245721418290165,0.8450200062665503,0.2231258534147493,0.6073541624294173,0.44428052183170236,-0.7462201058552537,-1.0770611468610702,0.006082730838329164,-0.40129797914562787,-0.2810784596361776,2.549372862157644
0.5136447933238628,0.9991299673199892,-0.2665031204950861,0.6942068260043044,-0.05994087254222398,-0.7462201058552537,0.4743978305667283,-0.5872142045763965,-0.9512128006386289,-0.7658630880781491,-0.3342723765556453
-0.8015738412441624,1.2337011689339463,1.985464559818929,0.346796171704756,-0.44840795344456064,0.5745234443310361,-0.7446056516979705,-0.874664270184306,0.9579403018961274,1.7400212732415756,0.5436132026513687
-0.8707958746424795,-0.4337224184549797,-0.5953202250936354,-0.02667028166725852,0.2501652953919215,-0.7462201058552537,-0.5322035297882124,0.3797678161286117,-0.653883527075484,-0.8549311300491149,-0.3107849738710557
-0.6631297744475282,-0.7249798586569096,-0.2665031204950861,-1.0515317118509262,-0.7824485314736567,0.5745234443310361,-0.2643921586846043,-0.3302338459229251,0.6847542703169276,1.5451267423782775,-0.4660477482297505
-0.10935350726099127,-1.1129440423889785,-0.9738975893062054,-1.1383843754258134,-0.5272482953632438,-0.7462201058552537,-0.45832453086307906,1.2110734058666865,-1.0627440815427212,-0.9625576002774457,-0.5249044937321531
1.759641394493571,-0.25679066159692887,-0.9937677417776449,-0.6780652584789117,-0.3353388536227225,0.5745234443310361,1.554878189846802,0.2912331959213754,-1.5492828928278675,-1.2766233092482384,-0.5489926717586315
-0.524685707650894,-0.0354284180607346,0.03968433793953294,-0.24380194060447627,-0.40485399380908815,-0.7462201058552537,-1.0770611468610702,-0.4538373741343264,0.07986108800179158,0.20659234577558458,1.38285238269259
1.275087160705351,2.2291519895348797,3.3854152096071415,0.8505416204391012,2.348551736836294,0.5745234443310361,0.41898858137287825,1.7135361205493127,1.1541041430156782,2.2498504695827006,-0.1690250787885218
1.6904193610952538,-0.07347930524012748,-0.6218390363445881,-0.32196933782187465,0.3665163230079005,-0.7462201058552537,3.291034664587434,1.0667734729315157,-0.9619722889140825,-0.7471184548549911,-0.5780662407740695
-0.6631297744475282,0.5839008170972956,-0.4665672600307745,0.40759303620717696,1.4145438935135468,0.5745234443310361,-0.20898290949075438,1.3352518342093032,-1.0254795123935891,-0.8645517199484178,-0.2102229867713763
1.5519752942986196,0.2515940145020968,0.11323140452087825,0.6594657605743496,1.2517067764146657,-0.7462201058552537,2.8477606710366348,0.8281899184769509,-0.10961087626351358,-0.40918747610173417,-0.5540440216140381
1.4827532609003025,-0.961482608355658,-0.9479972246138781,-0.9299379828460843,-0.29959156110384577,0.5745234443310361,0.3174049578508202,1.139210889464709,-1.1295316368135246,-1.0517497788922736,-0.5655115202030857
-1.6322382420239678,0.32294903689660304,-0.9518363615824024,-0.3306546041793634,-0.7651911468909238,1.8952669945173257,-1.0678262719954283,-1.0511586104675625,-1.5564996227687204,-1.2730543807372068,1.7185390403306642
-1.6322382420239678,0.9837288302850972,1.375368397690985,1.5540481953956866,1.6022989702281305,-0.7462201058552537,-0.9939472730702953,0.39069091862171235,0.635549293447475,0.10296928231180237,1.563191618760029
1.759641394493571,0.1497066222932426,0.9280255606604324,0.8765974195115673,0.47281786137837245,-0.7462201058552537,-0.13510391056562104,-0.14799050432751035,1.1541041430156782,0.17090306066526717,-0.3217495361034442
-1.0092399414391138,-0.7211663018759834,-0.8556715044589585,-0.41750726775425046,0.42026174870254507,-0.7462201058552537,-0.6707266527728373,1.3938916475933167,-1.0376823466572134,-1.0896735235921065,-0.33431085256107274
0.7905329269171313,-0.5643043423699617,-0.9240968121274633,-0.21774614153201013,-0.4264385847561334,-0.7462201058552537,0.3266398327164618,-0.5136269877807715,-1.3169041887323998,-1.251423570544258,-0.513058281318255
0.30597869312891146,-0.33131620486542224,0.11818392768911071,0.06018238190762858,-0.06786276721773629,-0.7462201058552537,-1.0031821479359369,-0.18708371325018625,0.6741259953131259,-0.008381287232387584,0.4668074006170507
-0.04013147386267415,0.13862810196408715,0.7177657166310653,0.1730908445549818,-0.39450203222142516,0.5745234443310361,0.34510958244774526,-0.7240404358057614,0.8700274098893728,0.5899883703432893,-0.422033396649605
0.4444227599255457,-0.3743095611997459,-0.05921200234130469,-0.04404081438223594,-0.17170131651636727,-0.7462201058552537,0.8530277000580364,-0.24859802729027883,0.39595385941115424,-0.14207645267173305,-0.5278369150029468
-0.524685707650894,-0.06444361359294129,0.08341542758513512,-0.4261925341117392,0.11317001601505547,0.5745234443310361,-0.015050537312279602,0.7902465098167069,0.18666869112641635,0.5462612375429091,-0.39029618874414523
-0.3862416408542597,0.4547389409783211,0.8032352394836385,0.9895058821589205,1.0999994069261338,0.5745234443310361,-0.042755161909204475,0.3699945138979429,0.5643004869405078,-0.0011503277274276759,-0.29368293911576515
0.3752007265272286,0.6799391449351739,-0.437295990291495,-0.33933987053685205,0.2930999068982175,-0.7462201058552537,-0.32903628274409585,0.9644412495751,-1.024561019492026,-0.43764580170709155,-0.130245662575394
0.1675346263322772,-0.8877465228324963,-0.49603720914690325,-1.1296991090683246,-0.29959156110384577,-0.7462201058552537,0.9361415738488111,2.2953350533397217,0.4378108930681019,1.0602800456143755,-0.5816005367011929
1.4135312275019853,-1.0061532268487647,-0.7569231640286788,-1.2339223053581891,-1.0105455996189143,0.5745234443310361,2.2290240550386433,-1.1368187300187196,-0.24318598680512046,0.34975293030940546,-0.6130277379343514
0.4444227599255457,0.815741739498032,1.4332138005495298,1.2934902046710253,-0.29959156110384577,-0.7462201058552537,0.031123837015928687,-1.0109156012824552,0.863335533035127,0.2888328723341421,-0.2549474954802688
0.8597549603154484,0.9794132906348825,0.07544336873346692,2.4573158965745123,-0.7540655145505354,0.5745234443310361,2.0073870582632436,-1.4714106063863266,-0.6150443986665295,-0.9156649830585855,-0.4833102828933956
1.6904193610952538,0.38931766358466097,0.3844641905042967,0.19046137726995924,-0.3867241719945586,-0.7462201058552537,-0.24592240895332104,-0.7228906355433297,0.11555109789110098,0.18803391751821955,-0.23486466961879005
1.4135312275019853,-0.48493540872385,0.03807588181718325,0.01675605012018503,1.3698829262584835,-0.7462201058552537,2.441426176948401,1.9889132834016898,0.8363055990748413,-0.06985996010502994,-0.585478918048282
-1.147684008235748,3.2914780563847077,-0.8218535386064537,2.0404231114150546,2.304999834835802,-0.7462201058552537,-0.5599081543851373,0.5821326623165802,-1.6092473579727737,-1.3552328389738328,0.8524023842095385
1.4135312275019853,0.6882280852065596,1.418896248105187,1.4671955318207996,0.9107381414057125,0.5745234443310361,0.8992020743862447,-0.09567459238687082,0.9954672975885632,0.17769954191671036,-0.42680771926593375
0.9289769937137655,1.7724337233309453,0.3731937934338107,0.6334099615018834,-0.11337353771980943,-0.7462201058552537,0.23429108406004526,-0.6153843110059716,-0.6655615082525007,-0.15731422570579032,-0.17363395458151246
0.5828668267221799,-1.1419360544634398,-0.5662181910989642,-1.1818107072132569,-0.7486703956312645,0.5745234443310361,-0.34750603247537926,0.2619132892293687,1.339902135674731,1.0347389311397746,-0.5469353047827026
-0.6631297744475282,0.7343685349207274,-0.5377037269335329,1.362972335530935,0.4996844013207529,0.5745234443310361,-1.13247039605492,-0.375076056157759,-1.14881998774635,-1.121980085157185,4.066132174170662
1.6211973276969367,-0.6512867235396762,-0.9589206818938395,-0.5998978612615133,-0.43332754667135814,-0.7462201058552537,1.425589941727819,-0.09394989199322355,-1.3691270708498453,-1.2238652356068997,-0.5750936945261872
-1.2861280750323822,-0.6765501034994789,-0.5025484208821039,-0.24380194060447627,-0.6066462563616837,-0.7462201058552537,-1.0955308965923534,-0.8102754554881344,-0.09898260125971185,-0.6108784882164753,0.6907734799242584
0.5136447933238628,-0.25679066159692887,-1.056413889788665,-0.5477862631165811,-0.7219684664873363,0.5745234443310361,1.3517109428026857,-0.8263726591621773,-1.6667187709562938,-1.4267976141602607,-0.5413128610753084
1.759641394493571,-0.5383269119115996,-0.5207843214825933,-0.9473085155610618,-0.624308995035605,-0.7462201058552537,2.192084555576077,0.0342528372679044,-0.36442704981145146,0.28188122027787155,-0.5842625266195536
1.3443091941036682,-0.7606577359087587,-1.0090482052215248,-1.1557549081407907,-0.6527928360727784,-0.7462201058552537,1.4625294411903855,0.6580194796370683,-1.4701612900217877,-1.0997596259058917,-0.5845115213403914
-0.524685707650894,-0.005083224163131407,-0.5528549510712917,-0.24380194060447627,-0.383316728466598,1.8952669945173257,-0.6153174035789872,-0.4153190653428664,-0.887968003702426,-0.6867259776161411,-0.12156107849319335
-0.2477975740576255,-0.5413283155622435,-0.5427600845039614,-0.47830413225667145,-0.6222102073553395,0.5745234443310361,-0.11663416083433781,-0.6654006224217479,-0.4129759603226445,-0.49803827894594155,-0.4557537678062408
0.5828668267221799,-0.7596850068290395,-0.9937868931667576,-0.6259536603339795,-0.49915952024235577,1.8952669945173257,0.021888962150287062,-0.21352911928611387,-1.4241054316719803,-1.2890990419563666,-0.5129807796501797
0.5136447933238628,-0.5573920114158606,-0.20212331578391157,-0.9559937819185504,-0.6239859463436427,0.5745234443310361,1.7026361876970686,0.057823742647752946,0.43728603998149446,1.304270619125084,-0.5752014273413841
0.9289769937137655,-0.46058643314480696,-0.5269962764777134,-0.38276620232429565,-0.7965289276462622,0.5745234443310361,0.08653308620977876,-1.0868024186029432,-0.4755646909005881,-0.5502377376899014,-0.4724177257568785
1.6211973276969367,-0.8326428602811464,-0.7822621454850424,-0.999420113705994,-0.29762651969732257,1.8952669945173257,3.0139884186181845,1.4640294636016473,-0.683931366283763,-0.4436974630953627,-0.6107598522430122
-0.6631297744475282,0.38760843265782885,1.574033964695212,1.0416174803038527,1.8005150631843523,-0.7462201058552537,0.28046545838825354,0.9696153507560422,1.6128257407106277,0.5692265166573742,-0.3782482521303632
-1.078461974837431,-0.09859919179830562,-0.2665031204950861,0.346796171704756,0.4103583515406643,-0.7462201058552537,-1.0308867725328619,0.18717627217131208,-0.3539299880793016,-0.6335954940432166,0.856909023759536
0.1675346263322772,-0.8619413820706422,-0.7418846334391002,-1.1818107072132569,-0.5992284822564311,0.5745234443310361,-0.6614917779071956,1.097243179885954,-0.49892065325462165,0.19784071238331546,-0.3904907674001642
-1.4937941752273336,-0.09922807359420047,0.5865704934708802,-0.23511667424698757,-0.7494996225284675,-0.7462201058552537,-0.8554241500856704,-1.0666809140103897,1.074982540209599,1.0151253414095827,0.15975458621810082
-1.078461974837431,1.0870296813072313,-0.1871977393056303,0.4423341016371318,-0.30957726366495253,0.5745234443310361,-0.2920967832815293,-0.7481862413168259,-0.9042384493872582,-0.5947096903534533,-0.06060684103777312
1.5519752942986196,0.027363367151798,-0.05879353797511433,0.04281184919265116,-0.7404686625983834,-0.7462201058552537,2.2936681790981353,-1.155215534217626,-0.14398875343630438,-0.2133619204094713,-0.5527067055968233
-0.7323518078458453,-0.25679066159692887,0.09268261541074431,-0.3480251368943408,-0.8517887726866669,-0.7462201058552537,-0.8646590249513121,-1.208681246420697,0.48832800265407306,0.43441412142327107,0.0911952914613307
-0.9400179080407967,0.4598473548834297,0.07973549468120768,1.6235303262555965,0.45698436020225114,-0.7462201058552537,-0.18127828489382933,-0.5119022873871241,-0.3187648312765996,-0.7591286751486369,-0.24621948847765715
-0.1785755406593084,1.4322001304779846,-0.2665031204950861,0.9547648167289657,-0.6228028062297675,0.5745234443310361,0.08653308620977876,-1.228227850882035,-1.0665492664206255,-0.8416174749949182,-0.17428914598822026
0.5828668267221799,-1.085047265665691,-0.8014403725988117,-0.9299379828460843,-0.633938726745059,0.5745234443310361,0.6313907032826365,-0.04278378031501552,-0.2235039960573396,-0.6098233267436486,-0.5929603024750436
-1.5630162086256507,-0.7679351453132512,-0.6299708203870874,-0.790973721126265,-0.761328966032239,-0.7462201058552537,-0.28286190841588754,-0.6924209285888913,-0.3019695325051596,-0.3320365519415177,-0.471932378431272
-1.4937941752273336,-0.03064237623648632,-0.9157980071268519,0.6073541624294173,1.0549166245000363,-0.7462201058552537,-1.0124170228015785,0.6723919829174637,-1.4541532708802594,-1.3408329882858443,0.795382043480467
-1.701460275422285,-0.6819074345298543,0.027433311577541492,-0.21774614153201013,-0.7406024088721258,-0.7462201058552537,-1.086296021726712,-1.0592072123045841,1.382152809146634,0.15644114165534737,0.5996375644970892
-0.2477975740576255,0.15288251196797062,-0.29735509638473545,0.9113384849415221,0.34829184998426094,0.5745234443310361,-0.9570077736077286,-0.2882661363441703,-0.6021854980446459,-0.8553035399807009,0.6447473829174767
-1.2169060416340651,-0.38112574181330267,-0.019168923056262454,0.01675605012018503,-0.24484200953864277,-0.7462201058552537,-0.569143029250779,-0.4107198642931399,0.49121469463041423,-0.14241782844235348,-0.2756673740601824
0.23675665973059432,-0.25679066159692887,-0.36279904086647147,0.3381109053472673,-0.29959156110384577,-0.7462201058552537,-1.0031821479359369,-0.6866719272767331,-0.36587039579962216,-0.7316324085332099,0.53395077837409
-0.04013147386267415,0.22907604401214873,-0.21433291261027138,0.3033698399173125,1.0739744396908404,0.5745234443310361,0.7883835759985446,1.0679232731939472,-0.5372349285769686,-0.5574686971948613,-0.4619797351416259
-0.524685707650894,-0.058731941713656796,0.05953716296368022,0.3554814380622447,-0.34631427860952313,0.5745234443310361,-1.0401216473985035,-0.7527854423665523,0.14048161950495708,-0.2953231395193391,0.9712707050343882
-0.8015738412441624,0.41853711758142526,0.10494211007404403,-0.33933987053685205,0.3713867450071051,0.5745234443310361,-0.5968476538477039,1.113340383559997,-0.2578818732301304,0.4410554318698869,0.0014983786371488216
-0.5939077410492111,-0.25679066159692887,-1.0058539619680205,-0.0961524125271682,0.23790796381217433,-0.7462201058552537,-0.1443387854312627,0.4539299330554522,-1.5719827888236417,-1.3836290962572593,-0.39658646597431635
-0.10935350726099127,-0.884430312229309,-0.2665031204950861,-0.8604558519861747,-0.5456826471549099,-0.7462201058552537,1.0007856979083027,0.09059305012705456,1.2533013763844947,0.7717554511181839,-0.5831758542948378
-0.04013147386267415,-0.6361552467238233,-0.5361047813649603,-0.582527328546536,0.17647315619483125,-0.7462201058552537,-0.9662426484733703,1.3116809288294546,-0.259194005946649,-0.38234292686658244,0.07645513378206659
-0.04013147386267415,-0.25679066159692887,-0.04673493747516006,-0.24380194060447627,-0.29959156110384577,0.5745234443310361,-0.7630754014292538,-0.2675697316204009,0.2269511655235414,0.07631093804244371,-0.06796565190438723
-1.147684008235748,-1.1570516689134671,-1.0438370292486407,-0.9646790482760392,-0.48098031518829054,-0.7462201058552537,-0.4121501565348708,0.6137521695334502,-1.4077037727154962,-1.3315227399961962,-0.5429112642722096
0.7213108935188142,1.2517693797551535,-0.5764037336310729,-0.24380194060447627,0.8662973410935788,-0.7462201058552537,1.4717643160560274,1.794022138919527,-1.2930233732917589,-0.7222290577606654,-0.43002376366245
0.3752007265272286,0.4944197472554174,1.1040355554705696,0.47707516706708664,0.08200713423307267,-0.7462201058552537,1.674931563100144,-0.30953744119915566,0.8782938460034407,0.6663324063184028,-0.4993119038934604
-0.2477975740576255,-0.6472591468382999,-0.6218977933275122,-0.3480251368943408,-0.4479593890187784,-0.7462201058552537,-0.1443387854312627,-0.4360154700666359,-0.47044737330616504,-0.731446203567417,-0.4711183360878708
-0.8707958746424795,-0.44187323412548196,-0.6154981026064642,-0.4261925341117392,-0.16256747483725054,0.5745234443310361,-0.9570077736077286,0.22741928135641948,-0.690098390051401,-0.6689744375438789,0.19821300261451943
0.0983125929339601,-0.46173584457618616,-0.14863622190487125,0.1557203118400044,-0.1699564420527738,-0.7462201058552537,0.5390419546262198,-0.4072704635058449,0.3669557263760902,-0.40108756008974045,-0.5170383492511168
1.5519752942986196,-0.03898842102484493,0.3602849754824995,0.7636889568642141,1.4906969641474979,1.8952669945173257,0.7883835759985446,0.9627165491814524,0.5997280702865134,-0.24275127084379336,-0.48954944200207023
-1.770682308820602,-0.7925720838411323,-0.9798617487768875,-0.6085831276190021,-0.6466158158608594,-0.7462201058552537,-1.1417052709205617,-0.5941130061509862,-1.3659779523302005,-1.2643648156668685,1.0982024972823952
0.8597549603154484,-1.1695890388258041,-0.7889384239549765,-1.355516034363031,-0.9665574790025242,-0.7462201058552537,-0.5044989051912874,-0.47625847925174325,0.17840225501234835,0.9649120689674143,-0.5333439306940586
0.4444227599255457,-0.48813228552874754,-0.7902925704749587,0.05149711555013987,-0.24567123643584568,0.5745234443310361,0.26199570865697014,-0.4383150705914992,-1.0426684509799846,-1.1276593366138703,-0.4966916879238496
1.4135312275019853,-0.8328295481250967,-0.5722184385613758,-0.877826384701152,-0.3731211471374646,-0.7462201058552537,1.610287439040652,0.6994122890846072,0.019240556498626087,-0.031222429702990922,-0.5930213144265072
1.3443091941036682,-0.6240671478189531,-1.0055578319853455,-0.4261925341117392,-1.0112698871321042,-0.7462201058552537,1.9612126839350355,-1.5030301136031965,-1.5016524752182374,-1.3471949912837702,-0.5853305105987762
-1.0092399414391138,-0.16232758870375397,0.3484023853682002,-0.24380194060447627,-0.4268892068168963,-0.7462201058552537,-0.6522569030415539,-0.4923556829257862,0.7851324231306104,0.6720426919360538,-0.14443451406260452
1.6904193610952538,-0.3435865989590906,-0.12185241796374686,0.1557203118400044,-0.6159982073487494,-0.7462201058552537,1.213187819818061,-1.017814402857045,0.21632289051973966,-0.36980512583652314,-0.5427232815028353
-1.0092399414391138,-0.9272735861792806,-0.5452470291758821,-1.1991812399282344,-0.8431940313724813,-0.7462201058552537,-0.4121501565348708,-0.20720521784273993,0.38388223841918206,1.2449953716809918,-0.48476027864079085
1.0674210605103998,-0.09819067486919128,0.3906890433737172,0.4162783025646657,-0.8294346262568577,-0.7462201058552537,1.2870668187431942,-1.3570054802743785,0.745243588548441,0.005366846075325896,-0.5255250567339761
-1.5630162086256507,-0.41375828886299015,0.3507233513344773,-0.0961524125271682,-0.8757005487968301,0.5745234443310361,-1.058591397129787,-1.323661272663861,1.3427888276510722,0.4629345153505597,0.7207204542628999
-0.8015738412441624,-0.5145506897570676,-0.053886483070829584,-0.13957874431461176,-0.29959156110384577,-0.7462201058552537,-0.5783779041164206,-0.36702745432073763,0.6943328391475142,-0.04590158783966924,-0.3127681371222316
1.6904193610952538,1.1226382522222413,1.9533665711029269,0.1644055781974931,0.5895454361958109,-0.7462201058552537,0.6683302027452033,0.6218007713704715,1.0404734497651558,2.035994066369486,-0.3526210338867859
-1.4245721418290165,-0.8667571963353636,-0.16865906436297823,-0.6433241930489569,-0.7278965128665964,0.5745234443310361,-0.9847123982046536,-0.7579595435474948,1.5208452372826644,0.46982409908489914,-0.06234485716865407
-1.6322382420239678,0.2779323747920958,-0.7478340710936616,-0.1048376788846569,-0.9668496631697768,0.5745234443310361,-1.0401216473985035,-1.4685361057302475,-1.2800332593982233,-1.0296534562848425,1.3323603207701196
1.6211973276969367,0.359075453046727,0.805127448840597,0.1817761109124705,-0.35791110936048093,-0.7462201058552537,0.5667465792231449,-0.6791982255709275,0.6816051517972824,0.6803598470748059,-0.4242254296445301
-1.4937941752273336,1.152845321518961,2.3219256743046173,1.6495861253280626,0.14260242677830953,0.5745234443310361,-0.8369544003543872,-0.7545101427601998,1.3423951878361164,0.6553463133366181,0.7780848804119372
-1.0092399414391138,-1.1524008232533345,-0.7654752363791887,-1.2252370390007006,-0.8807705613891581,0.5745234443310361,-0.5229686549225707,-0.3428816488096732,0.23744822725569126,0.2630745187327826,-0.5253711527122662
1.275087160705351,1.5235156219185209,2.627012253569153,0.24257297541489148,-1.020010720529916,-0.7462201058552537,0.5944512038200699,-1.5760424302676055,1.2140686081605845,2.6365671493737133,-0.2951356831492624
-1.2861280750323822,-0.7433892323615707,-1.0058744161727189,-0.8430853192711972,-0.9594298314295436,1.8952669945173257,-0.9754775233390118,-1.2483493554745886,-1.4666185316871874,-1.25849935924439,0.016023070686019183
-0.8707958746424795,-0.9190341852965509,-0.3542567396328558,-0.6085831276190021,-0.6609410705961624,0.5745234443310361,-0.44908965599743744,-0.6286070140239354,1.0808871374339328,0.020325311660693554,-0.47495494348621003
-0.10935350726099127,-0.16617799498067562,0.09910927441442041,-0.2785430060344311,-0.849259939295445,1.8952669945173257,0.08653308620977876,-1.228227850882035,0.354884105384118,0.3432047223456862,-0.42604589435846985
1.1366430939087169,-0.1377284758174577,-0.6047363247407128,0.6420952278593721,-0.1410055178749925,-0.7462201058552537,1.5364084401155191,-0.6487285186164891,-0.8971529327180571,-1.0584841918217855,-0.5394017029200038
-0.2477975740576255,-0.25679066159692887,1.3671005997013181,0.1730908445549818,0.2066689495359074,0.5745234443310361,0.012654087284645435,0.0911679502582703,2.8785089590645976,1.3408288607424352,-0.4280862219605666
-0.3862416408542597,-0.25679066159692887,-0.6137191079239206,-0.730176856623844,-0.1864442711527427,-0.7462201058552537,-0.5229686549225707,0.8149672154589869,-0.8365324012148916,-0.37514300152258795,-0.26339297867159867
-1.6322382420239678,-0.5969146821074931,-0.9165490803121219,-0.24380194060447627,0.430222759643884,-0.7462201058552537,-1.13247039605492,1.0230810629591136,-1.2831823779178682,-1.235068567715443,1.3402000817045772
-0.5939077410492111,-0.25679066159692887,0.6755190550640352,0.737633157791748,2.301265227345918,-0.7462201058552537,-0.08892953623741276,1.8273663465300445,1.5814657687858296,0.048380193173499474,-0.4086904676245784
1.4135312275019853,0.7260039433661722,1.7675799875730944,1.006876414873898,0.25830324174040237,-0.7462201058552537,0.28970033325389516,-0.4222178669174563,1.3240253298048545,0.7494729235449594,-0.33368204470094376
1.0674210605103998,-0.25679066159692887,0.05281424369577104,0.21651717634242534,-0.3825471729838339,-0.7462201058552537,-0.49526403032564575,-0.7309392373803513,0.4135364378125054,-0.2105688459225768,-0.2777681639565223
-1.147684008235748,0.2843844531008506,-0.3400488842608457,-0.4435630668267166,-0.28719431034541415,1.8952669945173257,-0.9847123982046536,-0.0019658709986923777,-0.7403530730940684,-0.170441675794194,0.8979447828623749
-0.6631297744475282,2.639405481652607,1.8398325765882917,2.0577936441300317,-0.29959156110384577,1.8952669945173257,0.021888962150287062,-1.148891632774252,-0.03219504598890812,0.14291024747439238,0.049958357815828316
-0.6631297744475282,-0.8340382604010247,-0.6452820302787945,-0.6433241930489569,0.09102574835327278,0.5745234443310361,-0.7630754014292538,1.2846606226623116,-0.22271671642742843,-0.5438757346919751,-0.322900518322946
-0.04013147386267415,0.8173623852126367,-0.71066226707838,1.2934902046710253,-0.29959156110384577,0.5745234443310361,2.9308745448274096,-1.0109156012824552,-1.3481329473855457,-1.2356271826128218,-0.5276384887463851
1.3443091941036682,-1.0612534728905523,-0.8724158114951531,-0.9559937819185504,-0.6038005471834411,-0.7462201058552537,2.367547178023268,0.13198585957459344,-0.6399749202803854,-0.7966489757559184,-0.617506344966109
-0.04013147386267415,-0.25679066159692887,-0.1832990636648307,-1.0341611791359488,-0.8000660021780038,0.5745234443310361,-0.5414384046538541,-0.4434891717724415,-0.029177140740915073,1.7496728973018443,-0.25317045368674
1.275087160705351,-1.0444803632299247,-0.5816992881430723,-1.329460235290565,-0.29959156110384577,-0.7462201058552537,-0.9015985244138787,5.061754484750244,0.6910525073562175,2.235574755538573,-0.31963500477659446
-0.04013147386267415,-0.4643201900238095,0.2944602180050056,-0.2698577396769424,-0.39695473311836305,0.5745234443310361,2.967814044289976,-0.4158939654740822,1.3591904866075561,0.6314500093931883,-0.5921314193866918
0.02909055953564297,-0.8665331709226234,-0.14926886915338325,-1.1036433099958585,-0.6438585849867849,-0.7462201058552537,-0.4675594057287208,0.4631283351549056,1.5877640058251192,2.329484126620156,-0.45656890946408274
-0.2477975740576255,-0.36078872460620753,-0.636082849426769,0.3033698399173125,-0.2838588840417764,-0.7462201058552537,0.6498604530139197,-0.6487285186164891,-0.8032042302153158,-1.0120570870174077,-0.5135221920122663
-0.8015738412441624,-0.6745892710470093,-0.754295254710364,-0.4522483331842053,-0.6281752911642513,0.5745234443310361,-0.3844455319379459,-0.7004695304259129,-0.795725073731159,-0.8967962131915654,-0.42817966368803334
-0.3170196074559426,-0.0035619012622357714,-0.042968888461004766,-0.5130451976866263,0.20061538742282758,-0.7462201058552537,0.17888183486619533,1.1765793979937373,-0.08743583335434682,0.4713758071331738,-0.4165307782162563
-1.2169060416340651,-0.8999624968095623,-0.8710601015964677,-0.7475473893388215,-0.8349387998301033,1.8952669945173257,-0.28286190841588754,-0.9471016867174993,-0.9034511697573471,-0.9653817089253057,-0.5008036735896055
1.275087160705351,2.7680255969695304,0.849477245607942,2.7265591536566625,1.798074708097298,-0.7462201058552537,-0.3198014078784542,-0.05773118372662677,-0.644567384788201,-0.5839408364984271,0.3395996804444069
0.1675346263322772,-0.42950522547288544,-0.8138805677838754,-0.9733643146335279,-0.8779474861957027,-0.7462201058552537,-0.1628085351625461,-0.8539678654605366,-1.130187703171784,-0.5888442339309751,-0.4258095417537011
-0.2477975740576255,-0.25679066159692887,0.975152960256912,1.0763585457338076,-0.5502320780971327,-0.7462201058552537,0.2527608337913285,-1.183385640647201,2.143452211270803,0.08217639446492178,-0.46339510248413646
-1.078461974837431,-0.9858852719421114,-0.7529158335680153,-1.2512928380731667,-0.9182359791168797,-0.7462201058552537,-0.5414384046538541,-0.4969548839755127,-0.2787447834227783,0.46119660233649196,-0.47212805640173167
-1.770682308820602,-0.41221915130509024,-0.5232634492609987,0.1557203118400044,0.24735250837336945,0.5745234443310361,-1.1417052709205617,0.16418026692267929,-0.5209644828921363,-0.8385450930593344,1.9548932940710768
1.3443091941036682,-0.25679066159692887,-0.4759380216954626,1.1718964756661834,-0.1800758908876231,0.5745234443310361,-0.9015985244138787,-0.8775387708403851,-0.5780422560607013,-1.0493291143369652,0.17318710937005136
0.1675346263322772,-0.2865506562137578,0.4051054795210295,-0.24380194060447627,-0.5586827849626728,0.5745234443310361,-1.13247039605492,-0.7257651361994089,1.1399331096772758,0.7575418053959879,1.9757005681490325
1.275087160705351,-0.9478583003296558,-0.6823046619094909,-0.9646790482760392,-0.6092985478517448,-0.7462201058552537,2.700002673186368,0.13601016049310438,-0.08901039261416942,-0.18325878427294265,-0.6139802938972915
1.205865127307034,0.14903625430980336,-0.9756841403191471,-0.07878187981219077,-0.20896508601598482,-0.7462201058552537,2.450661051814043,-0.27561833345742237,-1.5709330826504264,-1.3444950192797724,-0.5498446404502398
-1.3553501084306994,0.8492064506625823,0.15288246659612384,1.302175471028514,1.6777318686188532,0.5745234443310361,-0.7169010271010455,0.6315740736011406,-0.4750398378139807,-0.6242231774316375,0.32519866127012487
-1.2169060416340651,-0.7605064333424201,-0.9861777987373208,-1.0775875109233923,-0.6016009353891236,-0.7462201058552537,-0.513733780056929,0.5499382549684944,-1.4004870427746432,-1.0719219835198444,-0.4137621547971395
1.4135312275019853,-0.09254098823482601,-0.6797924426152038,0.19914664362744794,-0.7786336762195268,1.8952669945173257,-0.9015985244138787,-1.2512238561306677,-1.048441834932667,-1.0330982481520123,0.2759504736374026
-0.3170196074559426,-1.036319542067132,-1.0123460223141085,-0.9473085155610618,-0.4039733260373689,1.8952669945173257,-0.28286190841588754,0.8339389197891091,-1.3398665112714776,-1.2388237011922676,-0.5306214784814549
-0.1785755406593084,-0.5256292100862231,-0.9380848825101323,-0.9907348473485054,-0.8614020433162757,-0.7462201058552537,-0.33827115760973764,-0.7671579456469478,-1.3659779523302005,-0.9741023081566094,-0.4048566085123411
-0.524685707650894,1.0110325985628958,1.5929047273307093,1.6582713916855512,-0.9594483501443696,-0.7462201058552537,-0.45832453086307906,-1.5737428297427423,0.8175421012286234,0.18896494234718436,0.04461349100473219
0.5136447933238628,-0.692707509329667,0.21329154996459854,-0.21774614153201013,-0.29959156110384577,0.5745234443310361,1.1300739460272862,-0.2934402375251127,1.9432207587300443,0.43140380780961834,-0.5697834561199758
0.4444227599255457,-0.7109765621058689,-0.8945249828325171,-0.30459880510689724,-0.4714699263077144,1.8952669945173257,1.3055365684744775,-0.5205257893553614,-1.1577424902186775,-1.1874311306334104,-0.5765959077095199
-0.04013147386267415,-0.899218185797735,-0.1981678373835668,-0.9038821837736182,-0.8077286348459539,0.5745234443310361,-0.6060825287133457,-0.6947205291137546,1.5712311335969833,1.109593327388544,-0.42544731764546245
0.4444227599255457,-0.8981822512911097,-0.5641834537169087,-0.6433241930489569,-0.3526209298252232,-0.7462201058552537,0.3174049578508202,0.17797787007185903,0.2215714213858146,-0.37138786804576335,-0.5570248127202264
-1.4245721418290165,1.0190711574906306,1.4836857883181265,0.885282685869056,-0.4989640449191938,-0.7462201058552537,-1.0955308965923534,-1.0960008207023966,0.7058796070528792,0.6246535281417454,3.2368703719940046
0.30597869312891146,-1.20123177424796,-0.8346406735820421,-1.3642013007205198,-0.9949569570054906,0.5745234443310361,-0.8554241500856704,-0.7085181322629343,0.03826648088814766,0.67495990306681,-0.4456367770076974
-0.9400179080407967,1.930779668169073,-0.8820821820162816,1.66695665804304,1.6239473478595763,-0.7462201058552537,-0.32903628274409585,0.3355005060249937,-1.5966508838941937,-1.3752188386356106,0.15723770580592378
0.652088860120497,-0.6253324765390594,-0.6896832882617825,-0.6954357911938892,-1.0315293611516092,-0.7462201058552537,0.8253230754611114,-1.5064795143904914,-0.6771082761578656,-0.5887821656090442,-0.5515914510966471
-1.0092399414391138,1.6067835250846207,1.0540302362448417,1.0416174803038527,1.5601977008889991,0.5745234443310361,-0.19974803462511276,0.7500035006315995,-0.08166244940166445,0.1644169210234793,-0.008415238989849349
-1.078461974837431,-1.20123177424796,-0.759170130069677,-1.4076276325079633,-0.9123820075969232,0.5745234443310361,-0.6153174035789872,0.4539299330554522,0.5450121360076825,1.8798922367130546,-0.523673261558474
0.1675346263322772,-0.4359153295213011,-0.10860200176581321,-0.22643140788949884,-0.7325570560977743,0.5745234443310361,0.24352595892568688,-1.0408104081056777,0.40553242824174107,-0.035660314721056324,-0.487465141822342
1.6904193610952538,-0.5381765854908503,-0.8449867229943335,-0.38276620232429565,-0.5477690890252916,1.8952669945173257,2.1736148058447933,-0.5969875068070652,-1.1389789923724596,-1.0836839305257664,-0.5839145935990452
0.4444227599255457,-0.7433872800703921,-0.005976742715018449,-0.5304157304016037,-0.35983911333735236,-0.7462201058552537,1.3147714433401192,-0.03071087755948337,1.5162527727748483,0.5736023333535087,-0.5794947998898695
-1.0092399414391138,0.2800115648972658,0.5286238618413112,-0.15694927702958916,0.13295006108406845,-0.7462201058552537,-0.5783779041164206,0.36826981350429533,0.4178664757770173,0.7975138047195434,-0.06070632899466422
1.5519752942986196,-0.013888057378452315,0.9358262992625551,-0.7214915902663553,-1.0087719182655919,1.8952669945173257,0.8807323246549611,-1.4397910991694565,1.4722963267714713,3.1974475405030742,-0.4939445011363282
0.30597869312891146,5.753805549384216,1.7620914860728234,2.7265591536566625,3.625098190658232,-0.7462201058552537,0.17888183486619533,0.9632914493126682,-0.7892956234202172,-0.14915224137186556,0.431028013512825
1.205865127307034,-0.15601387903227984,-0.0163739927798356,-0.2698577396769424,-0.33632240314347434,-0.7462201058552537,1.2593621941462692,-0.3066629405430766,0.1385134204301789,0.1537411696513494,-0.5290016386529584
-1.0092399414391138,-0.9195766782077941,-0.6686278341702928,-0.9733643146335279,-0.510593797829842,-0.7462201058552537,-0.218217784356396,0.5326912510320198,-0.10961087626351358,-0.12128356482485245,-0.5141059279803231
-0.04013147386267415,0.6283161735188052,-0.7293624911536835,1.5887892608256415,3.6175014023096628,0.5745234443310361,0.14194233540362866,1.89405476175108,-1.334355553862099,-1.273271619863965,-0.314833199299246
-1.078461974837431,-0.5818625171207693,-0.8296676962091111,-0.5564715294740699,-0.5624215077225183,0.5745234443310361,-0.44908965599743744,-0.45441227426554215,-1.0736347830898267,-0.9833504881243263,-0.38561036094029966
1.6211973276969367,0.4526058188293432,-0.18209747684995706,-0.1743198097445666,0.4804475718866321,1.8952669945173257,2.450661051814043,0.9776639525930637,-0.632233337252925,-0.19452418470341665,-0.5327079772900646
1.0674210605103998,-1.1430259210138727,-1.0212940203211727,-1.1644401744982795,-0.8013108713412986,0.5745234443310361,0.26199570865697014,-0.09509969225565507,-1.2884309087839432,-1.1479246437243376,-0.5877440554535194
-1.0092399414391138,-0.11522880805730887,-0.24646255974501083,-0.38276620232429565,-0.12111436051702429,0.5745234443310361,-0.7446056516979705,0.24236668476803072,-0.3039377315799378,-0.07963572080916043,-0.02964574912750754
-1.0092399414391138,-0.8058544968744885,-0.24089940691166806,-0.6520094594064456,-0.3621107423559927,0.5745234443310361,-1.0124170228015785,0.17107906849726934,1.02603998988345,0.33265310761741856,0.06785904451234907
1.275087160705351,0.4282136488079746,0.9892572417898433,1.215322807453627,0.10442918261724354,0.5745234443310361,1.480999190921669,-0.6464289180916258,0.8241027648112169,0.01418054778952586,-0.49385435735218386
-1.770682308820602,0.3757409426561364,0.8797277115415821,1.2674344055985594,1.6513529881668876,0.5745234443310361,-1.1417052709205617,0.6373230749132989,0.7550845839223316,-0.09201835103439236,3.729661155679088
0.9981990271120826,0.2191191149650781,-0.2665031204950861,0.27731404084484634,-0.35472383277545017,-0.7462201058552537,2.469130801545327,-0.725190236068193,-0.6021854980446459,-0.6013199666391035,-0.5463911441345142
-1.0092399414391138,-0.4705189585521457,-0.46420238917925244,0.00807078376269632,1.169814961819675,-0.7462201058552537,-0.13510391056562104,1.7100867197620175,-0.32335729578441524,-0.7019637506501983,-0.4391420272915403
1.6211973276969367,-0.4985602048226467,-0.8891018826746584,-0.912567450131107,-0.29959156110384577,-0.7462201058552537,-0.28286190841588754,1.0702228737188106,-1.2631067473551318,-0.8899376636181914,-0.4130267134362544
0.5136447933238628,2.0667931101792156,0.387432134690531,2.4225748311445576,3.0555201363938385,-0.7462201058552537,1.3240063182057606,0.8195664165087135,-0.7437646181570172,-0.7506873833660229,-0.3512347983769561
0.1675346263322772,0.6244957837187542,1.8864977372148946,0.39022250349219956,0.6037925008018493,-0.7462201058552537,-1.0216518976672202,0.38034271625982746,1.59970441354544,1.5675644407563292,1.4996501447682213
-0.2477975740576255,-1.0116918769223493,-0.8299914458822066,-1.0081053800634827,-0.6706510500698618,-0.7462201058552537,-0.33827115760973764,0.020455234118724658,-0.5514059619153711,-0.5908614543937322,-0.5177210235188442
0.23675665973059432,-0.7842438537097781,-0.30135018037889155,-0.7562326556963102,-0.36792973408127816,1.8952669945173257,1.213187819818061,0.37804311573496413,0.7596770484301472,0.41095229573335823,-0.5801769245003766
-1.3553501084306994,-0.5301985475896508,-0.20559766438838434,-0.5564715294740699,-0.5070505503931583,0.5745234443310361,-0.947772898742087,-0.327359345266846,0.3716794041555577,0.23517480802480403,0.10678247091721975
-1.078461974837431,-0.42855690003289826,-0.43395778591574874,-0.9646790482760392,-0.5167667027717997,-0.7462201058552537,-0.8461892752200286,0.4803753390913802,-0.31062960843418347,0.6055054508260359,-0.036058050260605795
1.6211973276969367,-0.26722541390995314,-0.6006982478322221,-0.4088220013967617,-0.8324346580586491,0.5745234443310361,0.779148701132903,-1.146017132118173,-0.8045163629318346,-0.6557538849725787,-0.512409685798192
-0.04013147386267415,1.886804309371932,0.5116635479809744,0.45970463435210923,-0.726731891467547,-0.7462201058552537,3.2356254153935837,-1.2437501544248621,-0.6028415644029053,0.09415558059760214,-0.4859904115000292
-0.9400179080407967,0.6784051321416177,1.358992005776248,1.6235303262555965,1.6648016904004324,-0.7462201058552537,-0.3659757822066625,0.3929905191465754,0.941932282754599,0.05784561226797493,-0.10863533929844463
1.205865127307034,0.17149004322725567,-0.8680145096013142,0.5031309661395528,-0.5989753931538109,-0.7462201058552537,2.0073870582632436,-1.1063490230642812,-1.421087526423987,-1.285716318411128,-0.5351545015780313
0.4444227599255457,-0.4361403310796305,-0.5178849053961775,-0.7822884547687763,-0.8478957273032722,0.5745234443310361,-0.28286190841588754,-0.9545753884233049,-0.4833062739280487,-0.06619792911110171,-0.39937707568224884
-0.7323518078458453,-0.2795748757963532,-0.8284177749360006,-0.0961524125271682,-0.6913570308801684,0.5745234443310361,-1.0493565222641452,-1.0293124054813614,-1.2300410028988595,-1.1421212556237903,0.8034625542774563
-0.6631297744475282,0.5370826783077691,-0.02191056817522613,0.47707516706708664,-0.9441683527780437,0.5745234443310361,0.16041208513491192,-1.499005812684686,-0.4899981507822942,-0.4465836400651536,-0.33283777121042096
-1.6322382420239678,0.36403207631270224,-0.2585552940133157,-0.460933599541694,-0.6741428566320292,-0.7462201058552537,-1.0216518976672202,-0.7895790507643647,-0.6782891956027324,-0.00428477798494264,1.2445817116451072
0.02909055953564297,-0.2959070116870228,-0.23953418645920568,-0.191690342459544,-0.0679203809971947,-0.7462201058552537,0.41898858137287825,0.0756456467154433,-0.08494278119296121,-0.2618683139985373,-0.48675333572193386
-1.3553501084306994,-0.790302301309655,-1.0509957403300327,-0.24380194060447627,-0.5679215660258026,-0.7462201058552537,-1.104765771457995,-0.7418623398734517,-1.59218963265803,-1.4377526729810797,0.6033015795282252
-1.2169060416340651,1.3050581436196311,2.286453653784257,0.5812983633569512,0.3522939500216301,0.5745234443310361,-0.28286190841588754,-0.07555308779431712,1.1481995457913439,1.6762460724574872,-0.01861962528643507
0.1675346263322772,0.8048218428271348,2.134652447909717,1.4411397327483335,3.2929650402562003,-0.7462201058552537,0.5298070797605784,1.8089695423311385,1.6021974657068256,0.6764805769541192,-0.36700171574391344
0.5136447933238628,-0.5764878595061841,-0.2129222238938611,-0.5043599313291376,0.6101135554624137,0.5745234443310361,-0.4306199062661541,2.0481279969169193,0.4526379927647637,0.1395895922510846,-0.39022143536217185
-1.078461974837431,-0.7609173906355077,-0.5908398422937323,-1.0515317118509262,-0.9583557459696432,-0.7462201058552537,-0.8184846506231037,-1.0862275184717276,-0.1954243559238386,0.35651837739988296,-0.24312436866962728
-1.5630162086256507,-0.5026753905906611,-0.3258700816764011,-0.7736031884112876,-0.3118468350486123,0.5745234443310361,-0.9939472730702953,0.5821326623165802,0.03918497378971067,0.39040768117420155,0.2755321844926839
1.6211973276969367,0.34223108475808206,-0.06333424113664445,1.336916536458469,0.8210705242188356,-0.7462201058552537,3.1432766667371674,-0.09969889330538174,-0.4148129461257708,-0.7861594293495818,-0.5559942054319906
-0.8707958746424795,-0.8381117159450973,-0.38688328063205674,-0.7736031884112876,-0.6840997523034068,0.5745234443310361,-0.5506732795194956,-0.490056082400923,0.6566746301834266,0.24057475203279968,-0.4247904772670935
0.0983125929339601,-1.1059633812436276,-0.7569148260089291,-1.060216978208415,-0.8731778883105501,-0.7462201058552537,-0.44908965599743744,-0.7050687314756393,0.08287899324978462,-0.23238586108131848,-0.524488403216316
-1.0092399414391138,1.7848573722821315,0.9082752672228952,0.7463184241492367,0.06234231672297632,0.5745234443310361,-0.40291528166922913,-0.4854568813511963,-0.27717022416295567,0.24650227677720915,0.19218271324959388
-0.3862416408542597,-0.6811187088937146,-0.18023848929043926,-1.0081053800634827,-0.7416188805525681,-0.7462201058552537,-0.7630754014292538,-0.2629705305706743,0.8033710678902208,1.6202294119147715,-0.25536523496776703
0.5828668267221799,1.8390734744564265,-0.2665031204950861,1.8319767188353253,1.803624149640118,-0.7462201058552537,-0.7907800260261789,0.365970212979432,-1.1482951346597425,-1.012460531109959,0.9516732264985159
1.6211973276969367,0.18134374487825983,-0.1801380422087666,-0.01798501530976981,-0.7334068593447838,0.5745234443310361,3.0878674175433174,-1.1247458272631874,-0.45601391342445896,-0.32098839063780205,-0.5625741520173085
1.4135312275019853,2.7738505017371717,1.5527860847416852,2.7265591536566625,3.8461890116943676,0.5745234443310361,0.3081700829851784,1.0868949775240695,-0.24790966458458796,-0.24886500055399563,-0.0612345495834613
-0.3170196074559426,0.06479025326324273,-0.11240218454831898,-0.5738420621890472,-0.13249102432505222,-0.7462201058552537,-0.781545151160537,0.567185258904969,-0.2615558448363827,0.4493105186867079,0.10347738205099992
-1.4245721418290165,-1.1984807519409668,-0.5877349721894203,-1.3120897025755875,-0.29959156110384577,0.5745234443310361,-0.947772898742087,4.676571396835645,1.6702971536941482,1.9802877474364253,-0.37876932717529527
-1.701460275422285,-0.7313030857478792,-0.8381352158280961,-0.5477862631165811,-0.651130267008411,-0.7462201058552537,-1.086296021726712,-0.6654006224217479,-0.9774554549690037,-1.0040502734883103,0.5301020785169022
0.3752007265272286,-0.7162023575180885,-0.21509063015502966,-0.31328407146438597,-0.583660415992814,1.8952669945173257,0.0495935867472121,-0.7217408352808982,0.8080947456696883,-0.10626303091755368,-0.5088215234634701
-0.5939077410492111,0.34309887818695345,-0.5151604574429477,0.9634500830864544,-0.39591151218317217,0.5745234443310361,-0.6614917779071956,-1.0166646025946133,-0.9966125926301771,-1.0433084871096594,0.04728042783807636
-0.04013147386267415,0.3310193205559895,1.407238784524131,0.4423341016371318,1.8043669558681337,-0.7462201058552537,-0.6984312773697622,1.744005827503751,1.4970956351136753,1.0078633477436572,0.09045215489936019
-0.7323518078458453,-0.6936956127024175,-0.2665031204950861,-0.582527328546536,-0.8937501228471144,0.5745234443310361,-0.6522569030415539,-1.2012075447148916,0.5974974446684319,0.15731009816238106,-0.33440759223186184
1.6211973276969367,-0.18837164109858462,-0.2785963758896252,0.11229398005256083,0.3525840765539021,1.8952669945173257,0.6036860786857113,0.35849651127362653,-0.28451816737546065,-0.5287310641408145,-0.49066029924448334
-0.4554636742525769,-0.25679066159692887,0.6345500647420954,-0.13089347795712303,-0.16940705351293955,-0.7462201058552537,0.5944512038200699,-0.1617881074766901,1.504574791597832,0.9045195917285642,-0.49765523703119763
0.9289769937137655,-0.4731020838177824,-0.03488465718739094,-0.8344000529137086,-0.8240930058470837,-0.7462201058552537,-0.8369544003543872,-0.8326965606055512,0.6443405826481504,1.3086464358212186,-0.07359304252676505
1.759641394493571,-0.9915029898084275,-0.4374224936848858,-1.0689022445659038,-0.6512208029475598,-0.7462201058552537,0.7422092016703362,0.2946825967086706,1.0823304834221037,0.9959772640938732,-0.5861297121972266
1.1366430939087169,0.15201154606593398,-0.3233689363145942,0.24257297541489148,-0.8274881035651604,-0.7462201058552537,-0.28286190841588754,-1.3248110729262925,-0.6386627875638666,-0.6475608664776885,-0.2707627826826206
-0.9400179080407967,0.07059539108270081,-0.4379348910548194,-0.6606947257639343,-0.1283078524093856,-0.7462201058552537,-0.9570077736077286,0.7816230078484695,-0.7554425993340339,-0.0772460904148175,0.5829675603170269
-0.7323518078458453,0.20494718926348904,-0.24765398459831456,-0.2959135387494085,0.47087133868667513,4.536754094889905,-0.28286190841588754,1.2041746042920969,-0.566889127970292,-0.17581058564122423,-0.2591870016211557
0.0983125929339601,-0.44063035675392903,-0.0706522865641917,-0.1830050761020553,-0.9568104620991731,1.8952669945173257,0.021888962150287062,-1.4397910991694565,0.4973817183980525,-0.025636280729201908,-0.46014058208219283
0.3752007265272286,-0.14310606186881064,0.7397100817968132,0.00807078376269632,0.2516138704183009,-0.7462201058552537,1.5271735652498772,0.33780010654985676,1.4262404684216632,0.8316203476206204,-0.5394478741265167
1.205865127307034,4.596015616375802,0.8370205046649372,2.7265591536566625,4.086047521389035,-0.7462201058552537,-0.4860291554600041,1.2208467080973555,-0.9775866682406554,-0.5898683612428364,1.0670913489509624
0.1675346263322772,-0.887830959425969,-0.3617068905608132,-1.0689022445659038,-0.6904907665533137,-0.7462201058552537,-0.7353707768323288,0.12048785695027706,0.9239560645382923,1.282267399000549,-0.3633278068828103
-1.4245721418290165,-0.36263217555156607,-0.7951184599682419,-0.24380194060447627,-0.18398539735086294,-0.7462201058552537,-0.9847123982046536,-0.06290528490756922,-1.1262513050222278,-1.0519980521799976,0.35819953112526687
0.9981990271120826,-1.0971629406834584,-0.8043663661231799,-1.2165517726432118,-0.29959156110384577,-0.7462201058552537,-0.28286190841588754,3.1582601502946663,-0.19949196734504682,0.023056317825656942,-0.5439264811582744
1.205865127307034,1.6474761062650076,-0.2665031204950861,2.7265591536566625,0.9102710582651042,0.5745234443310361,0.7145045770734115,-0.5538699969658789,-1.1123426982271294,-1.115618082159259,-0.3035652262812009
1.6211973276969367,-1.1360686873626649,-1.0004360730725053,-1.121013842710836,-0.7056822856154714,0.5745234443310361,3.0601627929463926,0.23489298306222525,-1.1770308411515027,-1.0928079738496213,-0.6258440953422421
-1.770682308820602,1.604930068646972,1.0966358235057865,0.9634500830864544,-0.5542403510394438,-0.7462201058552537,-1.1417052709205617,-1.1655637365795106,-0.04767821204382921,0.24945052206893104,6.498234555988778
-0.9400179080407967,-0.44998475993601567,-0.7206548626222172,-0.3914514686817843,0.13852625188163692,-0.7462201058552537,-0.9570077736077286,0.7701250052241532,-0.9136858049461931,-0.8705723471757236,0.1921233502697915
0.7905329269171313,-0.6020162629934767,0.1683204404443388,-0.9559937819185504,-0.8273049740518823,0.5745234443310361,-0.1628085351625461,-0.6895464279328122,1.4816124690587542,2.465351683327086,-0.45930565276441665
-0.10935350726099127,2.06978719273794,4.0306952094478445,2.6483917564392643,3.6789115183072374,-0.7462201058552537,-0.6060825287133457,1.0420527672892355,1.7174027182171705,0.9764567768465777,0.5579735471913418
-0.04013147386267415,-0.25679066159692887,0.35873697000333565,0.3381109053472673,0.4467517414434661,0.5745234443310361,1.2778319438775525,0.24064198437438347,0.9873320747461474,0.03227346363240848,-0.5382122446950746
-0.9400179080407967,0.5402741863119256,1.4613669939529916,0.5899836297144399,0.37620572613179337,-0.7462201058552537,-0.19974803462511276,-0.05600648333297951,1.2378182103295736,0.889902501913817,-0.22289368501586299
-0.524685707650894,-0.25679066159692887,0.9319766094877849,1.4585102654633109,0.3587569814958598,-0.7462201058552537,0.18811670973183697,-0.5268496907987353,2.0624936226615973,-0.14517986876828232,-0.45506174936576665
-0.8707958746424795,-0.5274960885257244,0.044410301477377755,-0.08746714616967949,-0.8307329939296494,-0.7462201058552537,-0.5044989051912874,-1.2546732569179626,0.9571530222662163,0.03711479274302546,-0.3502778451562529
-0.7323518078458453,-0.2505313720420573,-0.3435060356995845,-0.8865116510586408,-0.9307566879741503,0.5745234443310361,-0.7353707768323288,-1.1276203279192665,-0.3364786229496026,0.6350189379042203,-0.09750807852881994
-0.7323518078458453,-0.6900594703823432,-0.808495509841125,-0.40013673503927305,-0.03780277778538337,0.5745234443310361,-0.31056653301281256,0.4361080289877619,-0.9307435302609366,-1.0154398105626463,-0.44914798733156436
0.652088860120497,0.7912146173489452,-0.9391748180292946,0.9200237512990108,0.09433236776718136,-0.7462201058552537,1.3055365684744775,-0.5360480928981884,-1.581823784197532,-1.38114636338002,-0.4535606354968749
-0.4554636742525769,-1.1120203646251205,-0.8514265404354271,-0.9820495809910166,-0.6730687711721285,-0.7462201058552537,-0.4213850314005125,-0.058880983989058285,-0.40287253840545045,-0.6987051637488215,-0.5302059376228382
-0.8707958746424795,-1.20123177424796,-1.0937656126363593,-1.09495804363837,-1.0219757619364394,-0.7462201058552537,-0.10739928596869618,-1.33343457489453,-1.7016215012156926,-1.4843349485902853,-0.5791501648126834
0.1675346263322772,-1.1111711179624455,-1.051482211669807,-1.0428464454934376,-0.7882346010392517,-0.7462201058552537,0.012654087284645435,-0.375076056157759,-1.483413830458627,-1.3343468486440562,-0.5706321268682618
-0.9400179080407967,-1.1218750424217143,-0.7633655871009442,-0.9212527164885956,-0.27780532192869656,-0.7462201058552537,-0.8369544003543872,1.180603698912248,0.11279561918641165,-0.5077519713281411,-0.4134230162921574
-0.04013147386267415,0.6550454801173117,-0.10308653198291416,-0.24380194060447627,0.03499634783010384,-0.7462201058552537,-0.5414384046538541,0.3240025034006773,-0.6467980104062829,-0.0086605946810772,0.02066712454111494
0.7213108935188142,2.1875330461902647,-0.2665031204950861,1.302175471028514,-0.6561714727110098,-0.7462201058552537,0.8622625749236779,-1.3092887693834654,-1.2041919883834407,-0.9215614736420291,-0.2741673595057314
-0.2477975740576255,0.00633279850351825,0.9065849942817513,0.7463184241492367,1.5329052305056234,0.5745234443310361,0.3543444573133867,1.0253806634839768,1.3853019276662792,0.24501263705086537,-0.44066402813480693
-0.04013147386267415,-0.45666501227626494,-0.8986055315291082,-0.9212527164885956,-0.8413092377302035,-0.7462201058552537,0.2989352081195368,-0.7878543503707173,-1.3024707288506938,-0.9104512440163827,-0.49603704617436223
-0.7323518078458453,-0.25679066159692887,-0.04995784267155447,-0.3740809359668069,0.2041462890496273,-0.7462201058552537,-1.0493565222641452,0.8644086267435473,0.22078414175590344,0.23768857506300892,0.8291216526398164
-0.6631297744475282,0.5821000725214682,-0.2665031204950861,1.215322807453627,-0.5814422854836705,0.5745234443310361,-0.6430220281759123,-1.2339768521941932,-0.7961187135461147,-0.9034064894772155,0.10970444870082598
-1.078461974837431,2.1026025230492205,3.2101570696716255,1.1632112093086948,0.8203215450858782,-0.7462201058552537,-0.44908965599743744,-0.0019658709986923777,1.1369152044292827,1.6960458671534715,0.32572798117336266
-0.3862416408542597,0.14224301311759438,-0.8708141300138501,1.119784877521251,-0.5608042066277255,-0.7462201058552537,-0.19051315975947097,-1.2006326445836757,-1.4193817538925129,-1.3390950752717765,-0.3059815194220461
1.275087160705351,-0.11036516265871268,0.08423463802554762,-0.47830413225667145,-0.8847603156166435,-0.7462201058552537,-0.5968476538477039,-1.2253533502259557,0.24912620843270816,0.6420636924433871,-0.17115005360255897
1.3443091941036682,-0.5117064455462982,-0.27528709401988594,-0.8604558519861747,-0.4863178203281032,-0.7462201058552537,0.622155828416995,0.28088499355949087,0.1722352312447104,0.7477039763699264,-0.5284453855459212
0.9289769937137655,-0.7946981289345879,-0.35631961783156657,-0.7996589874837537,-0.684359014310969,-0.7462201058552537,-0.6522569030415539,-0.4532624740031105,0.6187539946760353,0.3739906100234558,-0.3705173233255435
0.1675346263322772,-1.20123177424796,-0.6097030485988316,-1.3642013007205198,-0.7379686360968906,-0.7462201058552537,0.751444076535978,1.7675767328835996,1.5485312376012097,2.5226097103084215,-0.6083831344220353
-1.2169060416340651,-0.6825548630919452,-0.3548278939857134,-0.9907348473485054,-0.9576417466313567,1.8952669945173257,-1.104765771457995,-1.1402681308060147,0.32260564055775726,0.9555707865168008,0.7766486260950517
-1.2169060416340651,-0.1864908525844361,-0.7868165282102244,-0.5043599313291376,-1.037813378382522,0.5745234443310361,-0.6614917779071956,-1.5490221241004622,-1.1910706612182533,-0.9284510573763687,-0.1451111421009077
1.5519752942986196,-0.8450833477437472,-0.21747217704605115,-1.1818107072132569,-1.0124715459608051,-0.7462201058552537,1.7211059374283522,-1.212130647207992,1.2565817081757915,2.6962458409103567,-0.5958982203180413
-1.0092399414391138,0.7693472478942535,0.20000621830896292,1.3456018028159575,-0.3529666125019729,-0.7462201058552537,-0.5783779041164206,-1.0661060138791738,-0.3818784149411507,-0.6043302802527563,0.09452731353134974
1.6904193610952538,0.5225415255370341,0.7864165416774892,0.09492344733758341,1.1882163914516508,-0.7462201058552537,1.6287571887719356,1.5640620864331995,0.46943329153620333,0.7690554791141859,-0.49489101086984405
-0.4554636742525769,-0.25679066159692887,1.3314701568057123,-0.41750726775425046,-0.5958765948729482,0.5745234443310361,-0.6984312773697622,-0.6636759220281003,2.8117214037937934,2.6856631920211234,-0.13781664112907951
-1.5630162086256507,-0.4986817349485123,-0.5677548620825308,-0.24380194060447627,0.6570420364661563,-0.7462201058552537,-0.9293031490108037,1.4243613545477556,-0.5238511748684775,-0.7091947101551582,0.0826266850526329
-1.770682308820602,-0.37480495508630624,-0.17835057922491449,-0.12220821159963433,-0.5246618481925635,-0.7462201058552537,-1.1417052709205617,-0.7476113411856099,0.15124110778041067,-0.23533410637304036,2.039163441158324
0.652088860120497,-0.4608892823138817,0.4161194824842109,-0.16563454338707786,-0.2797374411755293,-0.7462201058552537,-0.8092497757574622,-0.3101123413303714,1.6199112573798284,0.6508773941575873,-0.10499166158446306
0.23675665973059432,0.5468477947465459,-0.9066457276359188,-0.23511667424698757,1.2899335190852286,1.8952669945173257,-0.49526403032564575,2.516671603857812,-1.5244835844856635,-1.2219721517880047,-0.05150781541139664
-0.04013147386267415,-0.7536338803210821,-0.5117559397538792,-0.5912125949040247,-0.16339670173445348,-0.7462201058552537,-0.28286190841588754,0.5321163509008037,0.029606404959124102,-0.32362629431986906,-0.4688053785044593
-0.7323518078458453,-0.2827944479862016,0.1351575302684237,-0.33933987053685205,0.3975722077708895,-0.7462201058552537,-0.28286190841588754,1.1627817948445576,0.6149488097981308,0.48999630371246966,-0.3658441376377669
0.7213108935188142,-0.7838355808170611,-0.9192697501001527,-0.6433241930489569,-0.9651212497860286,3.2160105447036154,1.4625294411903855,-1.3501066786997886,-1.1801799596711477,-1.1266041751410436,-0.5862990066211076
1.5519752942986196,-0.7781675914528967,-0.32359145721666555,-0.7736031884112876,-0.9453370894470544,-0.7462201058552537,0.21582133432876183,-1.2426003541624304,0.6709768767934807,0.39599383014799056,-0.5335225692906862
-0.524685707650894,-0.48803491500621676,-0.374144219551588,-0.5391009967590924,-0.8700091304403452,-0.7462201058552537,0.3912839567759535,-1.1667135368419423,-0.0950462031101555,-0.11681464564582135,-0.5086137530341618
0.5136447933238628,1.6581212179525218,-0.27521804479383327,0.5031309661395528,1.3456419285514158,0.5745234443310361,-0.5229686549225707,1.1208140852658028,-1.1211339874278048,-0.7069912847266082,0.29674565525650987
-1.6322382420239678,-0.25679066159692887,1.1682100364454064,0.285999307202335,-0.0255228122208489,-0.7462201058552537,-0.9847123982046536,-0.30953744119915566,2.5054696277583215,0.955074239941353,0.4464931690657869
-0.2477975740576255,-0.8101178127356765,-0.27476544665929237,-0.9646790482760392,-0.713384013348054,-0.7462201058552537,0.7606789514016198,-0.2520474280775737,0.9316976475657528,1.1111140012758536,-0.567776657608323
-0.8707958746424795,-0.34736965119035196,-0.9318632866796766,0.12097924641004955,-0.7461312740651392,1.8952669945173257,-0.4675594057287208,-1.186835041434496,-1.4095407585186224,-1.3117229453002113,-0.3156840686764136
-1.147684008235748,-0.042353682943893654,0.459887050966218,-0.24380194060447627,-0.4606385357695594,-0.7462201058552537,-0.9200682741451619,-0.5521452965722313,0.7654504323828295,0.8401237077251656,0.3634729424977119
-0.04013147386267415,-0.8472135414559572,-0.9148490362540839,-0.7388621229813327,-0.8341198611078035,0.5745234443310361,-0.28286190841588754,-0.9522757878984417,-1.114966963660167,-1.0740943747874288,-0.4892685671624497
-0.04013147386267415,-0.7077616266075696,-0.8318697151123958,-0.7128063239088666,-0.9416456922917636,-0.7462201058552537,-0.13510391056562104,-1.2615720584925525,-0.9807357867603004,-0.896703110708669,-0.48404572425428066
-1.078461974837431,-0.29751301521778867,-0.1470443115404625,-0.04404081438223594,0.03330908714596878,-0.7462201058552537,-0.49526403032564575,0.06759704487842176,0.09613153368662383,-0.2576787022681956,-0.2892329142594679
-1.701460275422285,0.3895106963749415,1.1544869587529092,-0.460933599541694,-0.29959156110384577,-0.7462201058552537,-1.1232355211892786,-0.00311567126112389,1.0825929099654075,2.5265200145900732,3.026107608777844
-0.8015738412441624,-0.45946532993551686,-0.48786881598644033,-0.1830050761020553,1.463093790882044,-0.7462201058552537,-0.5044989051912874,2.6575221360056873,-0.39001363778356685,-0.6279783109084622,-0.33088209082026465
-1.4937941752273336,-0.7816380330591906,-0.28907609418102975,-0.41750726775425046,-0.29959156110384577,-0.7462201058552537,-1.13247039605492,-0.06348018503878497,0.7897248876384261,-0.11163194076458391,0.9619606110353811
-0.04013147386267415,-0.057813876786937286,-0.012357542610070892,0.05149711555013987,0.8933943361537919,-0.7462201058552537,-0.8923636495482369,1.2196969078349236,0.02225846174661913,-0.16249693058702774,0.2721534415589315
0.0983125929339601,1.6831449541701557,-0.2665031204950861,-0.24380194060447627,0.7985908620552065,-0.7462201058552537,-0.781545151160537,1.6744429116266368,-1.1194282148963304,-0.2550097644251633,0.8473779675579312
1.759641394493571,-0.028286204820357524,-0.624411315437385,-0.7128063239088666,-0.2429757346111908,-0.7462201058552537,3.3556787886469257,0.6149019697958817,-0.9892646494176722,-0.421508038005035,-0.5769850650215577
-0.7323518078458453,0.12423190681336019,-0.43411086674709176,-0.3567104032518295,-0.5033303463481384,1.8952669945173257,-0.7630754014292538,-0.5337484923733252,-0.7814228271211048,-0.4175666995624173,0.1003091578326579
-0.04013147386267415,0.08489787625685645,0.2426295238618759,-0.23511667424698757,0.34301401625888706,0.5745234443310361,1.9704475588006773,0.8529106241192309,0.24847014207444884,0.4998341327385313,-0.5394885487608259
1.759641394493571,-1.20123177424796,-0.9896668691579141,-1.268663370788144,-0.8352206958224526,0.5745234443310361,-1.0308867725328619,0.14175916180526257,-1.0026484031261633,-0.8499966984556016,-0.2719648830236189
-0.4554636742525769,-0.35890573976448303,0.01620265038242541,0.02544131647767374,1.0072844323329107,0.5745234443310361,0.42822345623852004,1.4335597566472082,0.5220498134686046,-0.10508373280086492,-0.49552531530217686
1.205865127307034,-0.3712100549173791,-0.7825099410094801,-0.582527328546536,-0.7687796622971818,-0.7462201058552537,-0.5229686549225707,-0.9080084777948235,-1.0959410392706452,-0.8755998812521335,-0.29686215647851505
-1.4245721418290165,-0.25679066159692887,-0.9021688624380976,-1.0862727772808811,-0.760641715948701,-0.7462201058552537,-1.0124170228015785,-0.14224150301535216,-1.3775247202355652,-0.7366289084486544,0.5831461989136545
0.4444227599255457,2.5589066594869014,-0.48242487077920715,2.7265591536566625,3.555786756334951,0.5745234443310361,-1.0216518976672202,0.9247731405212084,-1.381985971471729,-1.2184963257598693,3.393991537414846
0.9289769937137655,-0.5398560439772094,-0.5593378917082785,-0.6780652584789117,-0.7692673217875965,0.5745234443310361,-0.5783779041164206,-0.8309718602119038,-0.4545705674362884,-0.3184125552776662,-0.3207958808260633
-0.04013147386267415,-0.1820342598965704,-0.49672196901885124,0.5639278306419737,0.30254239382443215,-0.7462201058552537,-1.0493565222641452,-0.11867059763550361,-0.6781579823310805,-0.9396854236458773,0.9133104504584459
-0.5939077410492111,-0.8913216560532405,-0.3120029125801033,-0.999420113705994,-0.29959156110384577,-0.7462201058552537,-1.1232355211892786,1.4565557618958411,1.1185453463980208,1.1340482462293526,0.6220305996558773
-0.7323518078458453,-0.3732616689096519,-0.4420963445992947,-0.08746714616967949,0.19444865538581185,0.5745234443310361,-0.5783779041164206,0.372869014554022,-0.3940812492047748,-0.6213680346228121,-0.2679463390853297
1.759641394493571,-0.5877559961160576,-0.9456270122184541,-0.9038821837736182,-0.9969446323968009,0.5745234443310361,1.9796824336663184,-1.3397584763379038,-1.360466994920822,-1.0617427787231626,-0.58333305625987
1.6211973276969367,-0.3261104204377829,0.5410365676175124,0.10360871369507213,-0.283867114581699,-0.7462201058552537,1.813454686084769,-0.5297241914548144,1.5012944598065352,0.46234486629221533,-0.5620167995958306
-1.770682308820602,0.6699341407178311,0.7940884318181664,-0.22643140788949884,-0.6787231520989617,-0.7462201058552537,-1.1417052709205617,-0.9471016867174993,0.33152814303008454,1.3082740258896326,4.3922894245787925
0.0983125929339601,-0.6671315187448971,-0.32003828826924613,-0.6346389266914682,0.040772129220795664,0.5745234443310361,0.6867999524764865,1.1346116884149824,0.38204525261605576,0.1331655209312273,-0.5492565072244199
0.7213108935188142,-0.8586978943138565,-0.9044530890048524,-0.7388621229813327,-0.20726342188698527,-0.7462201058552537,0.5482768294918616,0.7821979079796852,-1.0685174654954035,-1.0495773876246892,-0.5640367898807729
-1.2169060416340651,-1.20123177424796,-0.9302592601303191,-1.3642013007205198,-0.9003736498498348,0.5745234443310361,-0.7446056516979705,0.2026985757141394,-0.6037600573044684,-0.11045264264789544,-0.4911676328589055
-1.0092399414391138,-0.06035185531906973,0.10271950668450204,-0.2785430060344311,-0.42587479277143464,0.5745234443310361,-0.23668753408767926,-0.4601612755777003,0.21291134545679102,0.34879087131947495,-0.3324574084139094
-0.04013147386267415,0.01099657809270895,0.10881498996624292,-0.21774614153201013,-0.17700589949648948,0.5745234443310361,0.040358711881570475,-0.08072718897525957,0.13365852937905953,0.27685368620146145,-0.38913256440857447
-0.2477975740576255,1.4239702470147504,1.9642359615360736,0.7463184241492367,0.2224818743622221,-0.7462201058552537,-0.28286190841588754,-0.32103544382347204,0.7682059110875189,1.1712582052269795,0.007383558495890715
-0.8015738412441624,1.6543750152172556,-0.7330761669812855,0.6420952278593721,2.2061675114450985,-0.7462201058552537,-0.13510391056562104,1.8733583570273102,-1.4697676502068322,-1.17607262772004,-0.03695509084428625
0.3752007265272286,-0.06588855310147569,0.3122126437415684,-0.5130451976866263,0.09801964965251074,0.5745234443310361,1.1485436957585693,0.9506436464259203,0.5631195674956411,1.1375551064184535,-0.5156581599707114
-0.3170196074559426,0.0020704587879195827,-0.2665031204950861,-0.33933987053685205,-0.1256987712539183,1.8952669945173257,-0.5599081543851373,0.16820456784119023,-0.44341743934587924,-0.160883154216822,-0.16251823661351597
0.9289769937137655,-0.5070792714167056,-0.4004252669581144,-0.1048376788846569,-0.3219210159138872,0.5745234443310361,1.4625294411903855,-0.432566069279341,-0.1262749617633014,-0.5540549394886571,-0.5649514194955059
1.0674210605103998,-0.42773303315554445,-0.5650665021210304,-0.5304157304016037,-0.5692363947784397,-0.7462201058552537,1.7580454368909186,-0.49867958436916027,-0.5944439150171854,-0.49183144675284285,-0.5675122724853142
0.4444227599255457,-0.9019960521084333,-0.43336917383404006,-0.6606947257639343,-0.2825646316389459,-0.7462201058552537,-0.2551572838189627,0.3895411183592805,0.716114242241725,-0.06734619306682504,-0.5053658285188629
1.3443091941036682,-0.4922735831912751,0.06691774353935062,0.10360871369507213,0.08617384506889407,0.5745234443310361,1.1670134454898526,-0.00713997217963482,0.9198884531170843,-0.10806301225355223,-0.5536037461805038
-0.04013147386267415,-0.7878890253765533,-1.0037770133609818,-0.8257147865562198,-0.7461456775100037,0.5745234443310361,-1.0678262719954283,-0.6027365081192234,-1.4437874224197613,-1.2586234958882523,0.3285361799123477
-0.10935350726099127,-0.12272658232858163,0.6797323606688291,-0.08746714616967949,0.15514988489032885,-0.7462201058552537,0.12347258567234526,0.31077980038271336,1.279412817443217,0.8969782906139495,-0.42539345123786404
0.7213108935188142,0.5938943516039645,-0.18689196848762005,-0.4522483331842053,-0.6005165617543197,0.5745234443310361,1.5179386903842356,-0.6429795173043309,-0.710830086972397,0.11184505234793345,-0.4833839369609281
1.4135312275019853,-0.6731194398259482,-0.6809654977687464,-0.5130451976866263,-0.647210472370268,0.5745234443310361,-0.8000149008918204,-0.6889715278015964,-0.595756047733704,-0.7253014396962493,-0.21822379727140875
-0.8707958746424795,-0.20329275853994752,0.19172890976551873,-0.11352294524214562,0.4311034274156034,0.5745234443310361,-0.7169010271010455,0.7908214099479226,0.5789963733655177,0.2668296522096071,-0.09812369461565952
0.9289769937137655,-0.49302521529502213,-0.020949090272833405,-0.8604558519861747,-0.7735142803876633,0.5745234443310361,1.7949849363534853,-0.6412548169106834,0.7207067067495407,1.4441105484355967,-0.5729621238255053
0.4444227599255457,-0.44600184189534897,0.2916277666397048,-0.912567450131107,0.17206570206627347,-0.7462201058552537,1.2870668187431942,2.6971902450595793,1.302243926710643,2.5824125384889274,-0.5542204615817842
-0.7323518078458453,2.24181479415544,1.7000353832406565,2.3357221675696707,2.2761785416618014,0.5745234443310361,-0.042755161909204475,0.3958650198026545,0.056898765462713656,-0.046739510185737534,0.018343173813295643
-0.6631297744475282,-0.15362720306648617,0.7418043578511442,0.616039428786906,-0.8452866461478049,0.5745234443310361,-0.753840526563612,-1.4024225906404282,1.4535328289252534,0.19489246709159358,-0.034410727571089574
0.0983125929339601,-0.13817115784219694,0.7609255216422511,0.2686287744873576,1.0514207026679077,-0.7462201058552537,-0.5876127789820623,1.0897694781801486,1.451827056393779,0.5307441570601625,-0.18689113708015778
-0.4554636742525769,-0.1986155569489043,0.01188420755984946,0.02544131647767374,0.9049582447450595,-0.7462201058552537,-0.8461892752200286,1.282361022137448,0.248076502259493,-0.11051471096982628,0.08725369953389651
1.6904193610952538,0.24125394831123279,0.2715757411124738,0.20783190998493664,0.8196980816867403,-0.7462201058552537,0.23429108406004526,0.8736070288430003,0.11489503153284168,0.043787137350606686,-0.3905374882638975
0.30597869312891146,-0.20849000169368068,-0.885561090475305,0.40759303620717696,-0.5176082754788865,-0.7462201058552537,1.1670134454898526,-0.9815956945904485,-1.3607294214641257,-1.2929162437551225,-0.5290197773412314
0.5828668267221799,-0.25679066159692887,1.3145245647614963,0.7028920923617931,-0.6419244081049715,-0.7462201058552537,0.10500283594106201,-1.2000577444524596,2.7799677920540407,0.6418774874775943,-0.44316496848759257
0.4444227599255457,1.5369195650777425,2.979308049248962,0.3033698399173125,-0.29959156110384577,-0.7462201058552537,1.0561949471021528,-0.668275123077827,1.4803003363422356,2.884871471258625,-0.3648041861767844
-0.04013147386267415,-0.6057841849681042,-0.41110666110221583,-0.24380194060447627,-0.7157420630358817,-0.7462201058552537,1.7949849363534853,-1.0034418995766496,0.013204746002639997,-0.4730247452077539,-0.5807051450891737
0.652088860120497,0.6303382591070023,0.7162093731321517,0.8331710877241237,1.1608025206044166,1.8952669945173257,0.3174049578508202,0.5608613574615946,0.28192952634567636,0.021845985548002766,-0.35209776021297223
1.3443091941036682,0.751127246433913,1.707021992383151,0.1730908445549818,-0.2318830244304929,-0.7462201058552537,-0.18127828489382933,-0.5032787854188868,1.2264026556958605,1.7339075435313733,-0.18866982784534775
-0.3862416408542597,-0.4000124507111225,-0.2665031204950861,-0.06141134709721336,-0.31599914243956917,-0.7462201058552537,0.5113373300292948,-0.457861675052837,0.00677529569169804,-0.40263926813801504,-0.5076243700374554
0.3752007265272286,-0.25679066159692887,-0.1264086246307492,-0.06141134709721336,0.11099098057054439,3.2160105447036154,-0.28286190841588754,0.20844757702629763,0.07749924911205783,-0.21618602905733122,-0.3601579336928071
0.7213108935188142,0.6063853546008104,0.8328844560243869,1.7451240552604383,0.3916318155817456,-0.7462201058552537,1.1947180700867777,-0.601011807725576,0.4362363338082796,-0.3228194061347662,-0.46057591060074365
0.7905329269171313,-1.20123177424796,-0.9492853183836556,-1.1296991090683246,-0.3976296373920171,-0.7462201058552537,0.41898858137287825,1.8060950416750596,-0.731561783893393,-0.8677172043668983,-0.6006703443054885
-0.10935350726099127,-0.411979019490127,-0.3853382716287403,-0.49567466497164886,0.4478608066980377,-0.7462201058552537,0.28970033325389516,1.6675441100520472,-0.22783403402185123,-0.19160697357266046,-0.489023969699375
1.0674210605103998,-0.7396413213715236,-0.2665031204950861,-0.6085831276190021,-0.7134313389526089,-0.7462201058552537,0.45592808083544506,-0.7550850428914158,0.727792223418742,0.20054068438731343,-0.5448647460334843
-0.8707958746424795,-0.4169351546833075,-0.5387901448506132,-0.9646790482760392,-0.7551951561549137,-0.7462201058552537,-0.8092497757574622,-0.4078453636370608,-0.5491753362972891,0.27253993782725805,-0.08346983311999691
1.0674210605103998,-0.8966543394074865,-0.45210783096912743,-0.9907348473485054,-0.29774792016118107,0.5745234443310361,1.3055365684744775,1.4203370536292446,0.6278077104200145,0.6337465373046349,-0.591803823683338
-1.0092399414391138,-1.128839841201239,-0.7359638577274283,-0.9820495809910166,-0.5033241734431966,-0.7462201058552537,-0.4398547811317958,0.5907561642848175,0.2961005596840789,-0.3219194154667669,-0.5319010804905284
0.4444227599255457,-0.25679066159692887,0.30944468174776946,-0.6172683939764908,-0.5624317958974216,-0.7462201058552537,0.7699138262672612,-0.3796752572074856,0.8949579315032282,1.4084212633252793,-0.5107079470438569
-1.5630162086256507,1.2716254012231303,0.9114709435735444,-0.0092997489522811,-0.29959156110384577,-0.7462201058552537,-1.058591397129787,-0.4728090784644484,-0.008051804004963468,1.0781246881695339,2.7186606901518724
-0.2477975740576255,-0.0245397580486944,-0.875181558702456,0.737633157791748,-0.6430437615344465,-0.7462201058552537,0.8530277000580364,-1.2081063462894812,-1.3906460474007527,-1.314671190591933,-0.49297820374287826
1.759641394493571,1.0103819975276396,-0.28580628762354315,1.276119671956048,0.08754834523597003,1.8952669945173257,-0.6707266527728373,-0.6820727262270065,-0.9731254170044917,-0.9300337995856087,0.305044379969995
0.9981990271120826,-0.39445183736177925,-0.09957518341580214,-0.0961524125271682,-0.5274087908917346,0.5745234443310361,-0.28286190841588754,-0.7677328457781636,0.34819222852987236,-0.15002119787889928,-0.3902610106820401
-0.8015738412441624,-0.25679066159692887,-0.09719637243751093,2.0404231114150546,2.567099321036343,1.8952669945173257,0.07729821134413697,0.7563274020749734,0.13221518339088909,-0.9452095042977351,-0.4388644503952421
-1.3553501084306994,-0.784206516140988,-0.7242224928226403,-1.09495804363837,-0.9236043487814022,-0.7462201058552537,-0.947772898742087,-0.8752391703155218,-0.5678076208718551,-0.017194988946587823,-0.07777098705896802
0.9289769937137655,-0.7138771787244195,-0.4041808934475824,-0.6867505248364004,-0.3730738215329096,1.8952669945173257,-0.28286190841588754,0.2113220776823767,0.25647415164521314,0.03816995421585225,-0.4601114502495121
-1.6322382420239678,0.3671037624457747,-0.6765651078458175,-0.24380194060447627,1.440169679562594,1.8952669945173257,-1.0308867725328619,2.8092957706466644,-1.2111462917809899,-0.873241285018756,1.333695438158453
-0.04013147386267415,-0.5739306020986633,-0.3396018882333241,-0.41750726775425046,-0.6227760569750189,-0.7462201058552537,-1.1417052709205617,-0.7177165343623875,0.13352731610740767,-0.1988689672385858,1.590661288006362
1.275087160705351,1.6925020417526127,2.5652285694759973,0.5031309661395528,0.36213973340405264,-0.7462201058552537,1.9058034347411854,-0.005415271785987233,1.0138371556198258,2.0660351341840837,-0.43078393959825273
1.0674210605103998,-0.8858920902492583,-0.5980687751352043,-0.6867505248364004,-0.3327256571972937,-0.7462201058552537,1.1670134454898526,0.3165288016948716,0.0637218555886112,-0.3934841906531945,-0.5877022815047696
-0.2477975740576255,4.1012867289980335,1.4871125841537138,2.7265591536566625,2.9430004251118347,-0.7462201058552537,0.2712305835226119,0.5821326623165802,-0.6282969391033687,-0.28014743480721294,0.13656070048920077
0.8597549603154484,-0.5574183673467713,-0.9344829882598003,-0.04404081438223594,-0.5719915680175334,-0.7462201058552537,2.1551450561135104,-0.8666156683472845,-1.3451150421375526,-1.2940024393889147,-0.5847533705173641
1.5519752942986196,-0.25679066159692887,-0.4568332733807379,-0.9820495809910166,-0.9257813265909326,-0.7462201058552537,2.6261236742612346,-1.0258630046940664,-0.5422210328997399,0.5889021747094971,-0.5761160569561171
0.9981990271120826,-0.9811294906311308,-0.2665031204950861,-0.8865116510586408,-1.0102102051170678,-0.7462201058552537,-0.7261359019666872,-1.3914994881473277,1.7488939034136202,0.8533752944574313,-0.4066886160279091
0.7213108935188142,-0.34221438229695794,0.2945357813089877,0.11229398005256083,0.8439185030440017,0.5745234443310361,2.0350916828601684,1.0483766687326097,1.0493959522374834,0.15734113232334676,-0.5687847289505227
1.6904193610952538,-0.47515345377365786,-0.25720036580398176,-0.25248720696196497,-0.310676040744621,-0.7462201058552537,1.2778319438775525,-0.2779179339822856,0.14861684234737318,-0.2328824076567666,-0.5562943182743249
-0.04013147386267415,-0.868736087481235,-1.023559356061932,-0.6606947257639343,-0.14100963314495388,-0.7462201058552537,1.9889173085319602,0.7494286005003834,-1.4779028730492483,-1.3454260441087373,-0.6016481845005666
0.1675346263322772,0.6850504872770502,1.3005544732339127,-0.24380194060447627,-0.32767210568481103,1.8952669945173257,-0.45832453086307906,-0.3170111429049613,0.8702898364326764,2.1075588415559134,-0.04279464915373558
1.205865127307034,-0.8895455591535425,-0.3247649032148838,-0.6954357911938892,-0.502398237701903,0.5745234443310361,0.723739451939053,-0.1117717960609139,1.064747905020753,0.23126450374315188,-0.5747254241885242
1.1366430939087169,-1.1320374501153285,-0.8799185961727808,-1.2773486371456326,-0.7829629402188198,-0.7462201058552537,-0.3659757822066625,0.5625860578552423,-0.5018073452309628,-0.16265210139185513,-0.5424402080343332
-0.9400179080407967,0.4952175022382579,1.0798685869152798,0.6507804942168608,1.7700085669611976,-0.7462201058552537,-1.058591397129787,1.3927418473308852,0.8485084333384653,0.47727229771661756,1.7982668201485883
-0.2477975740576255,-0.29568884314781846,-0.6146343358730139,0.3641667044197334,-0.20318107408537056,1.8952669945173257,0.751444076535978,-0.5814652032642382,-0.8102897468845169,-1.0050123324782407,-0.5135172450972828
-0.5939077410492111,-0.5299174176599377,-0.9188025604310497,-0.5912125949040247,0.06386702424363982,-0.7462201058552537,-0.5783779041164206,1.0702228737188106,-1.318741174535526,-1.145317774203236,-0.31764304700989227
-0.8707958746424795,-0.6403514525757479,-0.631724410165706,-0.33933987053685205,-0.8315786819066976,-0.7462201058552537,-0.2551572838189627,-1.1730374382853164,-0.5060061699238227,-0.7527046038287799,-0.4497696496478282
-1.4937941752273336,-0.8924510565000395,-0.9237004956262331,-1.1123285763533473,-0.5600346511449614,-0.7462201058552537,-0.9847123982046536,0.9035018356662232,-1.1046011151996689,-0.7848870287499965,-0.08377929013507782
-0.524685707650894,-1.20123177424796,-1.0053123815289624,-1.2860339035031214,-0.29959156110384577,0.5745234443310361,-0.40291528166922913,4.175258482415451,-1.1077502337193137,-0.9131512160203804,-0.5551213497660074
-0.5939077410492111,2.2317661074229758,1.6766571392410692,2.7265591536566625,-0.6211340642604581,0.5745234443310361,-0.042755161909204475,-1.409321392215018,0.0466641302738675,-0.18986906055859276,0.016588667965802956
-1.0092399414391138,0.07153663946716587,-0.8387158807347309,0.4336488352796431,-0.17398117607493027,-0.7462201058552537,-0.8000149008918204,-0.5837648037891014,-1.3570554498578729,-1.248413256930605,0.13863400752452112
-1.4245721418290165,-1.0577259267672856,-0.9006325822992067,-0.8170295201987311,-0.9303040082784069,0.5745234443310361,-0.7630754014292538,-1.173612338416532,-0.7837846660108385,-0.9943055469451456,-0.4216893112296394
-0.2477975740576255,1.2700799187188998,2.087954065485673,1.5279923963232205,0.35802857871270877,3.2160105447036154,0.8068533257298282,-0.5527201967034473,1.0120001698166998,0.5852711778765343,-0.35755640606868966
-0.04013147386267415,5.753805549384216,6.4932381454445744,2.7265591536566625,3.2057233747115133,0.5745234443310361,1.4348248165934605,0.728732195776614,0.7990410299257092,2.1048278353909504,-0.07615279620213264
-0.9400179080407967,0.08165390042727619,1.0747773138871495,-0.5477862631165811,-0.29959156110384577,-0.7462201058552537,-0.5414384046538541,0.13313565983702527,1.4927655971491631,2.7005906234455255,-0.151530588777871
0.30597869312891146,-0.3293495155394168,-0.9151073845847674,0.10360871369507213,0.4486838606902987,0.5745234443310361,-1.0216518976672202,0.5039462444712287,-1.3813299051134695,-1.2895024860489182,0.5655632140905206
1.275087160705351,1.1447140287602444,2.5492101912842644,1.7277535225454608,-0.29959156110384577,-0.7462201058552537,-0.8184846506231037,-1.0971506209648283,1.5577161666168404,0.7452833118146179,0.7106897596479583
0.9981990271120826,-0.38561186290524413,0.2943163871643225,0.04281184919265116,-0.5997305451917104,3.2160105447036154,-0.513733780056929,-0.9494012872423626,1.1518735173975965,0.22704385785184472,-0.30550606592640667
-1.2861280750323822,-0.7676022796673061,-0.7556045843741914,-0.7475473893388215,0.0034795528314487336,-0.7462201058552537,-0.8092497757574622,1.3956163479869645,-0.6887862573348822,-0.6903569744491037,-0.25517120596896853
-0.8015738412441624,0.7958884024304257,0.14281587112700764,0.42496356892215437,-0.8006997537520447,-0.7462201058552537,-0.5599081543851373,-1.3242361727950767,-0.4568011930543703,-0.2523718607430962,0.08240792147891673
1.275087160705351,-0.6508833313749056,-0.4234435430113179,-0.3914514686817843,-0.4467412691102321,0.5745234443310361,-0.4213850314005125,-0.38944855943815454,0.0668709741082561,-0.36847065691500686,-0.4121780426879685
-0.04013147386267415,-1.005596579826477,-0.514084331768996,-0.8170295201987311,-0.8354120558756534,-0.7462201058552537,1.0561949471021528,-0.8855873726774067,0.8179357410435789,0.006546144192014651,-0.5957179327497525
-0.4554636742525769,0.2666330015233653,-0.36133897543935567,-0.28722827239191984,-0.29959156110384577,0.5745234443310361,-0.6337871533102706,-0.22157772112313542,-0.7591165709402864,-0.36155003901970184,-0.011247622646531555
0.02909055953564297,0.25789845079047263,0.43989730002399297,-0.24380194060447627,-0.6206916727396179,-0.7462201058552537,0.723739451939053,-0.8349961611304145,0.32457383963253517,0.8099895374276715,-0.4528174989349043
0.1675346263322772,-1.0931670887137337,-1.0541980610401698,-1.2947191698606102,-0.9693064793366759,-0.7462201058552537,-0.4398547811317958,-0.7234655356745456,-1.5076882857142235,-1.2116688103474609,-0.5225580070582977
0.23675665973059432,-0.2654312583168532,0.259359760489743,-0.28722827239191984,0.0074116932794758734,-0.7462201058552537,1.1393088208929276,0.3389499068122886,0.8179357410435789,0.604822699284795,-0.5326359721941932
-0.7323518078458453,-0.5965862091166998,0.009672678102787689,-0.9386232492035731,-0.5010751784093432,-0.7462201058552537,-0.30133165814717094,0.4539299330554522,1.0618612130444114,1.8788370752402275,-0.4302595666099983
-0.4554636742525769,-0.10383938535796723,0.3012222217404917,-0.47830413225667145,-0.8020701386491594,0.5745234443310361,-0.9847123982046536,-1.049433910073915,0.6045829613376328,1.0366320149586696,0.5740856492927054
1.3443091941036682,0.4730965789667503,0.20774793936504424,-0.40013673503927305,0.5815597548358984,-0.7462201058552537,2.9955186688869007,1.6721433111017732,-0.1739053793729314,0.7136905359517458,-0.5463889455056327
1.0674210605103998,-0.542397194982507,-0.6091885667239604,-0.7475473893388215,-0.370240458164551,-0.7462201058552537,-0.7261359019666872,0.3510228095678207,-0.5709567393915,-0.3415950735188897,-0.22701886245490824
1.759641394493571,-0.5574959709211191,-0.2665031204950861,-0.8257147865562198,-0.29959156110384577,-0.7462201058552537,2.3398425534263434,0.7684003048305056,0.2807486069008096,0.6713289062338474,-0.587960620398354
-1.3553501084306994,0.6043547277387074,0.24230811925683488,0.8071152886516576,0.5154788074322417,-0.7462201058552537,-0.8184846506231037,-0.06118058451392163,-0.2300646596399331,-0.3662672314864569,0.440227076753313
-0.4554636742525769,0.5868790372901942,0.2157891777243236,0.6247246951443948,-0.541501532874224,1.8952669945173257,0.4743978305667283,-1.074729515847411,-0.24804087785623982,-0.2974024283040271,-0.3844632263213406
-0.524685707650894,-0.7600830301930692,-0.11720527476884891,-0.8951969174161295,-0.9618845899614622,0.5745234443310361,-0.6984312773697622,-1.2253533502259557,1.2451661535420782,1.3103533146743207,-0.3332637555562251
-1.701460275422285,0.4884918591281068,0.9962704283702905,0.4944456997820641,0.7410346963763935,0.5745234443310361,-1.104765771457995,0.43668292911897794,0.7570527829971098,0.5427543773538083,2.6606603105988413
0.7905329269171313,-0.3138683345662036,0.48356624536614773,0.11229398005256083,-0.9908272835993209,-0.7462201058552537,1.0654298219677942,-1.5277508192454767,1.3568286477178226,0.38361119992275866,-0.5333516258951442
0.9981990271120826,-0.25679066159692887,1.4610683886207037,0.32942563898977856,-0.20828812410735012,-0.7462201058552537,2.1182055566509432,-0.5682425002462744,3.054728382893063,1.211416409516328,-0.5654169791611782
-0.524685707650894,-0.2239907055786796,0.4474765599765128,0.02544131647767374,1.701332941846938,0.5745234443310361,-0.03352028704356285,2.459756490867446,1.082855336508711,0.4384795965097509,-0.4139941101441451
0.652088860120497,0.408630215995805,1.017022326430266,1.4063986673183786,1.1425266067062607,-0.7462201058552537,-0.28286190841588754,0.12221255734392464,0.8841984432277746,-0.06337382046324179,-0.21464662808109472
-0.8015738412441624,-0.6963702516170494,-0.8549859628976588,-0.49567466497164886,0.4137596221636831,-0.7462201058552537,-0.28286190841588754,1.593956893256422,-1.0560522046884757,-1.0588566017533716,-0.4562830877094786
-0.5939077410492111,-0.540682107182139,-0.7643937691613348,-0.7388621229813327,-0.6153191878051342,1.8952669945173257,-0.2736270335502459,-0.34690594972818395,-0.9445209237843833,-0.7192497783079781,-0.42439637304007216
-0.5939077410492111,-0.8845650203206299,-0.6974353015609924,-0.6780652584789117,-0.8708486455124514,-0.7462201058552537,-0.2920967832815293,-1.0937012201775331,-0.29750828126899614,-0.6230128451539833,-0.4959727362795763
-0.04013147386267415,-0.872988909777338,-0.2665031204950861,-1.207866506285723,-0.5935535249797914,0.5745234443310361,0.8253230754611114,1.3076566279109443,1.2038339729717384,2.716418045537927,-0.5766052518822665
-0.6631297744475282,-0.2770132257336807,-0.15589446809702603,-0.582527328546536,0.11425027437989806,-0.7462201058552537,0.2712305835226119,1.165081395369421,0.049944462065164556,0.37873883665117625,-0.46843930679567797
-0.8707958746424795,0.8480160411164529,1.665008925650673,0.3815372371347108,1.3955601531820465,0.5745234443310361,-0.3844455319379459,1.3513490378833464,1.064354265205797,1.3515666804364956,-0.05541312996228492
1.4135312275019853,0.14274938864203426,0.05693283460747029,0.7202626250767705,-0.03774516400592497,0.5745234443310361,-0.28286190841588754,-0.5762911020832958,-0.08612370063782823,-0.4877659716663633,-0.27278826953976676
-1.5630162086256507,-0.12499050798652334,-0.6174951886180872,0.27731404084484634,-0.4801202237663777,-0.7462201058552537,-0.8738938998169536,-0.8861622728086225,-0.9264134922964249,-0.9848401278506701,0.18623432281050686
-0.3170196074559426,-0.173741659079225,-0.592145914918595,-0.5912125949040247,-0.8294901824013352,-0.7462201058552537,0.5021024551636534,-1.0454096091554044,-0.8529340601713757,-0.4859039220084337,-0.4797754373090518
-1.2861280750323822,-1.0201518867082566,-0.6817695955483626,-0.9038821837736182,-0.9992553564800738,-0.7462201058552537,-0.7169010271010455,-1.3472321780437095,0.13300246302080024,-0.2952610711974081,-0.42666975530361523
0.7213108935188142,-0.46052566808187423,-0.2665031204950861,0.01675605012018503,-0.7810863771164648,-0.7462201058552537,0.8899671995206029,-1.2075314461582656,0.1028234105408695,-0.45580078587190515,-0.5383474603712911
-0.2477975740576255,-0.5784896900734035,-0.3033208192341208,-0.9733643146335279,-0.7281496019692166,3.2160105447036154,0.8807323246549611,-0.2882661363441703,0.23246212293292032,1.054662862479621,-0.5494769197697973
1.4135312275019853,0.18358375496926424,-0.4755506946217752,0.6942068260043044,0.6499658297676923,0.5745234443310361,-0.6799615276384788,0.15900616574173718,-0.8723536243758531,-0.9530611470220048,0.010533094368739384
-1.5630162086256507,0.1072008506807649,0.511877730863296,-0.07878187981219077,-0.5245136984739565,1.8952669945173257,-0.9293031490108037,-0.7734818470903219,0.6170482221445609,0.6574876704432374,0.4961612948148889
-0.524685707650894,-0.9529601252520367,-0.9971980552153142,-0.24380194060447627,-0.9362053054029184,0.5745234443310361,-1.0770611468610702,-1.393224188540975,-1.3350116202203584,-1.3566604103782456,0.16719969326831643
0.1675346263322772,-0.4201554589823478,-0.9036063891555773,-0.9038821837736182,-0.6990361246279636,3.2160105447036154,0.9084369492518861,-0.32448484461076693,-1.3274012504645496,-0.9396854236458773,-0.5353628216645602
1.275087160705351,-0.8883148836018554,-0.28192832675055923,-1.242607571715678,-0.797228523539684,3.2160105447036154,-0.28286190841588754,0.2619132892293687,1.214593461247192,3.0244320931204483,-0.498256562030307
-1.5630162086256507,0.31214993824237935,-0.02736141830506456,-0.24380194060447627,-0.4288830551131486,0.5745234443310361,-0.28286190841588754,-0.4958050837130812,-0.3463196183234929,0.10551408351097295,-0.23574467082863831
0.02909055953564297,0.35747896693545683,-0.9972325798283407,0.3381109053472673,-0.8296445050248842,0.5745234443310361,-0.9570077736077286,-1.3443576773876305,-1.6179074339017971,-1.4033047543093822,0.7983556890427901
-0.2477975740576255,4.384663501821294,3.4666944866907916,2.7265591536566625,-0.8677272132468016,0.5745234443310361,-1.086296021726712,-1.5472974237068147,0.13575794172548958,0.6629496827731642,7.731968219677859
-1.078461974837431,0.025670730699983504,0.3318816414865454,-0.4088220013967617,-0.3262441070082382,-0.7462201058552537,-0.7907800260261789,-0.12844389986617274,0.46051078906387605,0.9424433364283972,0.10074998292341267
1.6904193610952538,0.4589798054909555,1.0977717484151308,0.3381109053472673,0.4034837930703042,0.5745234443310361,2.238258929904285,0.18660137204009633,0.9166081213257876,0.8146756957334611,-0.525351365052332
1.275087160705351,-0.25679066159692887,3.02278912858363,1.7885503870478818,1.8394187677635498,-0.7462201058552537,-0.8554241500856704,0.41713632465764,5.98367103270618,0.9927497113534617,0.07319676577958015
0.9981990271120826,-0.6542117437979589,-0.2665031204950861,-0.16563454338707786,0.09134056650531255,0.5745234443310361,-0.28286190841588754,0.31077980038271336,0.49593837240988176,-0.3228194061347662,-0.4470642368090566
0.9981990271120826,-0.7662691088287447,-0.781449188559442,-0.3740809359668069,-0.7293368573530531,-0.7462201058552537,-0.5876127789820623,-0.9597494896042473,-0.76987605921574,-0.9808367210861215,-0.38899130250293357
0.8597549603154484,-0.8994592937582874,-0.9569143458915567,-0.5477862631165811,-0.646961498537609,-0.7462201058552537,-0.9754775233390118,-0.6562022203222947,-1.2200687942533173,-1.234075474564547,-0.1095219363949376
0.4444227599255457,-0.49091527660378975,-0.4660398802816029,-0.3653956696093182,-0.12249914885900355,0.5745234443310361,-0.4675594057287208,0.21304677807602398,-0.3005261865169892,-0.4627834720891411,-0.3546377262284057
-1.4245721418290165,2.8073732935642837,2.398087882611536,-0.24380194060447627,-0.4453297315135044,-0.7462201058552537,-1.0770611468610702,-0.525124990405088,0.2155356108898285,3.762238235914087,5.149326267995883
0.5828668267221799,0.8629134870272758,2.318990561071148,0.9981911485164092,-0.29959156110384577,-0.7462201058552537,0.5667465792231449,-0.9356036840931828,1.7084802157448429,1.193385561995376,-0.36602937212103914
-0.04013147386267415,2.2950606076139883,3.6793945043125444,2.7265591536566625,0.10221722501304205,1.8952669945173257,0.45592808083544506,-1.005166599970297,1.2916156517068416,0.7642762183254997,-0.17135452608854493
-0.524685707650894,-0.25679066159692887,-0.7665896648313658,-0.24380194060447627,-0.44279060994737923,0.5745234443310361,-0.24592240895332104,-0.5205257893553614,-1.1232333997742348,-1.008984705081824,-0.37087075291825583
-0.1785755406593084,2.049034825582605,-0.2788698368811053,0.3989077698496883,0.32348294502253305,-0.7462201058552537,-0.4675594057287208,0.0342528372679044,-1.1915955143048609,-0.6690365058658099,0.3346241832854145
1.5519752942986196,-0.9597641040457274,-0.2665031204950861,-0.8865116510586408,-0.872900107588162,-0.7462201058552537,2.4783656764109683,-0.9350287839619671,1.625815854604163,0.8533752944574313,-0.612692447029912
-1.147684008235748,-0.432928324018099,-0.775197237125835,-0.9386232492035731,-0.9333060977151789,0.5745234443310361,-0.5229686549225707,-1.094276120308749,-1.0445054367831108,-0.5181173810906158,-0.3149156478823049
-1.078461974837431,-0.7937078292342615,-0.37070348358923144,-0.7822884547687763,-0.20226748415396092,0.5745234443310361,-0.28286190841588754,0.9241982403899927,0.5699426576215383,0.29898104296985817,-0.47756856356917604
0.9289769937137655,-0.6659523348730446,-0.4443427895140584,-0.7996589874837537,-1.0236877142403422,-0.7462201058552537,2.1551450561135104,-1.4616373041556576,0.04023467996292584,0.15094809516445515,-0.5914141167140797
0.30597869312891146,-0.7717074599430304,-1.0770102316676844,-0.3914514686817843,-0.7496025042775001,-0.7462201058552537,0.07729821134413697,-0.98964429642747,-1.676166126515229,-1.472604035745329,-0.5205391160877962
-0.5939077410492111,2.2496857000782153,-0.5486029518435965,2.526798027434422,0.3437115545173283,-0.7462201058552537,-0.5044989051912874,-0.8315467603431196,-1.3947136588219609,-1.2373340614659238,0.44152042019289633
-0.04013147386267415,-0.6111517655271669,0.03235417632703672,-0.12220821159963433,-0.00012953892461582925,-0.7462201058552537,1.1208390711616443,0.10439065327623429,1.1630266454880058,0.05648010918549337,-0.562277886775517
-0.10935350726099127,1.0540823273050002,1.4783154521914967,1.545362929038198,-0.035074353801038044,0.5745234443310361,-0.30133165814717094,-0.8608666670351265,0.6679589715454877,0.1747823307859539,-0.0621508281698555
-0.2477975740576255,-0.4416504288947285,-0.6312936993330082,-0.3567104032518295,-1.0094015545696715,-0.7462201058552537,-0.5322035297882124,-1.5087791149153549,-0.7247386937674957,-0.7415012717202367,-0.313134208831013
1.4135312275019853,-0.762329629266801,-0.5886288339629049,-1.1731254408557683,-0.29959156110384577,-0.7462201058552537,-0.513733780056929,2.6845424421728312,-0.18584578709325203,0.8801267412096865,-0.4142887264142755
0.1675346263322772,1.9127514793170264,-0.29916444667043063,2.7265591536566625,1.599181653232442,-0.7462201058552537,-0.9293031490108037,-0.1686869090512798,-1.1841163578207041,-1.1311661968029711,1.7285081733369219
1.4827532609003025,1.505699012622951,0.5320455766961135,0.6855215596468157,0.4779022774155649,0.5745234443310361,1.674931563100144,-0.015763474147872117,-0.4443359322474424,-0.04521883629842832,-0.42700229792195277
-0.5939077410492111,-0.5780872740542221,-0.09124380802554327,-0.05272608073972465,-0.4581487974429698,-0.7462201058552537,0.040358711881570475,-0.6855221270143016,0.7584961289852802,-0.17686574711405104,-0.48527970471406173
1.6904193610952538,-0.709637046320977,-0.768587271969223,-0.6085831276190021,-0.006975290505246761,-0.7462201058552537,-0.28286190841588754,0.9466193455074097,-0.7976932728059372,-0.8305072453692717,-0.45918417851871
-0.7323518078458453,-0.4908452381577587,-0.08263167587652336,-0.7128063239088666,-0.13873388885635207,-0.7462201058552537,0.13270746053798704,0.8954532338292016,0.5747975486726576,0.8194239223611816,-0.48291123175139067
-0.8015738412441624,-0.5593962823470534,-0.7255819808865247,-1.0775875109233923,-1.0055949298554643,3.2160105447036154,-1.0493565222641452,-1.2707704605920056,-0.8348266286834173,-0.07069788245109823,0.48833307668205983
-0.04013147386267415,-1.0287885788458238,-0.5998231466031744,-1.207866506285723,-0.9014497929447162,-0.7462201058552537,-1.0955308965923534,-0.5228253898802246,0.5371393397085701,1.0270734933812973,0.16186197200108549
0.3752007265272286,1.0314628376737671,2.0981459918141527,1.2587491392410706,0.9375367793937313,0.5745234443310361,-0.28286190841588754,0.04172653897370986,1.2752139927503572,0.7891345812588602,-0.0784481647544915
-1.2169060416340651,-0.28066889096554076,-0.6609418736212879,0.08623818098009471,0.3618804713964904,1.8952669945173257,-1.0031821479359369,0.40276382137724454,-0.9097494067966369,-0.9783229540479165,0.51243774442515
1.1366430939087169,0.5865364101883561,-1.0517158065043586,-0.3567104032518295,-0.7812756795346848,-0.7462201058552537,0.5575117043575031,-1.0695554146664688,-1.6941423447315356,-1.432166524007291,-0.3966705635290364
-0.524685707650894,-0.6835290563900484,-0.16613108100010193,-1.1296991090683246,-0.7673660670654735,0.5745234443310361,-1.0124170228015785,-0.03875947939650491,0.8495581395116804,2.4636137703130183,0.18265935224907437
0.4444227599255457,-0.8987391423497949,-0.3530185437000184,-0.730176856623844,-0.2393460665053198,-0.7462201058552537,1.6379920636375775,0.6700923823926004,0.9995349090097717,0.23368516829846023,-0.5983128644872253
0.9289769937137655,-0.25679066159692887,-0.5571435594169506,2.7265591536566625,4.9983164511411875,1.8952669945173257,0.6313907032826365,1.7307831244857874,-0.7303808644485261,-1.2540925083872903,-0.500606896304705
-0.2477975740576255,-0.46797097452772307,-0.3371916793994129,-0.4435630668267166,-0.6985669838523749,-0.7462201058552537,0.3635793321790285,-0.8533929653293206,-0.04269210772105799,-0.1653831075568185,-0.5036069254136071
-0.1785755406593084,-0.10878624716804959,-0.022527060510473134,-0.3740809359668069,-0.9491231378114551,0.5745234443310361,-0.12586903569997943,-1.3891998876224643,0.06700218737990796,0.283370860004215,-0.3729759400723589
-1.5630162086256507,-0.25679066159692887,0.6254248838153492,0.27731404084484634,-0.7078325141702533,0.5745234443310361,-0.8923636495482369,-1.1776366393350428,1.487517066283088,0.37330785848221487,0.15102712887270955
1.6211973276969367,0.6055383042657114,-0.01978763017800546,1.484566064535777,1.326536787756057,-0.7462201058552537,0.7976184508641864,0.2210953799130455,-0.527393933203078,-0.7917455783233706,-0.42427764708046733
-1.147684008235748,-0.34172118473797336,0.31696231852307644,-0.5304157304016037,-0.5001327815882044,-0.7462201058552537,-0.8092497757574622,-0.34403144907210487,1.093352398240861,1.1890407794602071,-0.04664170003926228
0.5828668267221799,-0.057022710786824506,0.6015943022443381,-0.24380194060447627,-0.8116422565791551,-0.7462201058552537,-0.07045978650612951,-1.1730374382853164,1.0203978192024192,1.0537628718116216,-0.37675868106309973
-1.3553501084306994,-0.048401636978685846,0.4139138156972856,0.5031309661395528,-0.16406749073814625,-0.7462201058552537,-0.753840526563612,-0.6079106093001659,0.7010247160017599,-0.03420170915567823,0.011167398801072315
-0.6631297744475282,-0.9479500580150484,-0.6223912998714503,-1.02547591277846,-0.8071895344810229,-0.7462201058552537,0.12347258567234526,-0.4912058826633545,0.14901048216232876,0.16351693035547987,-0.5518354989025013
-0.8015738412441624,-0.572720181567954,0.20026365466873627,-0.2959135387494085,-0.4505149716647489,0.5745234443310361,-1.0031821479359369,-0.4894811822697071,1.4653420233739218,0.5261511012372695,0.2493162833660662
0.9289769937137655,-0.11226864655781202,-0.2665031204950861,0.5031309661395528,0.5516191082324232,-0.7462201058552537,0.07729821134413697,0.2113220776823767,-0.3408086609141142,-0.698487924622063,-0.41594099601877516
-0.6631297744475282,-0.6933974002248919,-0.03606500810821437,-0.7214915902663553,-0.23003732585284772,0.5745234443310361,0.2250562091944036,0.6723919829174637,1.244772513727123,0.9497673984162536,-0.5221545586585297
-1.770682308820602,-0.25679066159692887,-0.2665031204950861,-1.1731254408557683,-0.45667141552686136,1.8952669945173257,-1.1417052709205617,1.82391694574275,-0.1853209340066443,2.384693898977769,2.3049738253395677
-0.6631297744475282,-0.25679066159692887,0.4987939447787988,-0.24380194060447627,0.08795575696213916,-0.7462201058552537,-0.19051315975947097,0.41771122478885575,1.2500210445931978,0.8987782719499481,-0.3855180185272737
1.1366430939087169,-0.5952152126365536,-0.9187481027395592,-0.6085831276190021,-0.3758701474716164,0.5745234443310361,2.644593423992518,0.0583986427789687,-1.2894806149571583,-1.1388626687224135,-0.5946010292779151
1.759641394493571,0.1337112566308749,0.5414900777229635,-0.3740809359668069,-0.29959156110384577,0.5745234443310361,1.268597069011911,-0.11982039789793544,0.6229528193688951,1.2228990490735603,-0.5053564843461161
-1.0092399414391138,-1.0256683294696847,-0.8309223076183307,-1.0341611791359488,-0.6877417662191618,0.5745234443310361,-0.6891964025041205,0.025054435168451027,-0.5246384544983888,-0.5528756413719683,-0.43996541380768817
1.759641394493571,-0.35351668400245617,0.31439368731392,-0.16563454338707786,0.9330099824362956,-0.7462201058552537,-0.34750603247537926,1.7187102217302546,1.1157898676933315,0.5057616574829404,-0.36195586246071076
1.275087160705351,-0.8981534549962259,-0.8422280109911946,-0.7041210575513779,-0.46800281136531485,-0.7462201058552537,1.1485436957585693,-0.005415271785987233,-0.799792685152367,-0.9260614269820258,-0.5883151493055071
1.4827532609003025,-0.998930481597272,-0.8197954808254108,-1.2947191698606102,-0.7598166043214594,-0.7462201058552537,2.072031182322735,0.8580847253001733,-0.5342170233289756,0.2974293349215836,-0.6109731192445245
-0.04013147386267415,-0.055431593476295386,-0.4969911307188977,-0.24380194060447627,0.17578796374627378,-0.7462201058552537,-0.513733780056929,0.5729342602171271,-0.7684327132275695,-0.6025302989167576,-0.21016197481991278
-1.4245721418290165,-0.6149611736893387,-0.11971462786884697,-1.060216978208415,-0.8452290323683466,-0.7462201058552537,-1.086296021726712,-0.5831899036578857,0.7822457311542692,2.1392757540626475,0.6938795928766961
1.1366430939087169,-0.27412700726257205,-0.2230359812871869,-0.6520094594064456,-0.4976739077863247,-0.7462201058552537,-0.024285412177921226,-0.1704116094449274,-0.08166244940166445,0.37101133057076824,-0.4243908764678682
0.9981990271120826,-0.7126584609562012,-0.8757447658802396,-0.5391009967590924,-0.27000071244708146,0.5745234443310361,-0.5506732795194956,0.18487667164644905,-1.102501702853239,-1.0804253436243896,-0.3866057901664304
0.652088860120497,-0.723833131625901,-0.2665031204950861,-1.1296991090683246,-0.976045233898313,0.5745234443310361,0.9361415738488111,-1.0799036170283536,0.6813427252539787,2.036645783749761,-0.5658902340279361
0.4444227599255457,-0.5851975185265501,0.11677845023504413,-0.5998978612615133,-0.8739515590632755,0.5745234443310361,1.5456433149811608,-1.146017132118173,1.2972578223878724,0.966215503727965,-0.5732424490079054
-0.1785755406593084,0.16562950914560573,-0.8276390820603093,0.8939679522265447,0.724799956379045,-0.7462201058552537,-0.3659757822066625,0.08541894894611211,-1.3626976205389036,-1.287857675517747,-0.2315029660588698
1.759641394493571,0.3923366378559121,-0.44040268433762736,-0.24380194060447627,0.11956514553492358,-0.7462201058552537,-0.6522569030415539,0.47405143764800595,-0.9218210277886093,-0.517186356261651,0.05386751996725943
0.23675665973059432,2.2483066503969575,0.8101900599258378,2.7265591536566625,2.065081653726695,0.5745234443310361,0.7606789514016198,0.09174285038948606,-0.519258710360662,-0.6026544355606196,-0.2488567438211001
0.0983125929339601,-0.09831122884946762,0.046253003842071844,0.11229398005256083,0.23172888596527477,-0.7462201058552537,-0.6984312773697622,0.18890097256495966,0.16908611272506552,-0.1398730272431829,-0.07627317113339861
1.6904193610952538,0.012470313896126996,-0.2963572699274963,-0.7475473893388215,-0.4565561879679447,-0.7462201058552537,0.18811670973183697,0.11013965458839249,-0.49852701343966604,0.4035971995845364,-0.41568045849630914
-0.5939077410492111,1.982758688689132,-0.08920164459464824,2.2141284385648285,1.800757864112069,1.8952669945173257,-0.2736270335502459,0.16015596600416868,-1.0498851809208376,-0.966654109524891,0.12211241079396502
0.3752007265272286,-1.0791755059097643,-0.46922474326288904,-0.9646790482760392,-0.6781284955895531,1.8952669945173257,0.16964696000055354,-0.1203952980291512,1.4309641462011309,0.4935031639015705,-0.5744022257429335
0.30597869312891146,-0.6893539611576897,-0.024593977437500154,-0.582527328546536,-0.3905369696137077,-0.7462201058552537,0.9361415738488111,-0.01978777506638273,1.263142371758385,0.6415671458679393,-0.5625856948189367
-0.04013147386267415,3.556714383613156,0.27483642796085916,1.9709409805551448,1.9079935687637575,-0.7462201058552537,-0.9200682741451619,0.3573467110111947,-1.0904300818612664,-0.7196221882395639,2.747704577677409
0.5828668267221799,4.638327379052409,1.8392870877024758,2.7265591536566625,2.865359684386872,-0.7462201058552537,0.16041208513491192,0.5390151524753937,-0.5859150523598137,-0.11237676062775595,0.2789153246841994
1.4135312275019853,-0.7370357447573335,-0.2665031204950861,-0.30459880510689724,-0.7987655768702314,-0.7462201058552537,1.915038309606827,-1.1258956275256191,0.7200506403912814,-0.19669657597100135,-0.5918917688386007
0.7213108935188142,-0.46891832382212095,0.41678626350107334,0.09492344733758341,-0.06240591924904584,0.5745234443310361,-1.0124170228015785,-0.20950481836760296,1.646022698438551,0.3221325270501163,0.3840680488885965
1.4135312275019853,-0.5036857012755676,-1.0121147725476116,-0.9907348473485054,-0.3547979076347536,-0.7462201058552537,0.6867999524764865,1.1990005031111544,-1.5449528548633555,-1.219023906496283,-0.5315575447277832
-1.701460275422285,1.0900845289288883,0.1549958940395675,-0.24380194060447627,-0.8089014867849258,-0.7462201058552537,-1.0678262719954283,-1.1678633371043738,-0.588670531064503,0.38044571550427825,2.678463158310132
0.5828668267221799,-0.19576692008298288,0.7482816963811115,-0.5564715294740699,-0.06625781193282745,0.5745234443310361,-0.9293031490108037,0.6821652851481326,1.563620763841175,2.0976279100469557,0.2893758512454881
0.8597549603154484,-1.0658928488400108,-1.013399609278424,-1.1123285763533473,-0.8750009529034084,-0.7462201058552537,0.23429108406004526,-0.6136596106123241,-1.3208405868819557,-1.153293553571368,-0.5757049133552636
-0.5939077410492111,-0.2628901073115557,-0.5732063636201622,-0.25248720696196497,0.21093648448578073,0.5745234443310361,0.41898858137287825,0.6499708778000467,-0.7558362391489896,-0.7123601945736386,-0.48259902645020775
-0.5939077410492111,-0.6163565738092169,-0.797979052150198,-0.5564715294740699,-0.27557484560966916,-0.7462201058552537,-0.20898290949075438,0.2026985757141394,-0.9670896065085056,-0.9214683711591327,-0.45377280318394636
-1.4937941752273336,-0.8748382175962323,-0.6492167939113235,-0.7475473893388215,-0.33175651112140636,0.5745234443310361,-0.9662426484733703,0.4585291341051789,-0.14674423214099372,-0.4369320160048852,-0.10892390933915065
0.9289769937137655,-0.7044776288088286,-0.3888246061366033,-0.6346389266914682,-0.9232607237396332,-0.7462201058552537,0.5298070797605784,-1.2494991557370203,0.27838676801107587,-0.011826079099557586,-0.5449845713075299
0.5828668267221799,0.20580204876330246,0.4379049041484791,-0.32196933782187465,-0.29569234281550916,1.8952669945173257,0.5852163289544281,-0.17501081049465408,0.3828325322459669,0.9471294947341867,-0.44400869232089496
0.7905329269171313,1.4972128909425304,2.6461894384304534,1.693012457115506,0.8683364573594055,0.5745234443310361,-1.0124170228015785,-0.23422552400988333,1.255007148915969,0.8296341613188288,2.22924700042888
-1.4937941752273336,0.2524657125133254,-0.030097461317008772,0.00807078376269632,-0.6041338840503069,-0.7462201058552537,-0.8923636495482369,-0.9407777852741254,-0.3039377315799378,-0.1489970705670379,0.461034350831269
-0.2477975740576255,-0.3113808715683165,0.1315978472430746,-0.5564715294740699,-0.5022233387285474,-0.7462201058552537,0.5113373300292948,-0.31643624277374555,0.6617919477778497,0.8935334987467796,-0.4970616072331737
-0.3170196074559426,-0.5983510803421211,-0.18465933341806678,-0.3653956696093182,-0.9481601646405098,0.5745234443310361,0.2065864594631202,-1.3891998876224643,0.5740102690427465,0.0026979082322933497,-0.5068345126117514
-1.5630162086256507,-0.17082762045882188,0.7770707940720502,-0.49567466497164886,-0.4429963734454445,-0.7462201058552537,-1.0770611468610702,-0.26182073030824266,1.5550919011838034,1.9548707696056864,1.2034596563586668
-1.4245721418290165,-0.4987895990361279,-0.46765393851097187,-0.08746714616967949,-0.7282627718931525,-0.7462201058552537,-0.9385380238764451,-1.0919765197838858,-0.29344066984778794,-0.6559400899383716,0.10534291865701191
-0.10935350726099127,-0.66975686230727,-0.11294480723984539,-1.0689022445659038,-0.8016853609077773,0.5745234443310361,0.7145045770734115,-0.37277645563289585,0.9553160364630903,2.2228507495427214,-0.5509225182594295
0.23675665973059432,1.4786812550028117,2.0484469645326695,0.346796171704756,0.1185239822347135,-0.7462201058552537,-0.5229686549225707,-0.17386101023222225,0.790905807083293,1.8064033435467661,0.2442572383095741
1.5519752942986196,-0.9730411482783426,-0.9408682177278447,-0.24380194060447627,-0.7537362929536311,-0.7462201058552537,1.859629060412977,-1.0707052149289005,-1.087937029699881,-1.2717199118156903,-0.6067770360240485
-1.770682308820602,0.39592763344248205,-0.1841051156678259,0.19046137726995924,0.24667348882975407,-0.7462201058552537,-1.1417052709205617,0.12796155865608283,-0.6024479245879496,-0.46309381369879604,3.775128800949951
0.5136447933238628,1.162390317127355,1.1138837990474897,0.9113384849415221,-0.5802961827994471,0.5745234443310361,-1.0678262719954283,-1.1799362398599063,0.2438776775666332,0.299912067798823,2.7689400347300506
1.205865127307034,-0.4146146125811876,-0.2665031204950861,-0.7736031884112876,-0.25830511521705235,0.5745234443310361,0.14194233540362866,0.7362058974824197,0.02895033860086481,0.5362061693900894,-0.47248753222386836
0.30597869312891146,-0.1791570707721627,-0.04596770937662477,0.5118162324970414,0.22795106814079658,-0.7462201058552537,-0.44908965599743744,-0.16523750826398495,0.11765051023753101,-0.4873935617347773,-0.27889990817331034
0.1675346263322772,-0.17709496321480508,0.5543289344773119,0.24257297541489148,-0.003388832733969496,-0.7462201058552537,-1.0124170228015785,-0.24859802729027883,1.176147972653193,0.3294255548770073,0.6579391562068954
1.205865127307034,-0.5079914794698892,-0.7956283819885624,-0.9299379828460843,-0.5690985332347359,0.5745234443310361,-0.015050537312279602,0.18602647190888058,-1.0418811713500733,-0.5923200599591104,-0.46598014039164215
1.759641394493571,-0.5310792749475803,-0.7867145177498486,-0.4435630668267166,-0.8776408985835856,-0.7462201058552537,0.07729821134413697,-1.2242035499635242,-1.004879028744245,-0.9585852276738628,-0.4823714683609653
0.5828668267221799,5.753805549384216,8.46708127560733,2.7265591536566625,-0.39213163672371343,-0.7462201058552537,0.4743978305667283,-1.281693563085106,1.4617992650393214,3.045224980967329,0.24460517133008253
1.6904193610952538,0.2795618058170044,0.635740317061372,1.3282312701009802,1.5769427343615494,-0.7462201058552537,1.5825828144437273,0.5280920499822931,0.5608889418775592,-0.2928093724811342,-0.510345173278398
0.0983125929339601,-0.7447402178571366,-0.014709255024175213,-0.8604558519861747,-0.7453925831070849,0.5745234443310361,-0.5044989051912874,-0.5509954963097998,1.4955210758538529,1.461179336966618,-0.4122159690361756
-0.8707958746424795,0.13872937706897498,0.47828541267026886,-0.6259536603339795,-0.5980597455874206,0.5745234443310361,-0.0519900367748461,-0.45613697465918956,0.5248052921732939,1.7868518221385052,-0.346531381542058
1.275087160705351,-0.4746434177032583,-0.8187871015619257,-0.2959135387494085,-0.3593864336416088,-0.7462201058552537,-0.28286190841588754,-0.3216103439546878,-1.1154918167467742,-1.0708668220470177,-0.40779672498422026
-1.4245721418290165,-0.060772085995255534,-0.8392367464059729,-0.04404081438223594,0.15694825786341915,0.5745234443310361,-0.9015985244138787,0.2584638884420738,-1.3233336390433414,-1.1686554632492872,0.29582717804123415
-0.7323518078458453,1.0714089115147505,2.300577477550976,0.9808206158014319,1.3223206936807,0.5745234443310361,-0.0519900367748461,0.5844322628414436,1.4179740323075953,1.1967993197015807,-0.18241198039117976
1.759641394493571,-0.2620542826507332,0.5120843574152194,0.06886764826511729,-0.22060101183157502,-0.7462201058552537,-0.7353707768323288,-0.41474416521165064,1.2871544004706779,0.46752757117345245,-0.10231428126393151
1.3443091941036682,-0.7432916178026425,0.03813255429516989,-0.5477862631165811,-0.39574690138472,-0.7462201058552537,0.6406255781482783,-0.08532639002498625,1.6474660444267217,0.6929597164267961,-0.5553060345920592
0.5828668267221799,-0.7117569905044997,-0.14675547732506894,-0.5998978612615133,-0.6782210891636825,0.5745234443310361,0.012654087284645435,-0.6786233254397117,0.9910060463524,0.42969692895651634,-0.5039933344395429
-1.3553501084306994,-0.48403076579898313,0.33575478194186137,-0.7562326556963102,-1.0506427324868906,-0.7462201058552537,-0.6430220281759123,-1.5484472239692464,1.5095608959206033,1.943915710784867,-0.26549981479736295
1.6904193610952538,-0.19503529896381616,-0.09275168678466163,-0.3653956696093182,-0.29959156110384577,0.5745234443310361,3.0878674175433174,-0.13074350039103577,0.05545541947454321,0.15473426280224534,-0.5806881057153415
0.1675346263322772,0.6245277524868031,-0.055965255619688514,1.0503027466613415,1.6750034446345077,-0.7462201058552537,0.5021024551636534,0.846586722675857,-0.5785671091473087,-0.7023051264208188,-0.3841378292468683
0.8597549603154484,-0.571864833995346,-0.8576628580820034,-0.21774614153201013,-0.4343975168612975,-0.7462201058552537,1.9889173085319602,-0.5274245909299511,-1.1494760541046094,-1.1531073486055747,-0.5824893324265675
-0.04013147386267415,-0.55748132873728,0.21995219464750182,-0.01798501530976981,0.33662711727894157,-0.7462201058552537,-0.28286190841588754,0.4999219435527178,1.4648171702873145,0.19697175587628174,-0.4259112283394737
-0.4554636742525769,2.0131256018260966,1.6114583846525994,2.7265591536566625,-0.29959156110384577,-0.7462201058552537,-0.005815662446637814,-1.2299525512756826,0.11161469974154492,-0.22093425568505168,-0.04038770018563711
-0.04013147386267415,0.5638395610191725,-0.2665031204950861,0.27731404084484634,1.361162669210478,0.5745234443310361,0.12347258567234526,1.4738027658323156,-0.7879834907036984,-0.6013199666391035,-0.32019675445583556
1.3443091941036682,0.24329238433805028,0.6082815243651936,1.2326933401686044,2.653577604003208,0.5745234443310361,0.08653308620977876,1.5192198761983655,0.5699426576215383,-0.27183027966846063,-0.36155131474650193
1.205865127307034,-0.031091647243953132,-0.8042196690882077,-0.07878187981219077,-0.4343481336217618,-0.7462201058552537,0.3174049578508202,-0.6309066145487987,-1.2755720081620596,-1.1137560325013294,-0.44077505889332624
0.652088860120497,-1.0822303535314213,-0.44937335133588624,-1.2947191698606102,-0.7737550236803997,-0.7462201058552537,0.5575117043575031,0.7528780012876786,1.5515491428492028,2.6822184001539537,-0.5904153895446267
-0.04013147386267415,-0.8660075165227952,-0.6805052130222485,-1.2339223053581891,-0.9028140049368889,0.5745234443310361,1.6010525641750104,-0.45268757387189473,-0.27664537107634823,0.7634693301403971,-0.5952804056023202
1.4827532609003025,0.7781171839047576,-0.3644136202220748,-0.24380194060447627,-0.40411736048601454,-0.7462201058552537,-0.28286190841588754,-0.4521126737406788,-0.9785051611422185,-0.40263926813801504,-0.13384866565506642
-0.1785755406593084,0.062361847073506935,1.1730711019595093,0.05149711555013987,1.0707130882465061,-0.7462201058552537,0.3266398327164618,1.4772521666196108,1.6793508694381274,1.3082119575677016,-0.4295389659940639
-0.5939077410492111,-0.7738635215133564,-0.11701323975148749,-0.5738420621890472,-0.5813949598791155,-0.7462201058552537,-0.569143029250779,-0.47798317964539067,1.2977826754744797,0.4401554412018875,-0.3985267559623017
-1.0092399414391138,-1.0923312640529113,-0.5956534853205081,-0.24380194060447627,-0.929812233518031,-0.7462201058552537,-0.9662426484733703,-1.3817261859166587,0.8647788790232978,-0.7512770324243673,-0.27784511596737727
0.5828668267221799,1.2902966259821158,2.5430426623006235,1.276119671956048,0.9476335942437932,-0.7462201058552537,1.6841664379657857,0.039426938448846524,1.3838585816781086,1.093548666169384,-0.44305063978575093
0.02909055953564297,-0.18983903195567248,0.07492875657703724,-0.07878187981219077,-0.2043703871041877,-0.7462201058552537,-0.2920967832815293,-0.2681446317516166,0.34792980198656864,0.06942135430810398,-0.34256395572526527
-1.770682308820602,-0.6470880773237784,-0.4364899382885,-0.5477862631165811,-0.19979626454219715,-0.7462201058552537,-1.1417052709205617,0.359646311536058,0.024489087364701026,-0.22621006304918537,1.425884496819894
-0.1785755406593084,-0.5753706608792512,-0.7276526759787509,-0.13957874431461176,-0.29959156110384577,-0.7462201058552537,0.7883835759985446,-0.36702745432073763,-0.8252480598528306,-0.9900228327319075,-0.5447152392695376
0.8597549603154484,0.8094988003817807,1.764587029327611,-0.32196933782187465,-0.15284926482362865,0.5745234443310361,0.26199570865697014,0.09289265065191789,1.2128876887157174,3.068097157598898,-0.3162760495027762
-0.3862416408542597,-1.0471933158589357,-0.5484346280698985,-0.999420113705994,-0.9360448098744275,-0.7462201058552537,0.2250562091944036,-1.0482841098114835,0.8609736941453933,0.34078405779037785,-0.5725894562300792
1.4135312275019853,-0.5105872946281867,-0.7880917241057013,-0.6085831276190021,-0.37126516038491597,0.5745234443310361,2.2197891801730014,0.06932174527206934,-1.022592820417248,-0.8705723471757236,-0.5830928560545584
1.759641394493571,-0.04891216112188014,-0.6758432177296714,0.4510193679946205,0.7450388540487433,0.5745234443310361,1.813454686084769,0.4861243404035384,-1.0622192284561138,-1.087625268968384,-0.5430970484127022
0.3752007265272286,0.39027306608017065,1.4995376666779812,0.14703504548251567,-0.23901684490841532,0.5745234443310361,1.1300739460272862,-0.4958050837130812,1.514678213515026,1.538423363609731,-0.47449982730772505
-1.078461974837431,-0.5202792001477673,-0.6021791583087123,-0.9473085155610618,-0.4873939634229845,-0.7462201058552537,-1.086296021726712,0.5309665506383722,-0.57935438877722,0.030070038203858628,0.8271654225924399
-0.10935350726099127,-0.3109560042005817,0.15461638385939538,-0.5998978612615133,-0.9875432981701995,0.5745234443310361,-1.0678262719954283,-1.4173699940520395,0.7060108203245311,1.043273325405285,0.9253276062678858
-1.0092399414391138,0.6321490091751202,1.3124562147373244,1.154525942951206,-0.1587546772181014,0.5745234443310361,-0.7261359019666872,-0.8539678654605366,0.9465247472624149,0.2890501114609003,0.2539806745383165
1.4827532609003025,0.9071719280453087,-0.6048539689881194,2.3444074339271594,1.8543427942782227,0.5745234443310361,-0.7630754014292538,0.13313565983702527,-1.257595789945753,-1.2539994059043937,0.4460853234082556
1.205865127307034,-0.45690612023681765,-0.41559160375666954,-0.14826401067210046,1.319180742700224,0.5745234443310361,-0.753840526563612,2.317181258325923,-0.23321377815957803,-0.5470412191104556,-0.16577440598712082
-0.04013147386267415,1.3273474520052897,-0.8984379894447616,2.240184237637295,1.1566296368636535,-0.7462201058552537,1.1762483203554943,-0.2572215292585161,-1.5784122391345834,-1.4045150865870364,-0.39693220036594323
-1.0092399414391138,-0.5824445439283784,0.07327913148217312,-0.22643140788949884,-0.4342658282225357,-0.7462201058552537,-0.8184846506231037,-0.5199508892241455,1.1802155840744009,0.2351127397028729,-0.1537940772114471
0.30597869312891146,-0.03163365208240196,-0.2665031204950861,-0.1743198097445666,-0.33484502122736587,-0.7462201058552537,1.1393088208929276,-0.39462266061909695,-0.4148129461257708,-0.31565051495173724,-0.5121458503324036
-0.3170196074559426,-0.18963428541832048,0.1063952705785547,-0.2611724733194537,-0.6628958238277823,0.5745234443310361,0.12347258567234526,-0.8999598759578021,0.40369544243861477,0.3305117505107995,-0.4356451080554035
-0.04013147386267415,0.45115526648367055,-0.34610332885163064,1.0242469475888754,0.6843962358989515,0.5745234443310361,0.1973515845974786,-0.03875947939650491,-0.8311526570771648,-0.9216545761249256,-0.3534246327429996
0.9289769937137655,-0.25679066159692887,-0.5987858448336826,-0.9473085155610618,-0.6211999085798391,-0.7462201058552537,1.4348248165934605,0.04575083989222079,-0.8084527610813907,0.04055958461019518,-0.5445959636527125
0.3752007265272286,-1.1810831531395962,-0.9177868854002837,-1.1904959735707457,-0.9206104898845527,-0.7462201058552537,-1.0308867725328619,-0.6786233254397117,-0.5842092798283393,-0.6223611277737079,-0.2513367971995108
0.9289769937137655,-0.4987295660823871,-0.4244555701584435,-0.5912125949040247,-0.9643681553831098,0.5745234443310361,0.8160882005954696,-1.364479181980184,-0.19424343647897188,-0.14738329419683244,-0.53831777888139
-1.078461974837431,0.13241151877874643,0.006336818795095949,-0.21774614153201013,-0.7484440557833927,-0.7462201058552537,-1.0124170228015785,-1.0724299153225478,-0.14910607103072748,0.12522077572406104,0.948405514323283
-1.2861280750323822,-0.46048711033109757,-0.9936527031614103,-0.6346389266914682,-0.5230527776376931,-0.7462201058552537,-0.6707266527728373,-0.2595211297833793,-1.5120183236787355,-1.2868335482058857,-0.2380576284120497
-0.1785755406593084,2.160270276027216,1.0051734792396412,2.7265591536566625,0.9338330364285566,-0.7462201058552537,0.3912839567759535,-0.5406472939479151,-0.3616715711067621,-0.5097691917908981,-0.16969730956906173
-0.8015738412441624,-0.6155502775524702,-0.970661004546159,-0.24380194060447627,-0.09690834260462783,-0.7462201058552537,-0.7169010271010455,0.0911679502582703,-1.4137395832114823,-1.3166573768937246,-0.26393658966256683
0.9981990271120826,-0.1905159889218393,0.13327040189225045,-0.24380194060447627,-0.7836069799677641,-0.7462201058552537,1.693401312831427,-1.123596027000756,0.45303163257971923,0.34770467568568275,-0.5489085742039115
1.5519752942986196,2.3905081233339542,3.204779568059273,1.4324544663908447,0.8369307746497054,-0.7462201058552537,0.6313907032826365,-0.13649250170319396,0.9235624247233369,1.4089798782226586,-0.20542557855179105
0.8597549603154484,-0.4348218024249083,0.254622462456301,-0.2785430060344311,0.23489147093053772,0.5745234443310361,-0.28286190841588754,0.7390803981384988,1.1917623519797662,0.5837505039892251,-0.39908905529876315
0.652088860120497,-0.25679066159692887,-0.04751376063240984,-1.0515317118509262,-0.7712200173842358,-0.7462201058552537,1.8873336850099018,-0.28194223490079634,0.22537660626371908,2.347670144945935,-0.559402629855644
-0.04013147386267415,0.2100639004061064,-0.74071783180037,0.29468457355982375,-0.3819381130295607,-0.7462201058552537,0.7606789514016198,-0.7683077459093796,-1.2522160458080263,-1.1230662807909773,-0.46139654883078957
0.5828668267221799,-0.45022269542340304,0.0068075260662809394,-1.0167906464209715,-0.8412145865210936,0.5745234443310361,0.8160882005954696,-0.64585401796041,0.6871161092066611,2.311391210777274,-0.5333966977872163
1.1366430939087169,-0.8091809570063634,-0.34633197298695567,-0.6520094594064456,-0.7890761737463385,-0.7462201058552537,-0.4213850314005125,-0.9039841768763128,0.6963010382222924,0.1064140741789721,-0.4526943757175364
1.1366430939087169,0.5140158699602476,1.6190173206819791,0.08623818098009471,-0.34111051974345286,-0.7462201058552537,1.5641130647124437,-0.5992871073319286,1.4616680517676692,1.7926241760780872,-0.4920168532644119
0.9289769937137655,-0.37884009691599946,-0.806062632016019,-0.16563454338707786,-0.52468242454237,0.5745234443310361,2.0443265577258103,-0.7200161348872506,-1.1404223383606302,-1.092466598079001,-0.5713279929092786
-1.701460275422285,2.23736308219552,0.5957522165940545,-0.24380194060447627,2.210986492569787,-0.7462201058552537,-1.0678262719954283,4.1723839817593715,-0.6542771668904396,1.0449491700974216,4.114063932760544
0.7213108935188142,-1.0468638667225532,-1.0171831160214304,-0.912567450131107,-0.6316094839469603,-0.7462201058552537,-0.28286190841588754,-0.07497818766310137,-1.3544311844248356,-1.2665992752563842,-0.5329272905210013
-0.10935350726099127,-0.707886817279395,-0.5933856742301356,-0.24380194060447627,0.09970896797162648,-0.7462201058552537,-0.7261359019666872,0.43840762951262524,-0.298557987442211,-0.7478322405571974,-0.29478994875763553
-1.078461974837431,-0.5344669882151825,-0.39498887808127936,-0.035355548024747226,-0.17509641423444397,0.5745234443310361,-0.7630754014292538,-0.26182073030824266,-0.07024689476795155,-0.589092507218699,-0.19059802537448445
1.6904193610952538,-1.0847610109716344,-0.4979949501278321,-1.2860339035031214,-0.8736202798313905,0.5745234443310361,1.8503941855473354,-0.04508338083987887,1.321269851100165,2.2670433947575837,-0.6141913622699222
1.205865127307034,-0.24778083780785878,-0.2879715671273055,-0.21774614153201013,0.25216737422809654,-0.7462201058552537,0.4743978305667283,0.6637684809492265,-0.23596925686426765,-0.31021953678277586,-0.4860827539130551
0.5828668267221799,-0.7202645873878842,0.04040531608476882,-0.9212527164885956,-0.9070918280616656,1.8952669945173257,0.8160882005954696,-1.0172395027258292,1.5616525647663968,1.885540454008774,-0.5607943619376777
0.0983125929339601,-0.241417832784126,0.6299657172584376,-0.0961524125271682,0.05623731373538019,-0.7462201058552537,-1.0493565222641452,0.16418026692267929,1.4583877199763724,0.8430098846949564,0.8464336564532969
-0.10935350726099127,-0.8498996500812631,-0.2665031204950861,-1.2252370390007006,-0.7135918344810999,-0.7462201058552537,0.021888962150287062,0.6948130880348808,1.10870435102413,2.9043919585059204,-0.5279215622148872
-0.04013147386267415,-0.07801545379351969,-0.7159552159592075,-0.08746714616967949,0.3267751609915771,1.8952669945173257,0.8714974497893196,0.5832824625790117,-1.114966963660167,-0.992009019033699,-0.49960981810691313
-1.147684008235748,-0.03220860183448883,-0.21134529590869028,-0.5912125949040247,-0.7783270886074097,-0.7462201058552537,-0.6522569030415539,-0.9241056814688665,-0.32598156121745275,0.2828432792678018,-0.09791482487191033
-0.1785755406593084,1.3053885689016032,0.6914919649918199,1.8927735833377464,2.066653686851914,0.5745234443310361,0.1973515845974786,0.5125697464394661,-0.21681211920309393,-0.45626629828638754,-0.22929279437567177
0.4444227599255457,-0.3786487723805004,0.4243773790754249,0.13834977912502697,0.6247001298402596,-0.7462201058552537,-0.3567409073410209,0.7045863902655496,1.4038029989691934,0.28563635375469604,-0.36491686590696487
-0.3862416408542597,-0.7454611013748212,-0.8103574938764903,-1.121013842710836,-0.5692014149837685,0.5745234443310361,-0.28286190841588754,0.904076735797439,-0.8811449135765286,-0.2984265556158885,-0.46701789322374304
0.1675346263322772,-0.7017929844019065,-0.2665031204950861,-0.6780652584789117,-1.0520707311634634,-0.7462201058552537,-0.042755161909204475,-1.562819727249642,0.6194100610342946,0.3274704027361811,-0.4956149094291008
-0.5939077410492111,-0.11755081437781277,0.5407339235569083,0.5726130969994625,-0.29959156110384577,-0.7462201058552537,0.42822345623852004,-0.7924535514204438,1.0329942932809995,0.038728569113231213,-0.46532439932771397
0.9981990271120826,-0.5693710260511284,-0.7965851697548458,-1.0341611791359488,-0.7868806772219823,-0.7462201058552537,-0.45832453086307906,-0.3888736593069388,-1.0005489907797331,-0.4307872521337175,-0.3791524382579088
-0.3170196074559426,-0.9700595115758817,-0.555038991119491,-0.8604558519861747,-0.5949177369719642,-0.7462201058552537,-1.0401216473985035,-0.06750448595729558,0.496594438768141,-0.01825015041941462,-0.006174836159529731
-0.8015738412441624,-0.4443297045009095,-0.2521893462159425,-0.999420113705994,-0.7923992542400925,-0.7462201058552537,-1.0955308965923534,-0.4825823806951172,0.10741587504868486,1.334715131032233,1.0394688749973604
0.3752007265272286,-1.1077438707984775,-1.020246165745435,-1.0689022445659038,-0.8177863546313835,-0.7462201058552537,-0.40291528166922913,-0.44406407190365743,-1.3183475347205704,-1.2077274719048432,-0.531725190180003
-0.8015738412441624,-0.25679066159692887,-0.2665031204950861,-0.08746714616967949,-0.15300564508215808,-0.7462201058552537,0.12347258567234526,-0.17846021128194894,-0.1853209340066443,-0.3837084299490641,-0.4459346912211501
0.02909055953564297,-0.6779811329333658,-0.488278290925088,-0.8257147865562198,-0.1493183631968289,-0.7462201058552537,-0.1443387854312627,1.2300451101968084,-0.05699435433111236,0.09080389121332895,-0.47698262897223775
0.4444227599255457,-0.9600384009563157,-0.3206232524673142,-0.8083442538412424,-0.8164262579091722,0.5745234443310361,1.0377251973708697,-0.836720861524062,1.4082642502053573,0.48571358949923166,-0.5911321425600183
-1.2861280750323822,-0.1294236731802461,-0.6572443527069508,0.1644055781974931,1.137065643467609,0.5745234443310361,-0.7723102762948955,1.3680211416886052,-0.9918889148507097,-0.9975330996855568,0.00098499879330227
-0.1785755406593084,-0.9159878789488,-0.20101696478836706,-0.5912125949040247,0.11642313691946723,-0.7462201058552537,-0.7723102762948955,1.1944013020614277,1.646022698438551,0.3036672012756478,-0.35333943587383876
-0.524685707650894,0.6598090705930064,1.2395836157847984,1.9361999151251899,3.0649523351451498,0.5745234443310361,0.4928675802980116,1.1673809958942842,0.8326316274685885,-0.14999016371793386,-0.37848405507791155
-0.5939077410492111,-0.25679066159692887,-0.7051689451604413,2.5702243592218657,0.4395726529959693,0.5745234443310361,-0.28286190841588754,-0.7849798497146382,-1.0080281472638901,-1.3175573675617243,-0.3601579336928071
-0.8015738412441624,-0.25679066159692887,-0.2614093721173423,0.9981911485164092,0.6307845564780494,0.5745234443310361,-0.28286190841588754,-0.07210368700702227,-0.17574236517605774,-0.8487242978560163,-0.3601579336928071
0.4444227599255457,2.8932345715247085,5.058989572542012,1.3282312701009802,2.314055486385654,-0.7462201058552537,0.16041208513491192,1.135761488677414,1.6437920728204698,2.8153239165349544,0.018612505851288024
1.3443091941036682,0.5692332534727488,0.03377085799514203,0.01675605012018503,-0.453936818637574,-0.7462201058552537,-0.28286190841588754,-0.7211659351496823,-0.44499199860570166,-0.07532197243495671,-0.1795268296413398
-0.3862416408542597,-0.34513867044604846,0.04082000228576016,-0.8865116510586408,-0.817197871026917,0.5745234443310361,-0.7630754014292538,-0.7499109417104732,0.5459306289092455,1.724876602690415,-0.10698306969394496
0.0983125929339601,-1.085498733000734,-0.7908839184693979,-0.8691411183436634,-1.0481797434150493,1.8952669945173257,-0.13510391056562104,-1.5214269178021027,-0.1682632086919009,-0.654140108602373,-0.5555412878823871
-0.5939077410492111,0.7592102199859603,-0.05095970785710992,0.3641667044197334,0.13176074806525132,0.5745234443310361,0.058828461612853725,-0.17098650957614314,-0.6410246264536004,-0.4161080939970392,-0.2724381378903768
-1.5630162086256507,-0.7510573440381733,-0.7506450260017952,-0.8344000529137086,-0.5848682477264571,-0.7462201058552537,-0.28286190841588754,-0.08992559107471262,-0.6953469209174759,-0.5858028861563567,-0.46824197985355703
-1.4937941752273336,-0.39646220920290487,0.1664710937201567,-0.5651567958315585,-0.7242997669204156,0.5745234443310361,-1.086296021726712,-0.8177491571939399,0.9103098842864977,0.9821049941422976,1.001465574779427
-0.7323518078458453,1.4280324768845465,0.29084659841440047,0.9373942840139883,-0.29959156110384577,0.5745234443310361,-0.30133165814717094,-0.9183566801567082,-0.608352521812284,-0.38544634296313174,0.021242065993645486
-0.3170196074559426,-0.25679066159692887,-0.4609088713781025,-0.9386232492035731,-0.47814077891498996,0.5745234443310361,-0.8461892752200286,0.5361406518193146,-0.5498314026555484,0.44170714925016213,0.05605570536164172
0.3752007265272286,-0.4562740659677577,-0.6983563921802223,-0.7562326556963102,-0.9179191033298593,-0.7462201058552537,-1.1140006463236367,-1.1741872385477479,-0.8596259370256214,-0.5443102129454922,1.2781894030715624
1.3443091941036682,-0.30947323905046276,0.3984088771279555,-0.6606947257639343,-0.9339172153044327,-0.7462201058552537,-0.3752106570723041,-1.2644465591486316,1.1795595177161418,1.733876509370408,-0.34210279331735605
1.4827532609003025,0.30640239301268896,0.6209653460648203,-0.5564715294740699,-0.1429067725971154,-0.7462201058552537,2.21055430530736,0.5068207451273078,0.5084036332168098,1.8490442807133538,-0.5335885281571333
-1.2861280750323822,-1.1749949330992462,-0.8051225202892351,-1.3381455016480537,-1.0341343270371153,0.5745234443310361,-1.0031821479359369,-1.1414179310684462,0.1034794768991288,0.689545958720592,-0.2932987287187108
-0.4554636742525769,-0.8486172388133444,-0.23229183461719885,-0.6780652584789117,-0.05839353103677337,-0.7462201058552537,-0.005815662446637814,1.0081336595475023,1.2206292717431781,0.40291444804329546,-0.5250243190061986
0.02909055953564297,1.5579891795495935,-0.2665031204950861,0.4423341016371318,-0.03478628490374658,-0.7462201058552537,0.2989352081195368,-0.4245174674423195,-1.094104053467519,-0.6744054157128403,-0.2226804180143507
0.0983125929339601,-0.9970453004279718,-0.6357902370461763,-0.7475473893388215,-0.64059517590747,0.5745234443310361,0.8068533257298282,-0.40439596284976576,0.2547683791137387,-0.40493579604946156,-0.5886141628334006
0.1675346263322772,-0.7233721468713628,-0.3039838220857843,-0.877826384701152,-0.7102502352725201,-0.7462201058552537,0.751444076535978,-0.4089951638994925,0.5708611505231013,0.7204870172031888,-0.5583220037603526
-0.3862416408542597,0.09413782636859991,0.34913495857215054,-0.04404081438223594,0.10724814254073749,0.5745234443310361,-0.28286190841588754,0.18200217099036997,0.39490415323793937,0.39531107860674963,-0.2834180905249362
1.205865127307034,-0.4015332855392234,0.17832254654195306,-0.3653956696093182,-0.6033396369477749,-0.7462201058552537,-0.513733780056929,-0.7200161348872506,0.9469183870773702,0.6031468545926585,-0.31010394857498946
-0.10935350726099127,1.2745367554431626,0.0427296693715694,1.8059209197628592,2.5974350335561036,-0.7462201058552537,-1.086296021726712,0.9443197449825463,-0.7612159832867164,-0.8216935436550715,3.3537698206554087
0.0983125929339601,0.5393038975961794,-0.44950793218590956,0.3989077698496883,1.194769958865029,0.5745234443310361,1.1023693214303611,1.0834455767367746,-0.9903143555908871,-0.8442243445160197,-0.45918967509091396
-0.04013147386267415,-1.172924772340777,-0.7635172348351427,-1.268663370788144,-0.6722765817045773,-0.7462201058552537,0.17888183486619533,1.279486521481369,0.3530471195809917,0.49676175080294743,-0.5886757244420845
0.7213108935188142,-1.20123177424796,-1.0680665329520536,-1.2947191698606102,-0.29959156110384577,-0.7462201058552537,1.3240063182057606,4.333356018499801,-1.529076048993479,-1.3009540914451854,-0.6169660319184632
-0.5939077410492111,-0.25679066159692887,-0.2665031204950861,-0.5564715294740699,-0.3290754127416161,3.2160105447036154,-0.7261359019666872,0.08024484776516999,-0.1853209340066443,0.11625190320503344,-0.11005730252759982
-0.10935350726099127,-0.6368963852624853,0.12663711633665112,-0.24380194060447627,0.4358812558406785,-0.7462201058552537,-0.6707266527728373,1.0328543651897824,1.4927655971491631,0.337711675854794,-0.3031947573146564
-0.04013147386267415,0.32662739751341374,-0.2581645796191049,0.7810594895791915,0.01071831269338446,-0.7462201058552537,-0.8554241500856704,-0.5550197972283104,-0.6566390057801733,-0.7857249510960648,0.39370079167597416
-1.4937941752273336,-0.6845154515080176,-0.45793102579341555,-0.8083442538412424,-0.8232287991552095,-0.7462201058552537,-1.1417052709205617,-0.8574172662478314,0.04010346669127397,0.1340344774382613,1.3415846682427455
-0.3862416408542597,-0.36319028679223797,0.46509909499916136,-0.2698577396769424,0.6792089381127265,-0.7462201058552537,0.3266398327164618,1.524393977379308,1.4463160989844004,0.8936886695516072,-0.4862542469658175
-1.5630162086256507,-1.20123177424796,-0.9262233980083244,-1.4076276325079633,-0.8737684295499976,0.5745234443310361,-1.104765771457995,0.9035018356662232,-0.5767301233441825,0.22183011880964185,-0.05781238372929792
-0.10935350726099127,-0.8177056364375603,-0.8690546775650951,-0.4435630668267166,-0.346670249461176,-0.7462201058552537,0.17888183486619533,-0.12499449907887757,-0.9897895025042797,-1.103856135153337,-0.5363829854656085
-0.04013147386267415,0.1257439563311577,0.7765068052049149,0.5899836297144399,-0.48445154540065133,0.5745234443310361,-0.8461892752200286,-1.002292099314218,0.9752604537541751,0.2476195065719668,0.2611998724709509
-0.3862416408542597,0.023292840044493203,-0.042001547888475536,0.6420952278593721,-0.7320652813373985,-0.7462201058552537,0.4651629557010865,-1.2839931636099693,-0.11394091422802521,-0.542913675702045,-0.4520270918519799
0.9981990271120826,0.8908383279362548,0.5782371638572426,2.1620168404198963,1.112291718300552,-0.7462201058552537,1.9519778090693938,-0.2566466291273002,-0.07142781421281828,-0.5936234947196611,-0.48625039936527475
-0.04013147386267415,0.30569761589722744,0.3410723540372625,0.47707516706708664,-0.29959156110384577,0.5745234443310361,0.17888183486619533,-0.7522105422353366,0.14192496549312753,-0.08779770514308517,-0.37100376996559076
-1.2861280750323822,0.6154327599950681,1.2381677158060447,-0.24380194060447627,-0.10712450028356765,-0.7462201058552537,-0.753840526563612,0.0727711460593642,0.8835423768695156,2.013494299669503,0.2987040839327682
0.8597549603154484,-0.1826602132556973,0.5014430899911636,-0.3914514686817843,0.19507417641993022,-0.7462201058552537,-0.19051315975947097,0.8822305308112377,1.0941396778707722,1.194068313536617,-0.37074213312868404
-1.4937941752273336,-0.2434821366690594,0.527917866075313,0.09492344733758341,0.379234564823314,1.8952669945173257,-0.8461892752200286,0.41656142452642425,1.2739018600338385,0.4565104440307024,0.06319300436843764
0.8597549603154484,-0.2823319990132795,0.6403504602936303,-0.9038821837736182,-0.4144343422790065,-0.7462201058552537,-0.5229686549225707,0.6453716767503204,1.5804160626126147,3.5454956557310817,-0.2708639196111728
-1.2861280750323822,-0.9866129884789209,-0.986534379363181,-1.0515317118509262,-0.7635470965413824,-0.7462201058552537,-0.753840526563612,-0.24859802729027883,-1.2658622260598211,-1.0935838278737586,-0.3952150712094372
-1.4245721418290165,-1.1819072640533472,-0.6713561905702802,-1.060216978208415,-0.7349871230099251,-0.7462201058552537,-0.781545151160537,-0.10199849383024477,0.9899563401791845,0.08605566458560851,-0.4695858917574166
-0.3170196074559426,-0.6142573727194667,-0.2665031204950861,-0.9386232492035731,-0.3207934319444896,-0.7462201058552537,-0.5229686549225707,1.0995427804108173,0.4017272433638369,1.0354216826810154,-0.3679570199929555
0.7213108935188142,-0.7952921135256658,-0.84354398501451,-0.730176856623844,0.157149906091523,1.8952669945173257,0.040358711881570475,1.756078730259283,-0.9306123169892847,-0.9118788154207953,-0.5207303968004928
-1.701460275422285,-0.6354326549513575,-0.41292956067000436,-0.33933987053685205,-0.6426301769033355,-0.7462201058552537,-1.058591397129787,-0.814299756406645,0.06450913521852235,-0.39813931479801856,0.4579359330799168
-1.4937941752273336,-0.3305870241102289,-0.3262567573422956,-0.23511667424698757,-0.794261413897583,-0.7462201058552537,-1.086296021726712,-1.145442231986957,-0.21064509543545598,-0.35245702985681227,1.094199343746277
0.9289769937137655,2.38707867984241,3.3642956569888254,2.7265591536566625,3.7199304716465464,-0.7462201058552537,0.5113373300292948,1.0161822613845237,1.0249902837102352,0.6141639817354085,-0.1754802531848106
1.0674210605103998,-0.25679066159692887,-0.04685062749918786,0.8331710877241237,1.61929297753334,0.5745234443310361,1.213187819818061,1.015032461122092,0.22668873898023767,-0.6227335377052938,-0.5353457822907279
-0.3862416408542597,-0.6043965940129402,-0.9862289993898465,-0.7562326556963102,-0.816280165825546,0.5745234443310361,-0.6430220281759123,-0.8873120730710541,-1.457433602671556,-1.236961651534338,-0.3078602478013475
1.275087160705351,-0.9917238427480026,-0.3708995573349091,-0.24380194060447627,-0.8334038041345365,0.5745234443310361,2.635358549126876,-1.2115557470767762,1.3674569227216242,-0.4124150288421454,-0.6157914144384846
0.652088860120497,-0.6851299351564705,-0.6277858683679779,-0.5564715294740699,-0.6359984193606922,-0.7462201058552537,0.2527608337913285,-0.6228580127117771,-0.4318706714405145,-0.58915457554063,-0.5233192823085413
-0.8707958746424795,1.1677661949239269,2.6312531788643674,1.5019365972507543,1.3315594747438297,0.5745234443310361,-0.18127828489382933,0.21419657833845582,1.603509598423344,0.9632982925972086,-0.10635261286215476
-0.1785755406593084,-0.25679066159692887,-0.7197311663718156,-0.08746714616967949,0.40563196399010554,-0.7462201058552537,-0.7630754014292538,0.7080357910528444,-1.0353205077674796,-0.9971296555930054,-0.06796565190438723
-0.4554636742525769,2.572282294424034,1.7249394848544473,1.0589880130188303,-0.010759281234666865,-0.7462201058552537,0.3912839567759535,-0.6906962281952439,-0.0726087336576853,0.6724151018676396,-0.11697034138847563
-0.10935350726099127,-0.10071523139947103,-0.736343498189159,0.37285197077722215,-0.4660233665139271,0.5745234443310361,-0.9847123982046536,-0.9068586775323919,-1.1392414189157634,-1.1338351346460036,0.5766921238318065
-1.2169060416340651,2.2946933328360215,2.067280857487086,1.5714187281106642,0.7136146526242176,0.5745234443310361,-0.9754775233390118,-0.2974645384436235,0.2659215072041478,0.5432509239292564,2.4598974611932802
-0.04013147386267415,-0.11517512004989845,0.07707371215765961,0.21651717634242534,0.005621550846308007,-0.7462201058552537,0.17888183486619533,-0.21640361994219298,0.24361525102332948,-0.1831656817900461,-0.4329616815054476
0.30597869312891146,-1.0882385296334502,-0.6410683338293247,-1.1296991090683246,-0.5883477084787404,0.5745234443310361,1.4440596914591024,0.8546353245128785,0.6094378523887521,0.4433519597813333,-0.6095247724687904
1.4827532609003025,-0.41403038944600246,-0.5907933317773157,-0.3306546041793634,0.2406981168459391,-0.7462201058552537,1.5641130647124437,0.8477365229382885,-0.6630684560911151,-0.6919707508193095,-0.5610037813386473
0.7905329269171313,-0.7595132052053261,-0.7053191597974953,-0.877826384701152,-0.5553123788643638,-0.7462201058552537,1.8411593106816935,0.10036635235772336,-0.5464198575925998,-0.40422201034725525,-0.5920945923529255
1.275087160705351,-1.1857259455986173,-0.9553693368882403,-1.3034044362180988,-0.8468381029232169,-0.7462201058552537,0.031123837015928687,0.2532897872611314,-0.8121267326876432,-0.5493687811828675,-0.5840003401254263
0.652088860120497,1.81998519149442,2.0225393040730615,1.6409008589705738,-0.29959156110384577,-0.7462201058552537,-0.30133165814717094,-1.081628317422001,0.5160140029726185,0.47097236304062245,0.10864965649489285
-1.078461974837431,-1.1810316614597616,-0.815581132968148,-1.1818107072132569,-1.0125394479151668,0.5745234443310361,-0.28286190841588754,-1.2127055473392079,0.06595248120669309,-0.1532487506193105,-0.5622668936311092
0.4444227599255457,0.22326993004710116,-0.2665031204950861,-0.41750726775425046,-0.18498746558644072,1.8952669945173257,-0.9570077736077286,0.16820456784119023,-0.6049409767493352,-0.07268406875288987,0.6975930770576675
-0.9400179080407967,2.230572525403682,-0.5597232645585871,2.7265591536566625,5.957888351463562,0.5745234443310361,-0.24592240895332104,2.2671649469101465,-1.4000934029596872,-1.2553028406649447,0.15272117242595906
-1.147684008235748,1.3693231765627871,-0.014597082602229392,0.7897447559366803,1.1625659137828357,-0.7462201058552537,-0.9570077736077286,0.6028290670403497,-0.8411248657227073,-0.5789133024220172,1.558033635403866
-0.1785755406593084,-0.14535217286974772,-0.2665031204950861,0.3207403726322899,0.13957564572176961,-0.7462201058552537,0.8530277000580364,-0.1272940996037409,-0.308005343001146,-0.621740444554398,-0.5050184451555748
-1.0092399414391138,-0.7650733304818745,-0.5330881118758136,-0.49567466497164886,-0.5792797111190048,-0.7462201058552537,-0.28286190841588754,-0.556744497621958,-0.010413642894697218,-0.4644593167812777,-0.47130686851446535
-1.078461974837431,0.09403777144569839,0.5545382969419659,0.01675605012018503,0.1747632615259089,-0.7462201058552537,-0.947772898742087,0.21304677807602398,0.6989253036553298,0.5845263580133626,0.5603321263240458
-0.1785755406593084,-0.6160647062780217,-0.9724465133066322,-0.9299379828460843,-0.739559187936935,0.5745234443310361,-0.4306199062661541,-0.4164688656052981,-1.4182008344476462,-1.125486945346286,-0.4004675956075074
-0.1785755406593084,-0.17905433144889082,-0.13173727065863033,-0.24380194060447627,-0.29959156110384577,-0.7462201058552537,0.9823159481770195,-0.2675697316204009,-0.03429445833533815,-0.051829112584078435,-0.5164480173964153
0.7905329269171313,-0.25679066159692887,-0.2665031204950861,-0.6867505248364004,-0.5092419316475533,-0.7462201058552537,1.6841664379657857,-0.14454110354021552,-0.1853209340066443,0.3446633279110646,-0.5533228713408833
-1.770682308820602,0.8615734831695893,0.35373285533790155,0.7897447559366803,1.1736112983589786,-0.7462201058552537,-1.1417052709205617,0.614327069664666,-0.2783511436078227,-0.2621476214472267,4.823929743180775
0.23675665973059432,-0.25679066159692887,1.4614600149858246,0.077552914622606,-0.49271089221299064,-0.7462201058552537,0.5944512038200699,-0.8108503556193501,3.055515662522975,1.617094961657257,-0.49765523703119763
-0.4554636742525769,1.1829628294578645,-0.9163570452947607,2.7265591536566625,-0.4450684118709616,-0.7462201058552537,-0.23668753408767926,-1.311013469777113,-1.5853665425321326,-1.4252148719510205,-0.07316211126597735
0.7213108935188142,2.6774780880713616,1.4522058553160746,2.7265591536566625,2.8473718393860072,0.5745234443310361,-1.104765771457995,0.5286669501135088,-0.2720529065685326,-0.2967817450847173,6.182359743202529
-0.4554636742525769,-0.25679066159692887,-0.7694950738694768,-0.08746714616967949,0.06834649559652033,-0.7462201058552537,-0.5876127789820623,0.1728037688909166,-1.1286131439119615,-1.064473784888126,-0.2250587848069888
0.4444227599255457,-0.9079693310056454,-0.45433499421322,-0.5651567958315585,-0.3243407946511346,-0.7462201058552537,0.6867999524764865,0.1055404535386658,0.6603486017896789,-0.2400512988397954,-0.5753360933603803
0.7213108935188142,-0.037702837283760914,0.2132780006825053,-0.0006144825947923895,-0.9702817983175052,1.8952669945173257,-1.104765771457995,-1.4869329099291535,0.36144476896671157,0.17003410415823345,1.8141040936397557
-0.6631297744475282,0.7607642437640966,0.4188221734171561,-0.24380194060447627,0.2554184374975274,-0.7462201058552537,0.16964696000055354,0.7137847923650027,-0.1458257392394304,0.7782105565990063,-0.3017574036833302
1.6904193610952538,0.6723059304633884,1.0471703910588546,0.5118162324970414,1.284904659192514,-0.7462201058552537,0.7606789514016198,1.0397531667643725,0.6070760134990184,0.5754643830114384,-0.4131960078601353
1.275087160705351,-0.8663935821033562,-0.27753106358503654,-0.7822884547687763,-0.8871965554337359,-0.7462201058552537,2.2936681790981353,-1.068980514535253,1.1373088442442387,0.5301855421627836,-0.605405091601949
-0.5939077410492111,0.1360632794282493,0.2936479124871983,0.06886764826511729,-0.6239694852637975,0.5745234443310361,-0.6430220281759123,-0.995968197870844,0.26198510905459177,0.19929931794869354,-0.04726995824217087
0.5828668267221799,-0.33977182199617767,-0.2613020201130643,-0.0006144825947923895,1.5069893179243048,-0.7462201058552537,1.1300739460272862,2.2343956394308444,-0.06906597532308453,-0.4377699383509535,-0.538731121111125
-0.04013147386267415,-0.8984587445292735,-0.9117928914526844,-0.8083442538412424,-0.29959156110384577,-0.7462201058552537,0.09576796107542039,0.716084392889866,-1.0550024985152606,-1.0284741581681536,-0.5421170095887424
-0.7323518078458453,-0.491142474489695,-0.8381201031672998,-0.9386232492035731,-0.033432361086477215,0.5745234443310361,-0.9847123982046536,2.1291889154183496,-1.150000907191217,-0.7102809057889504,0.25099493651714466
-0.10935350726099127,1.1428534952670737,-0.27499799924137514,1.3195460037434914,-0.38913160492192206,0.5745234443310361,0.5298070797605784,-1.090826719521454,-1.0013362704096445,-0.9310268927365047,-0.3271394748066125
-1.3553501084306994,-0.262990894343649,-1.0277683623752927,-0.6954357911938892,-0.65964064528839,-0.7462201058552537,-0.8277195254887454,-0.5262747906675196,-1.6123964764924186,-1.348560494366252,0.02093700623632762
0.9981990271120826,0.5982782214454287,0.03100888895303838,0.7463184241492367,1.922137751620763,-0.7462201058552537,-0.3567409073410209,1.4249362546789714,-0.46559248225504585,-0.521779412084544,-0.13329680980579245
0.1675346263322772,3.3860243456893695,-0.27398922913321433,2.7265591536566625,6.039504442971146,0.5745234443310361,0.9361415738488111,2.312582057276196,-1.3399977245431296,-1.1191870106702906,-0.1719811353197923
0.8597549603154484,-0.14240884988166602,0.7325826382894829,-0.5043599313291376,-0.18544837582210685,0.5745234443310361,0.3543444573133867,0.3113547005139291,1.4124630748982168,1.8991644506726257,-0.46014168139663364
0.5828668267221799,2.1001001738310965,-0.5122728969783635,1.1979522747386495,0.21851886938948525,4.536754094889905,-0.8092497757574622,-0.5412221940791309,-1.3558745304130062,-1.080332241141493,1.1489787319878084
-0.04013147386267415,-0.2673427954170642,0.5819961776672339,-0.7822884547687763,-0.5368451049130072,-0.7462201058552537,-1.086296021726712,-0.049107681758389476,1.431751425831042,2.6629772203553475,1.1832300720193432
-1.2861280750323822,-0.5373514984315099,0.16188153497415542,-0.6172683939764908,-0.20240946096762585,0.5745234443310361,-1.0678262719954283,0.4947478423717757,1.2634047983016887,1.1027658119761357,0.6420364735065012
1.205865127307034,0.8314647605409896,1.945713311225128,1.2848049383135367,0.6929395363386209,-0.7462201058552537,0.17888183486619533,-0.17846021128194894,1.3713933208711804,0.6597531641937184,-0.29360378847602864
1.275087160705351,-0.664900049927799,0.12688934143408095,-0.9473085155610618,-0.6814886135129588,-0.7462201058552537,-0.9754775233390118,-0.1732861101010065,1.5940622428644098,2.285508720532052,0.07916054662083817
0.1675346263322772,-0.5020030703160433,0.1482207318666639,0.00807078376269632,0.5619546087402408,0.5745234443310361,-1.0124170228015785,0.8017445124410232,1.13179788683486,0.07814195353940769,0.35301846216584754
-0.4554636742525769,-1.1429268422365608,-0.9799172487208467,-1.1818107072132569,-0.8716655265997706,-0.7462201058552537,0.4836327054323701,-0.4250923675735354,-1.0489666880192745,-0.9361785634567764,-0.5953436161826653
-1.5630162086256507,-1.0831140093261187,-0.9499685148769006,-1.2165517726432118,-0.959137647262291,-0.7462201058552537,-0.9385380238764451,-0.8476439640171625,-0.9836224787366415,-0.7309186228310035,-0.3059408447877371
1.275087160705351,0.09692813853556158,0.7543197254955144,-0.6606947257639343,-0.35233903383287385,-0.7462201058552537,-0.005815662446637814,0.21247187794480824,0.9896939136358808,2.5046098969484354,-0.36489597893258996
0.9981990271120826,0.7411647045497038,-0.058066697159741755,0.5205014988545302,0.01769575291277722,-0.7462201058552537,0.723739451939053,-0.410144964161924,-0.6399749202803854,-0.5032520179881445,-0.4014734683208256
-0.04013147386267415,-0.17778290181885126,0.4265942500763889,0.05149711555013987,0.8075045367913933,0.5745234443310361,0.11423771080670364,1.094368679229875,0.9516420648568377,0.3820905260354494,-0.43237079999352573
0.7213108935188142,-0.8705605035876024,-0.5407533576570028,-0.912567450131107,-0.5182440846879082,-0.7462201058552537,0.3820490819103117,0.31595390156365577,0.22603267262197838,0.13449998985274372,-0.5570583418106703
-0.04013147386267415,-0.8961328336264126,-1.0476482859636267,-1.1036433099958585,-0.8261115457631037,0.5745234443310361,-1.086296021726712,-0.39979676180003926,-1.554925063508898,-1.297664470382843,0.29806758087155366
-0.04013147386267415,0.6193109864212842,0.06881477331397663,-0.33933987053685205,-0.9211845700441548,-0.7462201058552537,-0.19051315975947097,-1.3437827772564146,-0.4355446430467668,0.38249397012800074,-0.21089027063693275
-0.2477975740576255,-0.6965276550933209,0.057754520397496026,-0.4435630668267166,-0.27561394067430156,0.5745234443310361,-0.09816441110305439,0.02160503438115617,1.5203203841960569,0.5314889769233343,-0.487278808024629
-1.6322382420239678,1.0959636097767347,-0.24607523267132342,-0.24380194060447627,1.7569220084842472,-0.7462201058552537,-1.0678262719954283,3.369248498450872,-0.961447435827475,-0.22422387674739375,2.6858197705478646
1.759641394493571,-0.08218872022409619,-0.005614950826814535,0.5726130969994625,2.1618193047070946,-0.7462201058552537,3.078632542677676,1.9365973714610503,0.062409722872092316,-0.47774193767450895,-0.5751041380133747
1.5519752942986196,1.617657054840027,0.8732364328848456,2.6657622891542414,1.8961703981649276,0.5745234443310361,-1.0770611468610702,0.021030134249940415,-0.22691554112028822,-0.5592686785308599,3.5730522707876515
0.9289769937137655,-0.8970640765185874,-0.2665031204950861,-1.1470696417833022,-0.7343389679910195,1.8952669945173257,-0.5506732795194956,0.1929252734834703,1.3099855097381035,2.1681375237605565,-0.44273348756958447
-0.9400179080407967,-0.28270391048279575,-0.5623387971288357,0.40759303620717696,0.5428432950399401,-0.7462201058552537,-0.40291528166922913,0.2900833956589439,-0.7197525894447244,-0.9624644977945493,-0.3252492036256829
-1.6322382420239678,0.5465437253954848,0.1722665385724651,-0.1743198097445666,-0.3843969868314406,0.5745234443310361,-1.1140006463236367,-0.47798317964539067,-0.2699534942221026,0.31397054271619157,3.0156542277604204
1.3443091941036682,0.05262528289321663,-0.6975985443539054,0.05149711555013987,-0.15193567489221882,-0.7462201058552537,1.5271735652498772,-0.3014888393621341,-1.1383229260142003,-1.0126777702367176,-0.5247038688467098
-0.9400179080407967,0.48497505060632207,-0.46073286099244765,0.9808206158014319,1.8689664060857205,0.5745234443310361,-0.22745265922203764,1.0955184794923067,-0.9836224787366415,-1.0030882144983801,-0.22265513378221263
-1.0092399414391138,-0.33437446899664186,-0.2665031204950861,-0.04404081438223594,-0.3477278738412315,0.5745234443310361,-0.9385380238764451,-0.5205257893553614,-0.08677976699608753,-0.41489776171938486,0.22106829949565768
-0.9400179080407967,-0.5328075407134035,-0.9724024781398288,-0.15694927702958916,0.7423083724294176,1.8952669945173257,-0.6891964025041205,1.3818187448377846,-1.4448371285929762,-1.3308089542939898,-0.25181280035237064
-0.3862416408542597,-0.873078715171552,-0.7589546443717694,-0.8604558519861747,-0.4816552194619445,0.5745234443310361,-0.7630754014292538,0.2958323969711021,-0.5393343409233985,-0.5765857403496053,-0.3401421660122162
-0.4554636742525769,-0.8086623796620575,-0.5601384718858128,-0.877826384701152,-0.9389851702617801,-0.7462201058552537,0.37281420704466994,-1.1609645355297842,0.0019204046405786794,0.0026358399103625077,-0.5485304100362816
-0.1785755406593084,0.8964977760265129,-0.4753780715566437,0.5378720315695076,0.7023223518503966,-0.7462201058552537,-0.9385380238764451,0.3510228095678207,-1.1262513050222278,-0.9122512253523811,1.0874325137060254
-0.4554636742525769,2.254586439009204,3.9292101745978285,-0.24380194060447627,-0.356009854638358,-0.7462201058552537,-0.6430220281759123,-0.36702745432073763,1.484499161035095,6.070652231010378,0.6983037838436349
-0.04013147386267415,1.9454606537954724,0.213630933424725,2.7265591536566625,-0.29959156110384577,1.8952669945173257,0.4651629557010865,-1.2299525512756826,-0.8306278039905574,-0.8868652816826075,-0.2167331268897044
0.02909055953564297,1.5180174818868915,1.955919177680377,1.3977134009608898,1.159000032361365,-0.7462201058552537,-1.0124170228015785,0.14060936154283074,0.6847542703169276,0.5853332461984652,2.24877192421166
-0.8707958746424795,-0.4183654520080025,-0.7405330925502897,-0.06141134709721336,0.05812416501263859,-0.7462201058552537,-0.8738938998169536,0.1256619581312195,-0.9792924407721297,-1.0334396239226327,0.016802484624535687
-0.1785755406593084,-0.25679066159692887,-0.7007414566733258,-0.582527328546536,-0.20501648448811266,0.5745234443310361,-0.8923636495482369,0.41598652439520817,-0.99963049787817,-0.7119257163201216,0.15102712887270955
-0.04013147386267415,-0.4142880918815728,-0.6987898389256506,0.09492344733758341,-0.8349449727350452,0.5745234443310361,-0.7353707768323288,-1.3052644684649548,-0.8929541080251971,-1.026798313476017,-0.1658117826781075
0.4444227599255457,-1.1921709468518498,-0.7582951591221879,-1.0862727772808811,-0.8754618631390745,0.5745234443310361,-0.9293031490108037,-0.667700222946611,0.49528230605162243,-0.17478645832936285,-0.39070238543001523
0.4444227599255457,-0.4113747853703616,0.4203607986241017,-0.24380194060447627,-1.0792006483833672,-0.7462201058552537,-0.1443387854312627,-1.6461802462759354,1.484499161035095,0.7805381186714184,-0.4260931648794236
-0.4554636742525769,-0.9556755182450211,-0.7253730092665467,-1.09495804363837,-0.8623567859472985,-0.7462201058552537,0.5852163289544281,-0.5900887052324756,-0.24082414791538673,-0.021788044769480885,-0.576803678138828
-0.1785755406593084,-1.0019453072497688,-0.9124888555386711,-1.2165517726432118,-0.4321546947323862,1.8952669945173257,0.696034827342128,2.3528250664613037,-0.9307435302609366,-0.5368309801528082,-0.5858054144371951
-0.2477975740576255,1.8169464502749864,1.2801246311867711,1.6582713916855512,0.4221444847098422,-0.7462201058552537,0.26199570865697014,-0.5498456960473682,-0.021041917898498953,-0.0086605946810772,-0.17620635037294907
-0.3862416408542597,2.1313131611575713,1.7248433370642078,2.7265591536566625,5.720702709608762,-0.7462201058552537,-0.07045978650612951,2.134363016599292,0.12749150561142158,-0.16690378144412774,0.01442521714633836
-0.04013147386267415,1.6600256779972105,2.417775901464067,0.3033698399173125,0.31003424278898806,1.8952669945173257,-0.28286190841588754,0.10209105275137095,0.9293358086760193,2.2796122299486083,0.059002967377386056
0.7213108935188142,-1.048394707042944,-0.542885675926442,-1.2947191698606102,-0.9121927051787032,-0.7462201058552537,0.3820490819103117,-0.29229043726268106,0.8933833722434059,2.080186711584348,-0.5799466181250321
0.7905329269171313,-0.15109654562627323,-0.5245434655741433,0.555242564284485,0.21481924169427208,0.5745234443310361,-0.28286190841588754,-0.21007971849881904,-0.7499316419246553,-0.9638920691989621,-0.3370448475753048
-0.8707958746424795,2.1428987891203586,2.787196035486477,2.7265591536566625,2.958858617907724,0.5745234443310361,-0.3198014078784542,0.5913310644160332,0.8252836842560839,0.33923234974210326,0.19737642432508207
0.4444227599255457,-0.10879576458754507,0.12216116310974015,0.2599435081298689,0.8385254417597111,-0.7462201058552537,0.7145045770734115,0.8270401182145191,0.31092765938074035,-0.1642348436010952,-0.4910417613554357
-1.770682308820602,-0.0794535602829288,0.3822810624270076,0.47707516706708664,-0.47025797930411006,0.5745234443310361,-1.1417052709205617,-0.9499761873735784,0.6999750098285447,-0.0470498517953923,2.704400383226011
-1.3553501084306994,0.4817959884584288,-0.9663987130753352,1.362972335530935,-0.2685500797857214,-0.7462201058552537,-0.8923636495482369,-1.0011422990517864,-1.5889093008667332,-1.4196907912991625,0.6006379406382034
0.3752007265272286,-0.2183214960325288,0.0482008434245478,-0.1830050761020553,-0.5551148459062212,-0.7462201058552537,-0.22745265922203764,-0.7596842439411422,0.34346855075040517,0.14595159524901052,-0.3679834035395343
-1.0092399414391138,0.8183431674934675,-0.09007179512446939,2.049108377772543,3.324049731908919,-0.7462201058552537,-0.9754775233390118,1.251316415051794,-0.708861887897619,-0.9425405664547026,1.2723014749267187
-1.701460275422285,-0.3336377231131314,-0.6140682625009413,-0.7562326556963102,-0.4270908550450003,0.5745234443310361,-1.086296021726712,0.2113220776823767,-0.780241907676238,-0.34150197103599317,1.0899048718833508
-1.3553501084306994,-0.9688576323190786,-0.9132988159884238,-1.1296991090683246,-0.6654349453939076,-0.7462201058552537,-0.6891964025041205,0.4700271367294953,-0.9794236540437816,-0.7146256883241195,-0.4182775888626634
-0.3170196074559426,2.119466170213254,3.963971509216081,2.7265591536566625,2.27692957842974,-0.7462201058552537,-0.4213850314005125,0.21017227741994488,1.6262094944191183,0.8998644675837403,0.29689241373435477
-1.770682308820602,-0.25679066159692887,3.2252040685625127,2.7265591536566625,-0.46871475306862065,-0.7462201058552537,-1.1417052709205617,-1.3242361727950767,6.363402240866701,0.5479060480740803,2.3049738253395677
-0.524685707650894,2.462478605522503,1.390995670643831,2.0664789104875205,3.9527703884222083,3.2160105447036154,-0.6522569030415539,1.6520218065092198,-0.2304582994548887,-0.11315261465189312,0.7939787685968052
-0.2477975740576255,0.9378211912939729,1.118505146493787,1.3282312701009802,-0.47872103197953403,0.5745234443310361,0.622155828416995,-1.1661386367107265,0.42718261806430013,0.04642504103267354,-0.3660145313760886
-1.0092399414391138,-0.9385651502832967,-0.7403024941915857,-1.0515317118509262,-0.8156484718864856,-0.7462201058552537,-0.7076661522354039,-0.4728090784644484,-0.3402838078275068,-0.19120352948010888,-0.3982915026719738
-0.4554636742525769,-1.20123177424796,-0.8537185838956973,-1.1731254408557683,-0.9189808429798759,-0.7462201058552537,-0.2920967832815293,-0.7090930323941501,-0.08992888551573243,-0.35804317883060116,-0.5658990285434624
-1.3553501084306994,-0.5527172501887906,0.13588319854976882,-0.9299379828460843,-1.0061319725854145,-0.7462201058552537,-0.6891964025041205,-1.3593050807992417,1.2460846464436415,2.2164577123838294,-0.2594134603959574
-0.2477975740576255,-0.14352092374425537,0.5548349480508749,-0.4522483331842053,-0.7963087607033323,-0.7462201058552537,-0.569143029250779,-1.0511586104675625,1.1080482846658708,1.4303934492888486,-0.20133832746095282
0.0983125929339601,-0.5483060482708265,0.05478071354112544,-0.4088220013967617,-0.18671793660516947,-0.7462201058552537,1.0561949471021528,0.15153246403593137,1.0374555445171627,0.4675586053344182,-0.5541863828341198
0.5136447933238628,1.3031207386613044,1.5715669531017558,1.632215592613085,1.1257280747242133,-0.7462201058552537,-0.7630754014292538,-0.015188574016656043,0.5380578326101331,0.18902701066911548,0.620951622532247
0.30597869312891146,-0.9168593329236313,-0.660016353429066,-0.8604558519861747,-0.29959156110384577,-0.7462201058552537,0.7052697022077697,0.8805058304175905,-0.08389307501974634,-0.30568854928181394,-0.5769696746193866
-1.5630162086256507,-0.8319649271693902,-0.09091510765322128,-0.9559937819185504,-0.546836980379056,-0.7462201058552537,-1.1232355211892786,0.3418244074683677,1.6259470678758146,1.6528463150895052,0.7334411713144423
-0.5939077410492111,-0.9393546080286282,-0.38557212702640903,-0.6867505248364004,-0.3945946257955546,-0.7462201058552537,-1.0216518976672202,0.15498186482322623,1.0499208053240907,0.07960055910478578,-0.03180645166087021
-0.1785755406593084,0.4339733958575314,1.3222656344097845,0.7289478914342592,0.31384704040813716,-0.7462201058552537,0.28046545838825354,-0.21640361994219298,1.2257465893376014,0.6247776647856074,-0.37188047323211676
-0.7323518078458453,-0.39757599132027527,-0.6802557238375492,0.14703504548251567,-0.35628969299572666,1.8952669945173257,-0.07969466137177114,-0.6573520205847263,-0.866317813879867,-1.019443217327195,-0.43596280992879033
0.5136447933238628,0.19452049015157624,-0.15521687371080037,-0.5564715294740699,-0.7214664035520572,0.5745234443310361,-0.28286190841588754,-0.8183240573251558,-0.4309521785389512,0.3335220641244523,-0.2614669797713436
0.23675665973059432,-0.30058299309607955,-0.5223628128464674,0.27731404084484634,-0.7782571290180674,0.5745234443310361,1.2593621941462692,-1.2678959599359265,-0.6276408727451093,-0.8808756886162673,-0.541061667725589
0.23675665973059432,-0.1638042529439399,-0.5549866179329379,-0.3306546041793634,0.08038777550329913,0.5745234443310361,-0.45832453086307906,0.5447641537875519,-0.7941505144713366,-0.6343403139063882,-0.2704044061749247
1.4827532609003025,0.7037422110934111,-0.07076875827757101,0.24257297541489148,-0.11606903954446433,-0.7462201058552537,-0.3567409073410209,-0.3957724608815286,-0.6353824557725698,-0.36639136813031886,-0.10829235319291974
-1.2169060416340651,0.010239089115426323,0.9162022486552914,-0.24380194060447627,-0.9944446058953081,-0.7462201058552537,-0.28286190841588754,-1.4961313120286066,1.3925186576071324,1.5280889880082216,-0.30176509888441566
-1.0092399414391138,0.6908675828799774,-0.11268593778292753,1.545362929038198,0.5423556355495253,-0.7462201058552537,-1.058591397129787,-0.4176186658677298,-0.6747464372681319,-0.8664137696063475,2.0302007305226044
-0.8015738412441624,-0.25679066159692887,0.032855369482931676,0.6073541624294173,0.5311806199696014,-0.7462201058552537,-0.12586903569997943,0.10094125248893944,0.3761406553917215,-0.45809731378335167,-0.4007556159909931
1.0674210605103998,-0.4851181919854429,-1.0190397585128934,-0.7649179220537988,-0.37341744657467857,0.5745234443310361,0.1973515845974786,0.3832172169159066,-1.5642412057961812,-1.313895336567796,-0.48947743690619877
-1.4937941752273336,1.8902232592983905,1.218817126190261,1.8319767188353253,0.29685509073790844,-0.7462201058552537,-0.9939472730702953,-0.6947205291137546,-0.1013444401494456,-0.12125253066388703,2.34847974399085
1.1366430939087169,0.13896999695673293,0.31029320553886486,0.5986688960719286,1.1629897865888505,1.8952669945173257,-0.34750603247537926,0.8000198120473756,0.28258559270393596,-0.19480349215210627,-0.24640802090425173
-0.6631297744475282,-1.0323390643904387,-0.7941800419017196,-1.0167906464209715,-0.8580378101229087,-0.7462201058552537,-0.30133165814717094,-0.7142671335750924,-0.3405462343708105,-0.45384563373107906,-0.5274345659176195
0.7213108935188142,0.4983765534015708,1.530288934922841,0.6247246951443948,-0.07930939061510645,0.5745234443310361,-0.28286190841588754,-0.5739915015584326,1.3804470366151596,0.9162815387344863,-0.1950211170269824
-0.3170196074559426,0.054860900329069075,0.5170856058863645,0.1557203118400044,1.1204625868087235,-0.7462201058552537,-0.9293031490108037,1.3599725398515838,0.7012871425450636,0.37625610377393676,0.46043742308992275
1.0674210605103998,-1.0967056164748799,-0.2665031204950861,-1.0775875109233923,-0.29959156110384577,-0.7462201058552537,2.127440431516585,1.9107268655563387,2.6082096194617383,1.6931286560227155,-0.6176124288096448
-1.2861280750323822,-0.018240446524662276,0.031244047166292997,0.5639278306419737,1.832081241422543,-0.7462201058552537,-0.8461892752200286,1.584183591025753,0.04613927718726007,-0.43863889485798735,0.18398457580744057
-0.4554636742525769,-0.821586547264147,-0.691840620590471,-0.877826384701152,0.17002041289550474,0.5745234443310361,-0.9939472730702953,2.4844771965097263,-0.4016916189605834,-0.3664534364522498,-0.0007376269354076607
-1.701460275422285,0.10748661730202727,-0.7066198908784559,-0.2785430060344311,0.598469399106901,0.5745234443310361,-0.28286190841588754,1.3984908486430434,-1.171651097013776,-0.9031271820285262,-0.2804994106846524
-0.04013147386267415,-0.2564963537017605,-0.8416581594539227,-0.5651567958315585,-0.48030746854961714,1.8952669945173257,0.14194233540362866,-0.254347028602437,-1.2640252402566947,-1.0025606337619668,-0.4485856879951029
-1.2169060416340651,-0.8281028071453972,-0.24603328200945748,-1.09495804363837,-0.9388987495925926,1.8952669945173257,-1.104765771457995,-0.9465267865862835,1.0924339053392977,1.881257739795536,0.542487504664005
-1.147684008235748,-0.05895084236205325,-0.5151131652371795,-0.24380194060447627,-0.6601468234936305,0.5745234443310361,-1.0770611468610702,-0.9051339771387444,-0.795725073731159,-0.6298403605663918,1.3516873679535588
-0.9400179080407967,-0.25679066159692887,0.019924533948218772,-0.8517705856286859,-0.33163305302256724,-0.7462201058552537,-0.2551572838189627,0.7500035006315995,0.351866200136125,1.5211373359519513,-0.3682681259796976
-0.6631297744475282,-0.37112342199633025,-0.2665031204950861,-0.3914514686817843,0.13532662948672217,-0.7462201058552537,-0.218217784356396,0.7638011037807788,-0.03573780432350889,-0.10331478562583178,-0.40180491162472226
0.7213108935188142,-0.3175945263168893,0.043243108993971824,-0.2785430060344311,0.29755468663133045,-0.7462201058552537,-0.07045978650612951,0.8523357239880152,0.50000598383109,0.2567745840567872,-0.4233377332335963
-0.524685707650894,-0.8460228878734308,-1.0150967871421734,-0.5912125949040247,-0.7684936510348712,0.5745234443310361,-0.569143029250779,-0.9005347760890179,-1.457564815943208,-1.3397157584910864,-0.42110007868937865
-0.524685707650894,-0.7073550619696337,-0.2665031204950861,-0.3480251368943408,-0.37154088347232345,-0.7462201058552537,0.2989352081195368,-0.289415936606602,0.6347620138175638,-0.15160394008813935,-0.5300520336011283
-0.8015738412441624,-0.6737754096619457,-1.0347131511374803,-0.30459880510689724,-0.709528005394311,0.5745234443310361,-0.6060825287133457,-0.960899289866679,-1.5680463906740854,-1.4085805616735159,-0.3507741856262672
-0.04013147386267415,3.7345917815108227,-0.10908404353259545,2.7265591536566625,3.9119345645961774,0.5745234443310361,0.5205722048949366,1.123688585921882,-1.2905303211303731,-1.0406085151056614,-0.018219474829989337
-1.5630162086256507,-0.45074786175043674,0.1895909893890603,-0.20906087517452143,-0.7229623041829916,0.5745234443310361,-0.9570077736077286,-1.0321869061374407,1.0905969195361715,0.3845732589126889,0.19155005778892217
-0.04013147386267415,-0.4049300281535265,-0.15688994948621052,0.06018238190762858,0.3781008079489744,-0.7462201058552537,-0.28286190841588754,0.4585291341051789,0.24597708991306325,-0.3478950081948848,-0.3925519819766358
-0.3170196074559426,-0.25679066159692887,1.2046712848401397,1.5019365972507543,0.6318751030177951,-0.7462201058552537,-1.0031821479359369,-0.3302338459229251,2.5738317422889474,0.016725348988696445,0.53395077837409
1.1366430939087169,0.1091675400067705,-0.17298753886556564,-0.582527328546536,-0.6629966479418343,-0.7462201058552537,2.1182055566509432,-0.6596516211095896,-0.38988242451191496,0.34450815710623695,-0.5427095400723255
-0.04013147386267415,-0.4307422459709026,0.40129305027201645,-0.6346389266914682,-0.34343153200162896,-0.7462201058552537,-0.4675594057287208,0.184301771515233,1.498407767830194,1.65377733991847,-0.3383090591822074
1.3443091941036682,0.55367422488879,-0.4142692459369831,1.1805817420236722,-0.29959156110384577,-0.7462201058552537,0.7329743268046948,-0.9838952951153118,-0.9546243457015775,-1.0051364691221025,-0.4224511361371032
0.9981990271120826,-0.444953949605255,0.05072908735054133,-0.5651567958315585,0.7802799683623796,-0.7462201058552537,-0.6614917779071956,2.656372335743256,0.7718798826937712,0.7542211501726799,-0.23900633677444708
-1.5630162086256507,1.1829128019964137,0.34130425521155233,1.840661985192814,2.771819598166407,-0.7462201058552537,-1.0401216473985035,1.040328066895588,-0.46139365756218575,-0.6499504968720314,2.302998357289477
-0.04013147386267415,-0.8804752143379367,-0.4708739775130773,-0.7996589874837537,-0.8601818657727486,-0.7462201058552537,2.053561432591452,-0.9758466932782903,0.5045984483389053,0.083697068352231,-0.6032773685018099
-1.0092399414391138,0.0843507466540641,0.08747226503806274,-0.6259536603339795,-0.7383966241728662,0.5745234443310361,-0.1720434100281877,-0.7999272531262495,0.018190850325411217,0.9702499446534791,-0.3232462527145728
0.652088860120497,-1.1831076790917665,-1.0769323232956478,-1.060216978208415,-0.9696068940438511,-0.7462201058552537,1.4994689406529527,-1.1258956275256191,-1.5962572440792382,-1.4235079930979184,-0.6174975504505827
-0.3170196074559426,-0.7016631570385321,-0.5703236235732458,-0.8517705856286859,0.4208749239267796,-0.7462201058552537,-0.6614917779071956,3.1392884459645445,-0.24357962662007604,-0.0766254071955077,-0.33226447872955167
-0.04013147386267415,0.8321226826681657,1.115442357332899,1.632215592613085,-0.29959156110384577,-0.7462201058552537,-0.6522569030415539,-1.0799036170283536,0.5199504011221745,-0.10148377012886782,0.21109861683217945
1.4135312275019853,-0.0560880513850872,-0.25597037760933555,0.616039428786906,-0.6762539901221787,0.5745234443310361,1.804219811219127,-1.219029448782582,-0.3759738177168162,-0.7299255296801078,-0.5432734883804482
0.1675346263322772,-0.712665049938929,-0.7796090918259198,-0.9038821837736182,-0.8332782884007166,-0.7462201058552537,-0.6984312773697622,-0.7821053490585591,-0.8260353394827418,-0.5794719173193961,-0.3148496890158578
1.4827532609003025,2.754033526092766,-0.032147702204536506,2.7265591536566625,0.6892337357384657,0.5745234443310361,0.5205722048949366,-0.67747352517728,-1.1425217507070602,-1.0039571710054138,-0.13445988448414287
-1.701460275422285,-0.25679066159692887,0.42999303537687955,-0.24380194060447627,0.2479842023124299,-0.7462201058552537,-0.28286190841588754,0.7011369894782548,1.1210383985594063,0.7950621060032693,-0.3601579336928071
-0.04013147386267415,0.47397706228828246,-0.03115352363093781,0.01675605012018503,-0.756709575500674,1.8952669945173257,-1.058591397129787,-1.1713127378916688,-0.4621809371920971,-0.15759353315447966,1.7730875725396307
0.0983125929339601,0.1282463055492812,-0.014417815177609903,0.5639278306419737,-0.40148358771077935,-0.7462201058552537,0.5298070797605784,-0.9022594764826654,-0.17534872536110216,-0.48196258356581595,-0.446786110255538
-1.5630162086256507,-0.815923926700724,-0.9518824812541431,-0.6867505248364004,-0.4210002555022687,-0.7462201058552537,-0.9662426484733703,0.08599384907732818,-1.2625818942685243,-1.1811622301183808,-0.06316659471314082
1.5519752942986196,0.33592786865169255,-0.04142166467119243,-0.1048376788846569,0.3923643336348578,3.2160105447036154,-0.28286190841588754,0.7143596924962184,-0.3820096282128026,-0.06256693227813918,-0.2305449135237258
-1.4937941752273336,-0.07662176192842272,-0.8180400671049719,-0.5130451976866263,-0.09130746018729154,1.8952669945173257,-1.0770611468610702,0.534415951425667,-1.2838384442761277,-0.9823884291343961,1.3282747186509425
-1.2169060416340651,-0.13166905207199142,0.42303925718714924,0.555242564284485,1.0146178434039566,1.8952669945173257,-1.0955308965923534,0.6833150854105644,0.8588742817989633,-0.06101522422986455,1.5089514442517022
-0.3862416408542597,-0.4547005192778355,0.036874685846985375,-0.3653956696093182,-0.050901682072217465,1.8952669945173257,-0.6799615276384788,0.3515977096990365,0.7633510200363995,0.36914928091283883,-0.2290740308019556
0.23675665973059432,-0.8178217977626849,-0.8365892948538697,-0.8865116510586408,-0.10497015645882439,0.5745234443310361,0.8992020743862447,1.619252499029918,-0.8832443259229584,-0.7632872527180131,-0.5736546919231998
-0.3862416408542597,0.5095412185789803,0.015687256536644212,0.10360871369507213,-0.28753999302216376,0.5745234443310361,-1.0955308965923534,-0.534898292635757,-0.42885276619252116,-0.16969685593102196,2.4717744544115203
-0.04013147386267415,-0.25679066159692887,-1.0090426031145057,-0.8344000529137086,-1.0767191405967003,-0.7462201058552537,0.5021024551636534,-1.6168603395839287,-1.5778873860479758,-1.269733725513899,-0.4897253323125958
0.1675346263322772,1.137665037423644,2.410600905187851,0.11229398005256083,-0.21372645336121487,-0.7462201058552537,-0.28286190841588754,-0.4365903701978518,1.4404115017600658,2.6903183161659476,-0.05522459753569029
-1.2169060416340651,1.2357945131501609,2.009769496544765,0.5205014988545302,-0.7983417040642169,-0.7462201058552537,-0.6984312773697622,-1.3374588758130406,0.9772286528289533,1.4990720475054857,0.4418106392052635
-1.3553501084306994,-0.7065016666882041,-0.059966332565539716,-0.460933599541694,-0.7169416642296023,0.5745234443310361,-1.104765771457995,-0.8798383713652485,1.2222038310030003,0.3513977408405767,0.7381226018605249
-1.0092399414391138,-1.0647885841421358,-0.43424987717010705,-1.1123285763533473,-0.5758516912412375,-0.7462201058552537,-0.34750603247537926,0.8276150183457348,1.510873028637122,1.2253197136288687,-0.5288345428579591
0.30597869312891146,-0.4839721970636262,-0.7283757386289242,-0.02667028166725852,-0.29959156110384577,0.5745234443310361,-0.6337871533102706,-0.45958637544648456,-0.9048945157455176,-1.0281017482365677,-0.2713448696790162
-1.770682308820602,-0.8526228522389618,-0.24872672295174297,-0.5130451976866263,-0.6028128823927279,1.8952669945173257,-1.1417052709205617,-0.5912385054949071,1.1807404371610088,0.0854349813662987,0.9629466960887649
0.1675346263322772,-0.4141358131696449,-0.5648168826547724,-0.15694927702958916,-0.43604979775076147,-0.7462201058552537,0.26199570865697014,-0.5780158024769433,-0.6075652421823727,-0.7528908087945728,-0.48640320407254384
1.1366430939087169,1.0625743058589567,1.8654097127337574,2.4573158965745123,-0.2524285097123087,0.5745234443310361,0.8437928251923946,-1.1724625381541005,1.0219723784622416,-0.00651923757445819,-0.38346944606687106
-1.6322382420239678,-1.20123177424796,-0.9645691691480588,-1.268663370788144,-0.9077708476052809,-0.7462201058552537,-1.104765771457995,-0.36530275392709005,-0.8341705623251578,-0.7005361792457857,-0.05781238372929792
0.9981990271120826,-0.5014691186787062,-0.6008199308079449,-0.4088220013967617,-0.21094658850235323,-0.7462201058552537,0.723739451939053,0.10324085301380245,-0.596936967178571,-0.6559711240993372,-0.5334950864296666
0.4444227599255457,-0.8931394831768804,-0.7198007367241025,-0.5912125949040247,-0.09472724952513605,-0.7462201058552537,1.0931344465647193,0.6948130880348808,-0.36049065166189537,-0.7436115946658903,-0.5864765459032945
-0.4554636742525769,2.268868181089587,-0.5790881851458156,2.7265591536566625,0.2999415432088873,-0.7462201058552537,0.3635793321790285,-0.8947857747768597,-1.4159702088295643,-1.2645199864716958,-0.147286685379221
-1.2861280750323822,-1.0421576248002287,-0.48708556325619845,-1.3120897025755875,-1.0658033870243386,3.2160105447036154,-1.0308867725328619,-1.4397910991694565,1.123137810905836,2.66530478242776,-0.10910474656465972
-0.4554636742525769,-0.2782870957276934,0.20946974044336703,-0.24380194060447627,-0.031245095102043534,-0.7462201058552537,-1.0308867725328619,0.2072977767638658,0.7483927070680861,0.46259313957993925,0.6729447983236091
-0.04013147386267415,3.602046340743,6.088637430748369,2.7265591536566625,6.641428519131397,-0.7462201058552537,0.6313907032826365,2.6488986340374505,1.667935314804414,1.9120746616342712,-0.0703357738387194
-0.5939077410492111,-0.5994023891417776,-0.28896848161363464,-0.912567450131107,-0.8268296603713515,3.2160105447036154,-0.3752106570723041,-0.7487611414480416,0.31171493901065184,0.8749440363284491,-0.41232040390805014
-0.8015738412441624,0.16295340601258984,-0.2665031204950861,0.06018238190762858,-0.2966656041613578,0.5745234443310361,-0.5506732795194956,-0.5182261888304981,-0.5649209288955139,-0.4831729158434703,-0.12009349371474548
0.5828668267221799,-0.16318781700430846,-0.7191118078422798,-0.6085831276190021,0.26467162200552197,-0.7462201058552537,-0.07045978650612951,1.6008556948310118,-1.0819012192038948,-0.7289014023682465,-0.39573669591158966
1.6904193610952538,-0.2027358674812623,-0.9751585845117959,0.00807078376269632,-0.6454162146671389,0.5745234443310361,2.4783656764109683,-1.002292099314218,-1.5236963048557521,-1.35284320857949,-0.5702770483038881
-0.04013147386267415,-0.21297490260363547,-0.31110839939882584,-0.6693799921214231,-0.8017203407024485,-0.7462201058552537,2.0073870582632436,-0.9218060809440033,-0.3169278454734733,0.21310951957833815,-0.5598253162581259
-0.8707958746424795,-0.508670632763632,0.3165933611491502,-0.5998978612615133,-0.9302875471985617,-0.7462201058552537,-0.34750603247537926,-1.2805437628226743,1.5409208678454007,1.3730423198246173,-0.39835801119564124
1.4135312275019853,-1.0547572239938823,-0.5584097658848848,-0.9646790482760392,-0.6378976164478346,0.5745234443310361,0.9823159481770195,0.029078736086961956,0.8516575518581104,0.2102233426085474,-0.5986311160178325
1.6904193610952538,-0.429209453359333,-0.1567612313063239,-0.5391009967590924,0.7233349202728202,-0.7462201058552537,-0.5322035297882124,2.4229628824696334,0.28888382974322574,0.300781024305857,-0.30944710819662047
-0.04013147386267415,-0.5586236631131368,-0.24570327882154952,-1.060216978208415,-0.3611683455348539,0.5745234443310361,0.3635793321790285,1.5301429786914662,0.33375876864816645,1.6703495818740435,-0.5154091652498736
-0.04013147386267415,-0.25679066159692887,-0.6131159043076498,-0.6954357911938892,-0.6167903968163007,-0.7462201058552537,0.7422092016703362,-0.413594364949219,-0.8353514817700247,-0.416728777216349,-0.5088011861463156
-1.6322382420239678,0.29626097244924376,-0.7308454861351111,0.04281184919265116,0.7861565738671231,0.5745234443310361,-1.058591397129787,1.0776965754246164,-1.2621882544535687,-1.0515015056045496,1.5624138537931735
-0.3170196074559426,0.11957422813410284,0.27717289743260853,0.6681510269318383,-0.6923220616860943,0.5745234443310361,-0.31056653301281256,-1.2466246550809412,0.25765507109007985,-0.2649096617731555,-0.266789860293624
-0.1785755406593084,-0.08835210347482102,-0.7090248884500234,-0.4522483331842053,-0.26964885686538986,0.5745234443310361,-0.624552278444629,0.046900640154652305,-1.0989589445186383,-0.8163246338080413,-0.1420204195506409
1.759641394493571,0.192706811646691,1.0079835221768645,-0.4261925341117392,-0.6499306658146906,0.5745234443310361,-0.28286190841588754,-0.7660081453845162,1.1947802572277593,2.1538618097164295,-0.2618638322844669
1.1366430939087169,-0.23276967093588458,-0.18189918831778337,-0.5043599313291376,0.45158512601301887,-0.7462201058552537,2.700002673186368,1.7020381179249964,-0.05765042068937165,0.1973131316469022,-0.5761721219925972
1.6211973276969367,-0.25679066159692887,-0.2665031204950861,-0.7475473893388215,-0.11727687127810736,0.5745234443310361,1.748810562025277,1.0581499709632785,-0.1853209340066443,0.47472749651744695,-0.5553472588835887
0.7213108935188142,-0.3100943116816432,-0.2665031204950861,0.1730908445549818,-0.29959156110384577,-0.7462201058552537,-0.9108333992795203,-0.5952628064134178,-0.11892701855079643,-0.5481894830661788,0.1623104922929257
1.759641394493571,0.1970008760939414,1.0216642583628204,-0.5738420621890472,-1.0316240123607192,1.8952669945173257,3.2633300399905094,-1.5266010189830452,1.2067206649480793,2.7004975209626294,-0.5651333560354557
-0.04013147386267415,-0.4585536099551279,-0.30816755377677835,-0.9559937819185504,-0.6441939794886313,0.5745234443310361,-0.4675594057287208,-0.016338374279087874,0.007168935506653616,0.9718947551846503,-0.34585585281819564
0.7905329269171313,3.409846446686597,2.3928879547635415,2.7265591536566625,0.14989880041970347,-0.7462201058552537,-0.22745265922203764,-0.9787211939343694,-0.02510952931970716,0.15135153925700645,0.3817353036452509
-1.078461974837431,-1.1059999867032257,-0.5280733141225753,-1.2165517726432118,-1.0487476506697095,-0.7462201058552537,-0.6799615276384788,-1.3920743882785434,1.3023751399822951,1.4538242408177962,-0.47356760866193953
0.1675346263322772,2.849057882699778,0.41416486826068816,2.7265591536566625,5.808835331100072,1.8952669945173257,-0.4767942805943624,2.1838044278838527,-0.9071251413635995,-0.7913421342308191,0.5663404294001555
1.4135312275019853,-0.356783843289782,-0.2384610572611014,-0.02667028166725852,-0.3446043839406009,0.5745234443310361,-0.6799615276384788,-0.5285743911923828,0.0010019117390156673,-0.39041180871761066,-0.19231680350265165
1.3443091941036682,-0.4677303546399651,-0.2956451509282444,-0.22643140788949884,-0.10488990869457905,-0.7462201058552537,0.14194233540362866,0.05494924199167385,0.0498132487935127,-0.31412984106442804,-0.4805169248993611
-1.5630162086256507,-0.6055582072641854,-0.7674921251877173,-0.40013673503927305,0.2876636352793335,-0.7462201058552537,-0.9939472730702953,1.085170277130422,-0.8980714256196203,-0.9456750167122174,0.18640581586326926
-0.8015738412441624,-0.9347550100119327,-0.6911826987195925,-1.0862727772808811,-0.9697591590324194,0.5745234443310361,-0.6522569030415539,-1.1000251216209074,-0.15789736023140288,0.0872970310242281,-0.42059054644607485
-0.1785755406593084,0.22359498652833215,-0.4155048362386488,-0.13089347795712303,-0.4826552300625417,-0.7462201058552537,-0.34750603247537926,-0.6734492242587693,-0.8096336805262576,-0.5582445512189986,-0.22655330278923588
0.1675346263322772,-0.534177317011563,-0.11385938378114571,-0.13957874431461176,0.0019280960560367193,-0.7462201058552537,1.240892444414986,0.1285364587872986,0.5981535110266911,-0.12994209573422502,-0.5599050165550828
-0.1785755406593084,-0.06955739629879092,-0.519578174813169,0.4944456997820641,0.6729660735814267,-0.7462201058552537,-0.10739928596869618,0.35849651127362653,-0.7962499268177666,-0.9432233179959435,-0.37022105808375194
0.4444227599255457,2.081237380500214,1.8484512228152405,2.7265591536566625,2.8816787874184273,-0.7462201058552537,-0.28286190841588754,0.547638654443631,0.23652973435412825,-0.10800094393162138,0.15111177608465004
-1.2169060416340651,-0.29005989960722545,-0.36521485180740204,-0.4088220013967617,0.05789576752978604,0.5745234443310361,-0.49526403032564575,0.6436469763566728,-0.33451042387482444,-0.2522166899382688,-0.28713487264923
0.3752007265272286,-0.05372138640387379,-0.13626794214014917,-0.23511667424698757,-0.29959156110384577,-0.7462201058552537,-0.28286190841588754,-0.2761932335886381,-0.18374637474682198,-0.06781170548130747,-0.3157516765145218
-1.2169060416340651,-0.6707393528428822,-0.04688098310233912,-1.0862727772808811,-0.28674368828465124,1.8952669945173257,-0.4306199062661541,2.0285813924555813,1.1394082565906685,2.6033295629796696,-0.4146223683470537
-0.4554636742525769,0.6771773850266987,0.9057685197540689,-0.2003756088170327,-0.29988374527109846,0.5745234443310361,0.3543444573133867,-0.3112621415928031,0.447127035355385,1.419531492950926,-0.3528161622000252
1.6904193610952538,-0.30630979523199797,-0.2665031204950861,-0.24380194060447627,1.4995242182144972,0.5745234443310361,0.26199570865697014,2.9139275945279435,-0.12378190960191579,-0.2550097644251633,-0.47141185304356026
-0.7323518078458453,-0.20915109629402162,-1.0480845989033438,-0.01798501530976981,-0.47818398924958366,0.5745234443310361,-0.30133165814717094,-0.7372631388237252,-1.6546471499643218,-1.4446422567154191,-0.3438589481365099
0.23675665973059432,-0.6849190877091856,-0.8686785547054463,-0.7562326556963102,-0.6470252852220092,-0.7462201058552537,-0.07969466137177114,-0.4095700640307082,-1.103157769211498,-0.9541163084948316,-0.4877383214608771
-0.04013147386267415,-1.118515637376201,-0.9972445657317309,-1.3207749689330763,-0.7901831813659297,-0.7462201058552537,0.7145045770734115,0.8322142193954615,-1.182016945474274,-0.7860352927057197,-0.5988262443310719
0.8597549603154484,-0.6202240626339511,-0.003886896233679502,-0.4435630668267166,-0.4940545278553568,0.5745234443310361,-0.28286190841588754,-0.43026646875447766,1.0968951565754614,0.4227142427392803,-0.4396317718749099
0.7905329269171313,1.0568079698266721,-0.8360285630256993,2.387833765714603,0.05950072281469507,0.5745234443310361,1.1116041962960026,-0.9746968930158586,-1.502177328304845,-1.3762740001084375,-0.4140380827217765
-0.04013147386267415,-0.4747266341147445,0.01575461210243511,-0.4435630668267166,-0.5532135911840982,0.5745234443310361,0.13270746053798704,-0.5527201967034473,0.7619076740482291,0.4573794005377364,-0.48045866123399955
0.4444227599255457,2.7853800013285746,3.1652943544081125,2.7265591536566625,0.791131935250341,-0.7462201058552537,0.021888962150287062,-0.620558412186914,0.6586428292582048,0.5193546199858265,0.07413393134034922
-0.10935350726099127,-0.32317149010485297,-0.7183794952014465,0.24257297541489148,1.7823914142747646,-0.7462201058552537,-0.8738938998169536,2.0826220047898683,-0.9945131802837471,-1.087252859036798,0.07177974946540838
-0.3170196074559426,2.792895590256852,2.6025464191184575,2.7265591536566625,0.8422106660100599,0.5745234443310361,-0.1443387854312627,-0.591813405626123,0.33730152698276694,0.2512505034049296,0.18553076156840448
1.6904193610952538,0.6994735264314822,1.9240968647423506,1.9361999151251899,0.23851702376644748,-0.7462201058552537,0.6313907032826365,-0.7631336447284371,1.5296365264833398,0.2486746680447936,-0.3939810907496562
0.5136447933238628,1.1137477622314609,-0.2665031204950861,2.6397064900817755,3.476271510142613,-0.7462201058552537,-0.28286190841588754,0.9322468422270141,-0.9853282512681161,-1.1074871319862998,-0.06045458598772449
-1.2169060416340651,-0.6244005015376929,-0.5266144212294868,-0.33933987053685205,-0.48778285643432784,-0.7462201058552537,-0.569143029250779,-0.5199508892241455,-0.2531581954506629,-0.582358094289187,-0.35177071416683875
0.7905329269171313,-0.8552760159506294,-0.8087086504709778,-0.999420113705994,-0.8798857783474775,-0.7462201058552537,0.16964696000055354,-0.826947559293393,-0.7414027792672835,-0.5324241292957083,-0.5412243662628251
1.4135312275019853,-0.9550405355391932,-0.8289609187537614,-0.9820495809910166,-0.7689607341754792,-0.7462201058552537,0.7145045770734115,-0.42566726770475116,-0.6582135650399957,-0.6254024755483262,-0.5813757268980525
0.3752007265272286,0.3765064848345305,1.1873454009264002,1.2066375410961383,0.8250767395261663,-0.7462201058552537,-0.8554241500856704,-0.023237175853677582,1.143082228196921,0.16407554525285883,0.42110230342697813
0.7213108935188142,-1.1534321210684106,-0.2665031204950861,-1.121013842710836,-0.650521207054138,-0.7462201058552537,0.9084369492518861,0.5050960447336602,3.205754858564369,1.9743912568529816,-0.6065522262209081
0.7213108935188142,-0.19582963743709422,-0.8764266595578986,0.02544131647767374,1.6638860428340423,-0.7462201058552537,-0.28286190841588754,2.404566078270727,-1.347870520842242,-1.2301031019609638,-0.3468270971266291
-1.4937941752273336,-0.8019591879004598,-0.9159698485026319,-0.8430853192711972,-0.4181566039590069,-0.7462201058552537,-1.13247039605492,0.4510554323993731,-1.1561679309588548,-1.0178915092789205,0.9203510097944525
0.5136447933238628,0.16989062867921773,0.06143588639856796,-0.3653956696093182,-0.03107019612868818,0.5745234443310361,1.5918176893093692,0.3901160184904963,-0.10567447811395723,0.40977299761666947,-0.5188637608800402
0.7213108935188142,2.7375803481490255,1.9254226098825604,2.7265591536566625,4.873671096918198,0.5745234443310361,-0.1628085351625461,1.6612202086086731,-0.02248526388666969,-0.07134959983137373,0.18913926122028096
0.8597549603154484,-0.17053502081843455,-0.505759079611991,-0.5912125949040247,0.4837603642054828,-0.7462201058552537,-0.218217784356396,2.064225200590962,-0.7029572906732846,-0.3115229715433266,-0.3607323254881172
0.5136447933238628,-0.20799045918836573,-0.933464837879421,-0.05272608073972465,-0.2700274617018299,-0.7462201058552537,0.41898858137287825,-0.3934728603566653,-1.447461394026014,-1.2914266040287787,-0.4756909345043155
0.9981990271120826,-1.0740165764704106,-0.9946784098721877,-0.8517705856286859,-0.6200538058956157,-0.7462201058552537,0.8992020743862447,-0.1658124083952007,-1.220462434068273,-1.2252928070113125,-0.5986349636183752
-0.524685707650894,4.740070789786844,2.6510574088671612,2.7265591536566625,4.8569631008753,-0.7462201058552537,-0.8000149008918204,1.6514469063780042,-0.28832335225336486,0.274370953324222,2.375912036546196
1.5519752942986196,-0.9374235480166317,-0.4401775578043841,-0.6433241930489569,-0.7948951654716239,-0.7462201058552537,2.893935045364843,-0.9252554817312981,0.828301589504077,-0.10765956816100093,-0.6149933121544748
0.1675346263322772,-1.1652354294976077,-0.5919297778128946,-1.02547591277846,-0.9914754386182264,1.8952669945173257,-0.4213850314005125,-1.2483493554745886,1.3618147520405939,0.2702123757548459,-0.543826443544163
-1.0092399414391138,-0.8644820450031452,-0.40906319485573495,-0.6954357911938892,-0.9295920665751011,-0.7462201058552537,-0.5876127789820623,-1.238001153112704,0.6695335308053102,0.04183198520978048,-0.4205927450749564
1.4135312275019853,1.1876266090470549,-0.4165025324143295,1.1024143448062738,2.3379487437809914,-0.7462201058552537,0.7145045770734115,1.3904422468060222,-1.1397662720023707,-0.9922262581604574,-0.35265291400556864
-0.04013147386267415,-0.4816597081626178,-0.12690981778664415,-0.24380194060447627,0.6260170162278775,1.8952669945173257,0.45592808083544506,1.3691709419510367,0.4549998316544974,-0.04456711891815283,-0.5131126973830739
1.5519752942986196,-1.113274955743745,-0.8464912144329284,-1.0428464454934376,-0.8526735557283475,-0.7462201058552537,1.8873336850099018,-0.6475787183540573,-0.3724310593822157,-0.5944924512266948,-0.616476836992314
-1.4245721418290165,-0.7070834494594161,-0.21967601989115618,-0.8951969174161295,-0.5887366014900839,1.8952669945173257,-0.8369544003543872,0.030803436480609226,0.7678122712725634,1.016273605365306,-0.19615341090099087
-1.701460275422285,-0.14592590243984807,-0.4534128613415214,0.5986688960719286,-0.18575702106920472,1.8952669945173257,-1.086296021726712,-0.6780484253084957,-0.6305275647214504,-0.908216784426867,1.3541514812725783
-0.1785755406593084,-0.24197569998840032,-0.9594467588274251,-0.2698577396769424,0.023317211679919923,-0.7462201058552537,0.7883835759985446,0.3418244074683677,-1.4878750816947908,-1.2956162157591202,-0.510426522547016
1.6211973276969367,0.3738948073104075,-0.7896095042632724,1.1371554102362287,0.059011005689299734,-0.7462201058552537,-0.12586903569997943,-0.6567771204535106,-1.35613695695631,-1.2791681104474089,-0.28237813906395376
1.6904193610952538,3.623106681831753,1.8360726508073901,2.7265591536566625,3.281528705033734,0.5745234443310361,-0.9847123982046536,0.7712748054865847,-0.3595721587603321,-0.11389743451506516,3.683128274715104
0.7213108935188142,0.3813071688426179,-0.7262636140010665,-0.22643140788949884,0.09630563971362718,0.5745234443310361,-0.7076661522354039,0.40621322216453937,-1.2776714205084896,-0.9552335382895893,0.12325679712682208
-1.5630162086256507,0.30736706889129656,-0.5084467881656984,0.3815372371347108,0.006321146739729985,3.2160105447036154,-1.1232355211892786,-0.3359828472350833,-0.9735190568194474,-0.8994651510345979,2.871927109486102
-0.04013147386267415,0.3009623336436217,0.9208037933046828,0.737633157791748,0.5610163271890634,-0.7462201058552537,-1.1140006463236367,0.03310303700547257,0.9093913913849344,0.2640055435617474,2.5901645734546284
1.0674210605103998,4.266095977819191,6.0804293017125355,2.7265591536566625,0.945864028160432,-0.7462201058552537,-0.7907800260261789,-0.5337484923733252,1.2753452060220094,1.9081643573526186,2.09053220634732
-1.770682308820602,-1.1147399062368595,-0.2665031204950861,-1.0862727772808811,-0.7348636649110858,-0.7462201058552537,-1.1417052709205617,-0.02381207598489334,2.781935991128819,1.7457005246982609,0.37256537223744385
-1.2169060416340651,-0.22001950128508418,-0.2665031204950861,-0.0961524125271682,0.36064794804307954,-0.7462201058552537,-0.7630754014292538,0.6499708778000467,-0.2279652472935031,-0.37725332446824156,-0.0517260293278924
0.5828668267221799,-0.45204247483822146,-0.32474379760239236,-0.8344000529137086,-0.290463892329671,4.536754094889905,-0.9662426484733703,0.82416561755844,-0.03967420247306495,0.5414509425932575,0.2194512079532631
-0.5939077410492111,-0.04653744293955494,1.0682082571399347,0.47707516706708664,1.5613952444477388,-0.7462201058552537,-0.9108333992795203,1.405389650217633,1.7554545669962136,0.6309224286567751,0.331917671132202
0.652088860120497,-0.920664836503446,-0.2349739410638871,-0.9299379828460843,-0.3935987304649187,-0.7462201058552537,1.674931563100144,0.8069186136219654,1.5414457209320083,1.0982348244751736,-0.6004955533094036
0.652088860120497,0.9370331977670254,-0.2665031204950861,0.5378720315695076,-0.42456202165377827,0.5745234443310361,0.7976184508641864,-0.9189315802879242,-0.931399596619196,-0.7116153747104668,-0.39033906200733587
-0.8015738412441624,-0.37667232159860226,-0.19544742815865332,-0.8430853192711972,-0.7296804823948221,0.5745234443310361,-0.1443387854312627,-0.5268496907987353,0.11896264295404989,0.910602287277801,-0.41946924571647426
1.205865127307034,-0.7082899654077683,-0.23525886683252292,-1.1123285763533473,-1.0786594903834557,0.5745234443310361,-0.28286190841588754,-1.5944392344665117,0.7267425172455269,2.04257330849417,-0.45888956224857963
0.1675346263322772,-0.27034956786844916,0.4037938047891475,-0.24380194060447627,-0.855667414625197,0.5745234443310361,0.5944512038200699,-1.250648955999452,1.1013564078116251,0.7555556190941963,-0.4991975751916188
0.9981990271120826,1.3588252188228571,2.870560729478474,2.387833765714603,4.590439699466355,-0.7462201058552537,0.45592808083544506,1.7716010338021104,1.585533380207038,0.5389992438769838,-0.2865863147432783
1.3443091941036682,0.843086261854183,-0.2961084321505897,1.5540481953956866,1.1306684563127603,-0.7462201058552537,-0.2643921586846043,0.029653636218177713,-0.9296938240877217,-0.9878814756252883,-0.12968171426727132
-1.2169060416340651,1.3425440865392273,0.6880775459042987,0.7115773587192818,0.4519884224692268,0.5745234443310361,-0.6060825287133457,-0.06118058451392163,-0.23924958865556442,0.07702472374465004,0.317089568297675
0.8597549603154484,0.542102262964253,-0.7436847337341354,0.32942563898977856,0.4626078766043745,0.5745234443310361,-0.6799615276384788,0.2688120908039587,-1.334093127318795,-1.1331834172657282,0.14511831375349077
1.0674210605103998,-0.25679066159692887,-0.2665031204950861,0.37285197077722215,-0.010767511774589468,-0.7462201058552537,-0.49526403032564575,-0.3515051507779105,-0.1853209340066443,-0.6451091677614145,-0.2777681639565223
-0.04013147386267415,-0.6025238586999031,-0.5457886096149398,-1.1036433099958585,-0.8345601949936632,0.5745234443310361,1.5271735652498772,-0.4400397709851466,-0.33595376986299486,0.7285558990542169,-0.5740559416940862
-0.3862416408542597,-0.9115305541517424,-0.8649924985682653,-1.1731254408557683,-0.5130711903465477,-0.7462201058552537,-0.07969466137177114,1.5146206751486389,-0.8657929607932593,-0.41070814998904326,-0.5285712570493911
0.9289769937137655,0.0685247422514372,-0.03883388207292327,0.14703504548251567,-0.7057481299348523,-0.7462201058552537,2.3583123031576263,-1.1385434304123672,-0.15448581516845428,-0.2667717114310852,-0.55201578647079
-0.524685707650894,-0.7969810894315205,-0.37188552817031667,-0.5738420621890472,-0.25113219967449757,-0.7462201058552537,-0.33827115760973764,0.29065829579015967,0.5761096813891763,-0.06579448501855041,-0.4678649150003679
-1.5630162086256507,-0.25679066159692887,0.13704570089706553,-0.28722827239191984,0.17602253413406824,-0.7462201058552537,-0.9847123982046536,0.6470963771439676,0.5715172168813609,0.41439708760052796,0.4464931690657869
-1.701460275422285,-0.0001522247188747335,0.020349903237014376,0.6420952278593721,-0.2516301473398155,-0.7462201058552537,-1.0770611468610702,-0.7677328457781636,0.008349854951520637,-0.4858108195255371,1.4295902857997798
1.4135312275019853,-0.9030798177489332,-0.7921209418682079,-0.9559937819185504,-1.0298503310073965,0.5745234443310361,0.9453764487144529,-1.4340420978572983,-0.607302815639069,-0.5449619303257676,-0.583340201803735
-0.3170196074559426,-0.6355417392209597,-0.2665031204950861,-0.41750726775425046,-0.45939983951120655,-0.7462201058552537,-0.09816441110305439,-0.3871489589132913,0.4509322202332892,-0.07268406875288987,-0.4761114222779157
-0.5939077410492111,0.35397338408794904,-0.2629309304401125,1.3108607373860028,-0.024049545574701705,1.8952669945173257,-0.28286190841588754,-0.7861296499770699,-0.6782891956027324,-0.9207856196178917,-0.22659892433852843
0.7213108935188142,-0.7521259794220392,-0.13986683991463353,-0.8951969174161295,-0.5083118806362983,-0.7462201058552537,1.859629060412977,0.30100649815204455,1.1475434794330848,1.2453367474516122,-0.5919241986146039
1.3443091941036682,-0.8359993368898917,-0.13280623084685964,-0.9646790482760392,-0.8627600824035064,1.8952669945173257,0.24352595892568688,-0.8085507550944868,1.503787511967921,1.5620093259435062,-0.5437863185670744
1.5519752942986196,1.6502032130050635,2.654826975483398,1.0763585457338076,1.3259009785470353,-0.7462201058552537,-0.042755161909204475,0.5079705453897394,1.1186765596696724,1.372856114858824,-0.0849528083006157
1.6211973276969367,-0.06839822341151888,0.397608687795097,-0.22643140788949884,0.02187686719346314,-0.7462201058552537,1.0007856979083027,0.27628579250976415,0.7069293132260941,0.7179732501649838,-0.5072258685526709
0.5136447933238628,-0.5174581393947433,-0.15003505499945,-0.912567450131107,-0.5576189876776754,0.5745234443310361,1.3332411930714025,0.1797025704655066,0.47599395511879716,1.283539799600134,-0.5616738134903057
-0.2477975740576255,-0.017041251668229535,-0.18516065685552027,-0.24380194060447627,-0.2044074245338395,0.5745234443310361,-0.28286190841588754,-0.09912399317416568,-0.2984267741705592,-0.1323937944504991,-0.3077305286973349
0.9289769937137655,1.0895547259103058,-0.562020519281201,2.439945363859535,2.5323232322283347,-0.7462201058552537,-0.753840526563612,0.4958976426342072,-1.2518224059930707,-1.2382650862948887,0.5040681139302342
0.7905329269171313,0.03218430618086311,-1.0872726403193613,-0.5304157304016037,-0.926583804233387,-0.7462201058552537,1.6656966882345021,-1.2972158666279332,-1.7293075015342376,-1.4869728522723522,-0.5319994691329788
0.30597869312891146,-0.5320959305788171,-0.04858063631570166,-0.06141134709721336,0.18168720323580465,0.5745234443310361,0.4651629557010865,0.3188284022197349,0.7483927070680861,-0.11262503391547987,-0.5200125444706604
-1.147684008235748,-1.20123177424796,-0.9582595029839963,-1.416312898865452,-0.9301496856548579,-0.7462201058552537,-0.6984312773697622,0.33090130497526704,-0.7917886755816028,-0.03451205076533299,-0.5045781697220404
-0.04013147386267415,-0.8930208814877827,-0.6295126201455271,-0.9820495809910166,-0.9891420805501664,1.8952669945173257,-0.6707266527728373,-1.2684708600671424,-0.031670192902300685,0.025445948220000146,-0.39776603036927854
1.275087160705351,0.0951039664655914,-0.725709265969267,-0.23511667424698757,-0.29959156110384577,-0.7462201058552537,0.4374583311041618,-0.2761932335886381,-1.1955319124544168,-0.9508887557544203,-0.4398637272219155
-0.2477975740576255,-1.149319863737164,-0.5236545544998852,-0.9820495809910166,-0.6718259596438144,-0.7462201058552537,-0.28286190841588754,-0.05370688280811616,1.6448417789936847,0.37085615976594083,-0.5553318684814177
-0.524685707650894,-0.11177105634367568,0.2884607522319455,0.32942563898977856,0.9222958770920379,-0.7462201058552537,-0.03352028704356285,0.8419875216261303,0.5959228854086093,-0.035567212238159784,-0.3945510852872032
0.30597869312891146,-0.9856387951808178,-1.0502287727946147,-0.7649179220537988,-0.7275796370795758,1.8952669945173257,-0.6614917779071956,-0.6263074134990722,-1.5357679258477246,-1.389711791806496,-0.4354279934533485
-0.8015738412441624,1.3595185262276446,0.32219729211033166,0.21651717634242534,0.877731618681065,0.5745234443310361,0.058828461612853725,0.9379958435391724,-0.5552111467932752,0.09356593153925775,-0.17585896700966105
-1.5630162086256507,-0.21087838591425576,0.31906441147092285,-0.7041210575513779,-0.8441035060339297,-0.7462201058552537,-1.086296021726712,-1.0063164002327287,0.8227906320946983,1.7085215998616001,1.262716002660295
1.759641394493571,1.4177636693217,2.4734872923929108,2.40520429842958,2.6236719371944037,-0.7462201058552537,2.65382829885816,0.570059759561048,1.1926808448813289,0.3258566263659756,-0.4870303629610116
-0.10935350726099127,1.074771733069826,2.2216110889769713,1.4063986673183786,-0.7794526149418266,0.5745234443310361,0.696034827342128,-1.4208193948393344,1.3405582020329905,0.7611728022289505,-0.3620009343527829
0.5136447933238628,-1.0467869952573974,-0.8249598418079103,-0.24380194060447627,-0.7507012813571685,0.5745234443310361,1.379415567399611,-1.0649562136167423,-0.44682898440882785,-1.0969665514189975,-0.6053050539878375
-1.770682308820602,-0.22391334604072904,-0.44986099520968786,-0.38276620232429565,-0.47905025357643843,0.5745234443310361,-1.1417052709205617,-0.4618859759713478,-0.5590163316711796,-0.42085632062475964,2.379025295042499
-0.04013147386267415,0.4401550818380551,1.0783879370019067,0.946079550371477,0.24129688862530912,0.5745234443310361,-0.9015985244138787,-0.40842026376827656,0.9179202540423061,0.24665744758203653,0.6092345795651412
1.6211973276969367,1.0406015126806227,-0.5300890303970766,0.3989077698496883,1.0250459374859036,-0.7462201058552537,3.1155720421402426,0.8793560301551586,-1.2123272112258567,-0.9269614176500249,-0.5220198926395335
-0.04013147386267415,0.13990514443126462,-0.007857357013262217,0.9981911485164092,-0.5844073374907909,-0.7462201058552537,0.9269066989831694,-1.2000577444524596,-0.17666085807762075,-0.6480574130531364,-0.48240609676585
0.652088860120497,-0.8478643865276108,-0.42159119981128823,-0.6172683939764908,-0.9019744898647827,0.5745234443310361,0.6683302027452033,-1.2046569455021863,0.5707299372514495,-0.10582855266403668,-0.5680712738784534
0.02909055953564297,1.454312756511983,0.2582072898224576,2.7265591536566625,1.1303042549211846,-0.7462201058552537,0.8530277000580364,-0.4308413688856936,-0.6448298113315047,-0.8656379155822103,-0.3455931166668481
-0.524685707650894,-0.25679066159692887,-0.1890857796527136,-0.14826401067210046,-0.5542238899595987,1.8952669945173257,-0.3844455319379459,-0.7798057485336959,-0.04006784228802052,-0.2277928052584257,-0.3258934018879828
1.6211973276969367,0.5489840893686891,-0.2665031204950861,0.7115773587192818,-0.267107677664284,-0.7462201058552537,-0.1443387854312627,-0.8108503556193501,-0.781160400577801,-0.7714492370519379,-0.2427819322213228
-0.10935350726099127,1.4884793163552268,0.8173163308991409,0.5205014988545302,-0.43792841848809727,3.2160105447036154,0.6406255781482783,-0.9281299823873772,-0.20749597691581106,0.344384020462375,-0.30768270851916074
-0.6631297744475282,0.26005646465197696,-0.745348429237327,0.3641667044197334,-0.315052630348469,0.5745234443310361,0.12347258567234526,-0.7182914344936032,-1.272029249827459,-1.141593674887377,-0.3667428271931086
-0.2477975740576255,0.9434381770510971,1.2394530736630915,1.093729078448785,1.6287951358739936,0.5745234443310361,0.18811670973183697,0.7649509040432106,0.5406820980431706,0.2737502701049122,-0.27951992151791305
0.5136447933238628,-0.9553277663788395,-0.6187779408439623,-0.7475473893388215,-0.7495613515778871,-0.7462201058552537,-0.28286190841588754,-0.7085181322629343,0.18640626458311263,-0.3644362159894928,-0.5129109731831899
0.9289769937137655,-0.797046247149605,-0.22371070947912355,-1.1557549081407907,-0.9337649503158645,0.5745234443310361,0.012654087284645435,-0.8234981585060982,1.0491335256941796,2.429910671504493,-0.5182234102182829
-0.6631297744475282,1.747920511256506,-0.8058976955628444,2.7265591536566625,-0.280171602156447,-0.7462201058552537,-0.4398547811317958,-1.219029448782582,-1.5315691011548644,-1.3725809349535438,0.2215283625891261
-0.04013147386267415,-0.39499408623662524,-0.026132472362887,-0.6259536603339795,-0.4981368756569715,-0.7462201058552537,-0.7907800260261789,-0.21122951876125054,0.5031551023507349,0.7328696474284206,-0.09664346772114264
-1.078461974837431,0.6449211421016793,0.899536240835809,-0.25248720696196497,0.9694033723390975,-0.7462201058552537,-0.2643921586846043,1.9998363858947905,0.4721887702408927,1.5221614632638125,-0.17219000506354148
-0.2477975740576255,0.041106520903295266,0.9940480855438656,0.47707516706708664,0.5911010082411843,0.5745234443310361,-0.5783779041164206,0.28088499355949087,1.4510397767638679,0.5576197404562797,-0.13649526517125612
0.4444227599255457,-1.0722456043350561,-0.7541800858125707,-0.9386232492035731,-0.7849259239903623,-0.7462201058552537,1.2224226946837027,-0.563068399065332,-0.02838986111100392,-0.4539387362139756,-0.6048136604328067
-0.524685707650894,0.9488743318378072,1.7695702989436706,2.379148499357114,2.3268642641402164,0.5745234443310361,-0.024285412177921226,0.40391362163967603,1.0535947769303433,-0.02666040804106328,-0.214113460577314
-0.10935350726099127,-0.45687219917759014,-0.6803006709752626,-0.6954357911938892,-0.6441096164544245,0.5745234443310361,-0.44908965599743744,-0.4854568813511963,-0.8192122493568443,-0.567709970313474,-0.3524896658111121
1.6904193610952538,-1.1704075369024167,-0.9926621724714522,-1.1557549081407907,-0.4606241323246948,0.5745234443310361,-0.9847123982046536,1.6709935108393417,-1.0792769537708573,-1.0261155619347764,-0.31565218855763083
-1.3553501084306994,-1.0176556384000657,-0.732423977498985,-0.9299379828460843,-0.3194683150169494,-0.7462201058552537,-1.1140006463236367,1.0690730734563791,-0.10213171977935676,-0.40173927747001575,0.3055495149555358
0.652088860120497,-0.44804564672290753,0.440063669574312,0.1730908445549818,-0.11307929591757605,1.8952669945173257,-0.28286190841588754,-0.34230674867845745,1.6338198641749273,0.2688468726723644,-0.4019808019352478
-0.9400179080407967,-0.44471113338992124,0.12819893166102544,-0.7736031884112876,-0.9381394822847319,-0.7462201058552537,-0.31056653301281256,-1.221903949438661,0.9408825765813841,1.5054961188253428,-0.3938870993649691
-0.10935350726099127,3.761811357231546,5.087629367566806,2.7265591536566625,5.638144221280039,-0.7462201058552537,-0.024285412177921226,2.0883710061020264,1.1038494599730109,1.435172710077535,0.2695310269604392
0.23675665973059432,-0.6932653765339415,-0.27796985187436696,-0.38276620232429565,-0.29959156110384577,0.5745234443310361,1.3886504422652524,-0.1088972954048348,0.564038060397204,-0.13248689693339563,-0.5774137976534637
0.3752007265272286,-0.7196813403982885,-0.7756282085216499,-0.8430853192711972,-1.0789496169157278,-0.7462201058552537,-0.03352028704356285,-1.6231842410273027,-0.8068782018215683,-0.6422540249525891,-0.49987640185880344
0.5136447933238628,-1.1102191319764985,-0.6871713295306126,-1.1383843754258134,-0.6848116940067126,0.5745234443310361,1.407120191996536,0.41023752308305,0.47507546221723385,0.2792743507567701,-0.6107351176680946
1.4135312275019853,-0.8512755272893556,-0.8234679876804984,-0.8083442538412424,-0.6081627333424245,-0.7462201058552537,1.3147714433401192,-0.21122951876125054,-0.7976932728059372,-0.8022351247297073,-0.5882992092461158
-0.3170196074559426,0.8354081446852903,-0.16813871981797057,2.0577936441300317,-0.29959156110384577,0.5745234443310361,0.6498604530139197,-1.148891632774252,-0.7961187135461147,-0.9878504414643229,-0.3814505550963696
0.0983125929339601,-0.617187517742093,0.05394691156615075,-0.8691411183436634,-0.29959156110384577,0.5745234443310361,0.23429108406004526,0.9104006372408129,1.2374245705146176,1.6859287306787212,-0.5121420027318608
0.5828668267221799,-0.4093012081023299,-0.37479367312115813,-0.9559937819185504,-0.77158010350585,0.5745234443310361,1.748810562025277,-0.48488198121998055,-0.2089393229039815,0.7630658860478455,-0.5659820267837417
-0.524685707650894,0.6379395048107392,-0.5758703609302064,1.7711798543329045,1.6615629729408854,1.8952669945173257,-1.0401216473985035,0.3004315980208288,-1.1650904334311825,-1.192427630548855,1.7184868228947268
1.3443091941036682,-0.3477754837190958,0.4006140227886463,0.29468457355982375,-0.44039552282989963,0.5745234443310361,-0.8461892752200286,-0.8424698628362202,1.276001272380269,0.11274504301593287,0.007262633907404337
0.9981990271120826,-0.7178979224066709,-0.7286192348619286,-0.4088220013967617,-0.5032809631086028,-0.7462201058552537,-0.8092497757574622,-0.4843070810887648,-0.6727782381933537,-0.8749791980328235,-0.23083403322165225
1.275087160705351,3.405701976550905,-0.23802370206891557,2.7265591536566625,-0.20797330595531036,-0.7462201058552537,2.727707297783293,-1.1787864395974745,-1.3238584921299492,-1.1020561538173383,-0.38563674448687846
0.5828668267221799,0.013088702126936873,0.16074912766689292,0.7202626250767705,2.2388057175082094,0.5745234443310361,0.2712305835226119,1.7882731376073686,0.21186163928357615,-0.395842786886572,-0.428352805712457
0.23675665973059432,0.7969824175996133,1.0125737323306587,1.632215592613085,2.175603401442486,0.5745234443310361,0.6129209535513531,0.7689752049617213,0.4468646088120813,-0.16699688392702428,-0.38047216524407107
-0.3170196074559426,1.844178959924767,-0.6311371008995833,2.622335957366798,6.073920445657539,0.5745234443310361,-0.7723102762948955,2.430436584175439,-1.411902597408356,-1.283823234592233,0.8900368644325888
-1.4245721418290165,0.02398492726729395,-0.5176333317065406,-0.07009661345470207,1.4687893245084902,0.5745234443310361,-1.0678262719954283,2.349950565805224,-0.8493913018367752,-0.7324703308792783,1.344442336131566
-0.10935350726099127,-1.0018972320794968,-0.6685237392049795,-0.8951969174161295,-0.8705955564098313,0.5745234443310361,-0.5414384046538541,-0.9183566801567082,0.1297221312295035,-0.27189234799039164,-0.47693645776572474
-1.2861280750323822,1.2539986522446755,0.364727446348853,2.083849443202498,1.7694077375468469,-0.7462201058552537,-1.086296021726712,0.20442327610778668,-0.47346527855415826,-0.6935845271895151,3.324857850862766
-1.5630162086256507,0.02985327051365829,0.5235497859789143,0.5378720315695076,0.040971719813918825,0.5745234443310361,-1.1417052709205617,-0.39404776048788104,0.7495736265129529,0.047231929217776414,2.9505984481264314
-1.0092399414391138,-0.4044248728110731,-0.7259108115404054,-0.3567104032518295,-0.36730627068214045,0.5745234443310361,-0.8369544003543872,-0.2715940325389116,-0.9576422509495708,-0.896951383996393,-0.037619626423740726
0.4444227599255457,0.48237484279287285,-0.14090062408204365,0.7550036905067253,0.32704059590408147,-0.7462201058552537,1.2224226946837027,-0.21870322046705631,-0.5991675927966529,-0.6754295430247015,-0.47317570306379964
-1.2861280750323822,0.28493573132239736,0.09429875814505076,1.189267008381161,0.36081873174647366,0.5745234443310361,-0.7630754014292538,-0.41474416521165064,-0.16432681054234455,-0.6316403419023905,0.17128199744417116
1.205865127307034,-0.15796617021084325,0.7116947262823395,-0.8430853192711972,-0.8180188673841973,0.5745234443310361,1.739575687159635,-0.8039515540447603,1.4108885156383943,3.338559870413172,-0.5481505968969904
-0.6631297744475282,0.6574397212114225,0.0464056938287391,0.346796171704756,0.4745997732716175,1.8952669945173257,-1.0124170228015785,0.26651249027909535,-0.48278142084144127,-0.3037644313019533,1.4411352860569029
-1.770682308820602,0.227056398787925,-0.051298049064767634,0.946079550371477,0.6214799310955383,3.2160105447036154,-1.1417052709205617,-0.04853278162717372,-0.3125978075089614,-0.6655606798376746,3.394770401696142
0.5136447933238628,-0.6826966482387885,0.0669695955996695,-0.8083442538412424,0.30852599634816974,0.5745234443310361,-0.7446056516979705,2.54311700989374,1.4948650094955933,1.4784963987853637,-0.27080400697415
0.5136447933238628,-1.20123177424796,-0.7166104019173557,-0.24380194060447627,-0.29959156110384577,-0.7462201058552537,1.1208390711616443,-0.2675697316204009,0.8306634283938107,-0.9336337622576061,-0.6143980333847898
-0.10935350726099127,1.6752323180234385,2.156122848765315,1.3195460037434914,1.3224400365095776,-0.7462201058552537,-0.8831287746825954,0.3240025034006773,0.7184760811314589,0.7823070658464515,1.2751932215632036
1.0674210605103998,0.2378994239936664,0.6268454739302121,-0.25248720696196497,0.7348350421796872,-0.7462201058552537,0.7699138262672612,1.5824588906321058,0.6020899091762473,1.1084140292718554,-0.45936116814367633
1.5519752942986196,-1.20123177424796,-1.0604991286213654,-1.4076276325079633,-1.0727952306885957,0.5745234443310361,-0.8369544003543872,-1.4133456931335289,-1.4782965128642038,-1.110900889692504,-0.4549902939271156
0.7905329269171313,-0.5463388708720265,-0.7708767097983216,-0.7649179220537988,-0.4902088080765172,-0.7462201058552537,0.723739451939053,0.050350040941947165,-0.9556740518747926,-0.7106843498815019,-0.5382622635021302
-0.7323518078458453,-0.5742437007964254,-0.7180330765371563,-0.5130451976866263,0.4958880647814488,-0.7462201058552537,-0.753840526563612,1.826216546267613,-0.8025481638570564,-0.7948179602589543,-0.21659901052792868
-0.1785755406593084,1.7735213935538026,3.538542812029684,2.231498971279806,2.1689243182952875,0.5745234443310361,-0.6707266527728373,0.3843670171783381,1.6628179972099912,0.9815774134058842,0.5868250546897411
1.759641394493571,-0.7737351583683658,-0.01149820544961252,-1.09495804363837,-0.43612387261006497,0.5745234443310361,2.127440431516585,1.394466547724533,1.6241100820726886,2.8124067054041983,-0.5976279915906163
0.0983125929339601,0.16176519279403664,-0.6074999874430781,0.09492344733758341,-0.6891059782113345,-0.7462201058552537,-0.9754775233390118,-1.0983004212272598,-1.0488354747476227,-0.9164408370827226,0.7441413484238222
-0.04013147386267415,-0.49341420931235097,0.32728556866261466,-0.582527328546536,-0.6662744604660138,1.8952669945173257,-0.28286190841588754,-0.6671253228153953,1.5186146116645824,1.3459494973017414,-0.4119015651061111
-1.078461974837431,0.14272864554826226,1.2346531101999678,0.12966451276753826,0.6492950407639996,-0.7462201058552537,-0.9200682741451619,0.7505784007628152,1.6066587169429893,1.2548642348680183,0.4860822303645527
1.205865127307034,-1.0000259609848434,-0.9094200734260884,-0.9820495809910166,-0.8816224222711483,0.5745234443310361,-0.13510391056562104,-0.8568423661166157,-0.9202464685287868,-0.8879514773163999,-0.5393637765717967
0.3752007265272286,-0.5069665266011435,0.21050886615467915,-0.2003756088170327,-0.15269905747004092,1.8952669945173257,0.622155828416995,-0.058880983989058285,1.2897786659037156,0.4035040971016398,-0.5279144166710221
-1.5630162086256507,-0.467258876320342,-0.9089837604863711,-0.24380194060447627,-0.40112761685912646,-0.7462201058552537,-1.0124170228015785,-0.4469385725597365,-1.3213654399685635,-1.2236479964801412,0.38562522779396824
0.02909055953564297,1.5448934543601873,0.9893627698523006,0.3641667044197334,1.517067614059541,0.5745234443310361,-1.0124170228015785,1.526693577904171,-0.09950745434631929,0.6708013254974339,2.273994594741029
-1.3553501084306994,-0.44386505920041136,-0.6778081241963226,0.11229398005256083,0.37043817528102435,-0.7462201058552537,-1.0124170228015785,0.3832172169159066,-0.8244607802229192,-1.0065950746874808,0.4075801861481037
-1.078461974837431,-0.9452397897864075,-0.9864962068665143,-1.242607571715678,-0.796115343015151,-0.7462201058552537,-0.7630754014292538,0.2688120908039587,-1.2978782643428781,-0.8787032973486828,-0.3720112916505701
1.5519752942986196,0.872253736098318,0.5301301772217263,1.8927735833377464,0.34219919280654865,-0.7462201058552537,-0.28286190841588754,-0.6803480258333592,-0.10698661083047611,-0.5514170358065901,-0.11326345309414905
-0.3170196074559426,0.4496934884637213,-0.6368831690411861,0.4162783025646657,1.3231581511178254,0.5745234443310361,-0.9570077736077286,1.2133730063915495,-1.1847724241789632,-1.0407016175885582,0.8675888635517612
-1.2861280750323822,-0.8250328292671062,-0.892514347538801,-0.9386232492035731,-0.046979829799093625,0.5745234443310361,-0.5876127789820623,2.0803224042650053,-1.0599886028380319,-0.8764067694372364,-0.40789951088443366
-0.6631297744475282,-0.6541570796449592,-0.558165748525646,-1.1296991090683246,-0.37892162014792413,-0.7462201058552537,-0.28286190841588754,1.8992288629320224,-0.2892418451549282,0.7959931308322341,-0.44705214435020796
-0.4554636742525769,-0.290508926578295,-0.4558403976227251,-0.24380194060447627,0.20171416450249588,-0.7462201058552537,-0.9015985244138787,0.6189262707143924,-0.5083680088135565,-0.540461976985771,0.15209071559416895
-0.04013147386267415,1.3904830845016467,0.20657501449306034,2.7265591536566625,2.918765600309708,-0.7462201058552537,-0.9939472730702953,0.5689099592986162,-0.6638557357210264,-0.8902169710668808,1.9155592737225728
-1.701460275422285,-1.1863497026301684,-0.8130779031014037,-1.0689022445659038,-0.6743753693848429,-0.7462201058552537,-1.13247039605492,0.19177547322103877,0.10741587504868486,-0.4244252491357913,0.133273750311254
-0.8015738412441624,1.5916813326364463,0.5017371354689006,0.12966451276753826,-0.9088881433997751,-0.7462201058552537,-0.5414384046538541,-1.415645293658392,-0.5033819044907852,0.3862801377657909,0.3019520084480672
1.3443091941036682,2.771576814623337,4.19396731571154,2.7005033545841965,0.20034995251032342,-0.7462201058552537,-0.024285412177921226,-0.9459518864550676,1.2489713384199825,1.0246528288259888,0.09927415328665892
0.5136447933238628,-1.1817073982439419,-0.6703982302699695,-1.1036433099958585,-0.29959156110384577,1.8952669945173257,-0.8000149008918204,2.093545107282969,0.9945488046870005,0.22546111564260465,-0.46195225228060627
0.7213108935188142,-1.0548001743998108,-0.9358568072951295,-0.912567450131107,-0.39411725448004314,-0.7462201058552537,-0.8646590249513121,0.7436795991882251,-0.95829831730783,-1.0274500308562924,-0.3581555324389174
0.4444227599255457,0.049398633647845906,-0.2575918618875442,0.7289478914342592,0.297853043703525,-0.7462201058552537,0.33587470758210347,-0.2330757237474518,-0.4682167476880833,-0.7690596066575949,-0.4325340481879823
-0.3862416408542597,-0.984928405228218,-0.2665031204950861,-0.9299379828460843,-0.39475512132404544,-0.7462201058552537,-0.9847123982046536,0.8028943127034548,1.7717250126810458,1.003146155276902,-0.1609242306743779
-1.2861280750323822,0.7543658534627526,-0.02567792000496721,0.9895058821589205,0.4748796116289864,-0.7462201058552537,-0.8092497757574622,-0.2118044188924663,-0.6120264934185363,-0.6593228134836105,0.4900496561813454
-0.8707958746424795,0.7959611252768275,-0.9590834035605182,2.083849443202498,-0.8954394411662301,0.5745234443310361,-0.5414384046538541,-1.543273122788304,-1.6028179076618316,-1.4338113345384622,0.06298578359634967
-0.7323518078458453,-0.3929283181333078,-0.07865027144601934,-0.5738420621890472,-0.36959847605058743,0.5745234443310361,0.17888183486619533,0.015281132937782218,0.38926198255690886,0.5163132722112082,-0.4738501324732212
0.1675346263322772,0.37815129015247034,-0.5432225840369552,0.9026532185840335,0.8372641115165713,0.5745234443310361,0.1973515845974786,0.18775117230252816,-1.0456863562279777,-1.0550083657936504,-0.3640330170965738
-0.04013147386267415,-0.7410952902267587,-0.8997808014691467,-0.4261925341117392,-0.8667518942659723,-0.7462201058552537,1.8780988101442606,-1.208681246420697,-1.1517066797226914,-1.1632865534022567,-0.5915119556993095
0.5828668267221799,-0.25679066159692887,-0.6567337792788375,-1.1731254408557683,-0.9647755671092791,-0.7462201058552537,0.4374583311041618,-0.9597494896042473,-0.9170973500091418,0.5620265913133797,-0.48365326899892047
1.6904193610952538,0.9750765198181014,-0.8856881149949299,0.39022250349219956,0.7609546606240908,-0.7462201058552537,0.5205722048949366,0.5706346596922638,-1.5421973761586663,-1.2911472965800892,-0.34534632057489184
0.5828668267221799,-0.09518609874538211,-0.7855086316435415,-0.1743198097445666,-0.29959156110384577,0.5745234443310361,1.3147714433401192,-0.33540794710386757,-1.2236115525879179,-1.0604083098016464,-0.5265968883137414
-1.078461974837431,-0.6341868491430366,-0.27949245244960585,-0.32196933782187465,-0.9185631430788035,0.5745234443310361,-1.0955308965923534,-1.343207877125199,0.4135364378125054,-0.1997999920675506,0.7543847603830558
-0.524685707650894,-0.1260798864641617,0.30849245383603674,-0.28722827239191984,-0.47347406277887,-0.7462201058552537,0.5113373300292948,-0.5389225935542675,0.6533942983921298,0.6813219060647362,-0.4749791284039072
-0.04013147386267415,0.2864865826273687,-0.20328803291770445,-0.4088220013967617,-0.10724590074742618,0.5745234443310361,1.2963016936088356,0.3113547005139291,-0.5601972511160465,0.02529077741517249,-0.49434575090721466
-0.8707958746424795,-0.28079237338258484,-0.9410164781415199,-0.5130451976866263,-0.4353769511120881,0.5745234443310361,-0.8831287746825954,-0.22272752138556692,-1.4447059153213242,-1.2130653475909081,0.11580674316162283
-0.3862416408542597,-0.8521540583197091,-0.2665031204950861,-0.912567450131107,-0.2998096704117949,0.5745234443310361,-0.28286190841588754,1.0690730734563791,1.1177580667681095,0.9410157650239844,-0.49034919325774123
0.02909055953564297,0.010920682773142282,-0.1805813903526477,-0.035355548024747226,0.8556984633082375,1.8952669945173257,0.012654087284645435,1.3203044307976923,-0.3169278454734733,-0.3084816237687083,-0.38342107623147653
-1.6322382420239678,0.3553087512540864,1.2904837087549215,1.362972335530935,-0.3904772981992688,-0.7462201058552537,-0.9662426484733703,-1.1000251216209074,1.3068363912184588,0.14768950826307822,0.8465007146341847
-0.04013147386267415,-0.6865936654675984,0.08341751209007241,-0.5217304640441149,-0.6793054627984864,0.5745234443310361,-0.2643921586846043,-0.7522105422353366,1.5550919011838034,0.726042132016012,-0.4578133334110512
0.9289769937137655,-0.9319720189368907,-0.9917826416694123,-1.0862727772808811,-0.8954126919114817,0.5745234443310361,1.7211059374283522,-0.7591093438099263,-1.3277948902795051,-1.0865701074955572,-0.6020137065521276
-1.147684008235748,1.025986172845102,-0.560600189729455,0.077552914622606,1.3342940716331169,-0.7462201058552537,-0.6614917779071956,1.8066699418062755,-1.2381762257412756,-0.8530070120692543,0.2953621680327822
-0.3170196074559426,0.8939436910921573,-0.7453069997016954,1.4150839336758674,-0.12728726545898195,-0.7462201058552537,0.3543444573133867,-0.8993849758265863,-1.3952385119085682,-1.2703854428941743,-0.32443021436729813
1.205865127307034,0.027544442158609714,0.5184384495907609,-0.6346389266914682,-0.8186505613232576,-0.7462201058552537,2.690767798320726,-0.9907940966899015,0.7453748018200929,1.9007161587209005,-0.5622102789374087
-0.4554636742525769,-0.25679066159692887,0.4993576730828167,-0.035355548024747226,1.281651538288102,-0.7462201058552537,-0.28286190841588754,1.9745407801212946,1.2510707507664127,0.5814539760777787,-0.3601579336928071
1.1366430939087169,0.020311447378429586,-0.8106282189552398,0.31205510627480115,0.02754153629519974,0.5745234443310361,1.5364084401155191,-0.2612458301770269,-1.3008961695908712,-1.2015827080336754,-0.5275362525033921
-0.4554636742525769,-0.25679066159692887,0.4972343442409202,0.19914664362744794,0.9312280705430506,-0.7462201058552537,-0.5783779041164206,1.03457906558343,1.2471343526168563,0.3084464620643336,-0.23099783107332916
1.3443091941036682,-0.6750480594739716,-0.160362474148863,-0.6085831276190021,-0.3325836803836287,-0.7462201058552537,0.8899671995206029,0.16245556652903204,0.840766850311005,0.41849359684797316,-0.5593553593346904
-1.2169060416340651,-0.9855441090586575,-0.5764086843302993,-1.0081053800634827,-0.47165099818601186,-0.7462201058552537,-0.9939472730702953,0.8143923153277711,0.4660217464732547,0.2720744254127756,-0.1427729002853582
-0.3170196074559426,-0.8141431931094768,-0.6344646221875252,-0.5998978612615133,0.737040826878947,-0.7462201058552537,-0.28286190841588754,2.70121454597809,-0.22783403402185123,-0.5632720852954085,-0.4820372767709666
-1.147684008235748,-1.1074734784702465,-0.7385018727703161,-1.3468307680055425,-0.7582281101163956,0.5745234443310361,-1.0216518976672202,1.3628470405076627,0.18732475748467564,1.2725537066183497,-0.1964425305989173
1.0674210605103998,-0.031328362549354054,0.08292413582769291,-0.0092997489522811,-0.491210876312095,-0.7462201058552537,-0.947772898742087,-0.7619838444660054,0.1441555911112094,0.01129437081973509,0.46924513038949134
1.4135312275019853,-0.240919022388003,-0.7928485643729319,0.5031309661395528,0.23754376242059874,-0.7462201058552537,-0.28286190841588754,-0.14799050432751035,-1.1793926800412364,-1.2123205277277362,-0.3566868483460288
0.5828668267221799,2.1552048125280354,-0.2665031204950861,1.9188293824102125,2.378078798808658,-0.7462201058552537,-0.513733780056929,0.709760491446492,-1.1994683106039732,-1.0247500588522944,0.42818958362671844
1.5519752942986196,-0.8319632189146091,-0.23777043471901696,-0.5564715294740699,-0.44873717504146504,0.5745234443310361,2.690767798320726,-0.19398251482477594,1.1350782186261568,0.17233063206967986,-0.6077614721057715
0.7213108935188142,2.1128630333745573,1.346021825210841,2.4225748311445576,2.1648790079233247,-0.7462201058552537,2.0073870582632436,0.2843343943467857,-0.1161715398461071,-0.2596338544090218,-0.41057689120496527
0.3752007265272286,0.5765831416872452,1.2644720836115588,1.2587491392410706,1.8636309585808883,-0.7462201058552537,0.4743978305667283,0.8230158172960085,0.9614830602307285,0.18918218147394286,-0.3857169944410558
-1.0092399414391138,0.05693569777908745,1.15486842315646,0.7897447559366803,0.7698909693450648,0.5745234443310361,-0.513733780056929,0.20672287663265002,1.6632116370249466,0.42677971782575985,-0.17771460978570597
0.0983125929339601,1.3822798010057207,-0.2665031204950861,1.814606186120348,0.905161950608144,-0.7462201058552537,-0.24592240895332104,-0.2595211297833793,-1.0550024985152606,-1.0099157299107888,-0.025845419105714106
0.652088860120497,0.664667591227259,0.2827984551325159,-0.1743198097445666,-0.651805171282065,0.5745234443310361,0.21582133432876183,-0.9281299823873772,-0.22652190130533265,0.47258613941082794,-0.32652990494919726
0.4444227599255457,0.26140427767437796,-0.3910629735947345,1.093729078448785,-0.5821254202972472,-0.7462201058552537,0.751444076535978,-1.215005147864071,-0.7962499268177666,-0.9711540628648875,-0.45515574075045373
1.275087160705351,0.5352209246326114,0.06862742843272464,-0.24380194060447627,1.6870817619709384,1.8952669945173257,-0.6153174035789872,3.245644970239471,-0.38305933438601747,0.25022637609306825,0.06007479895715133
-1.0092399414391138,-0.42053225117981063,-0.3798145941076502,-0.20906087517452143,-0.3035010675670856,-0.7462201058552537,-0.28286190841588754,-0.3089625410679399,-0.2046092849394699,-0.45269736977535585,-0.3959642540008321
-1.5630162086256507,-0.5261651140147388,-0.5583981708261703,-0.9559937819185504,-0.4091770849034392,0.5745234443310361,-0.947772898742087,0.8477365229382885,-0.46939766713295017,0.18759943926470282,0.10971324321635224
-0.04013147386267415,-0.4418183259360849,0.32031342077312314,-0.5564715294740699,-0.5884114951631407,-0.7462201058552537,-0.6707266527728373,-0.5136269877807715,1.353548315926526,1.2620331260510478,-0.23116437721110805
-0.1785755406593084,-1.081306187694769,-0.9664392306400567,-0.9559937819185504,-0.443704199878789,-0.7462201058552537,0.6129209535513531,0.7206835939395927,-1.0696983849402704,-1.0913493682842432,-0.5920011506254588
-0.04013147386267415,-0.02374883608497881,-0.696460404658065,0.8505416204391012,0.3330097949829544,-0.7462201058552537,0.28970033325389516,-0.2692944320140483,-1.1061756744594913,-1.17386920229149,-0.43602821913801704
0.0983125929339601,0.5300693162851774,-0.9735097411062835,0.6247246951443948,0.03602516532043011,-0.7462201058552537,-0.3844455319379459,-0.4492381730845997,-1.6009809218587057,-1.3954531115851123,-0.1332533868853814
0.4444227599255457,-0.6650289011455842,0.12164238194343549,-0.28722827239191984,0.7200262432239309,-0.7462201058552537,-1.1232355211892786,1.6405238038849035,1.5802848493409631,0.39040768117420155,1.0467743691135964
-0.4554636742525769,0.5768096074639585,-0.2665031204950861,0.19914664362744794,-0.6704164796820674,-0.7462201058552537,0.23429108406004526,-1.1063490230642812,-0.793756874656381,-0.5620307188567888,-0.3430031318443588
0.1675346263322772,-0.6955639553603027,-1.0250617629955896,-0.9386232492035731,-0.8402063453805737,-0.7462201058552537,0.16041208513491192,-0.7608340442035737,-1.536292778934332,-1.2811853309101657,-0.516702508689457
-0.10935350726099127,-0.0572069582668015,0.8133775285382958,0.00807078376269632,-0.3592814942575955,0.5745234443310361,0.3266398327164618,-0.5745664016896483,1.365488723646846,0.9254676503802721,-0.4454740784704612
-0.9400179080407967,0.056506681792598094,0.9230465903358064,0.4336488352796431,-0.6207307678042503,-0.7462201058552537,-0.8646590249513121,-1.1126729245076552,1.313265841529401,0.5298131322311977,0.26760942531794724
-0.5939077410492111,-0.25679066159692887,2.0669727416010213,2.5181127610769334,1.849348914180179,1.8952669945173257,-0.6060825287133457,0.05379944172924202,4.191166528669938,0.07218339463403306,-0.21265686894327404
-0.4554636742525769,-0.587026083251672,-0.6135797066562295,-0.5043599313291376,-0.29959156110384577,0.5745234443310361,-0.8646590249513121,0.06242294369747931,-0.5281812128329894,-0.6060371591058584,-0.0947570441407558
0.652088860120497,0.3140431726127913,1.2858050374228445,0.6507804942168608,1.2718901179398865,-0.7462201058552537,-0.9570077736077286,0.859809425693821,1.36785056253658,0.6652151765236451,0.7657445261569064
-0.7323518078458453,0.5688286411259914,0.6104508425972723,1.3456018028159575,-0.29959156110384577,-0.7462201058552537,-0.08892953623741276,-1.0224136039067717,0.21881594268112525,-0.3176367012535289,-0.25872364058436487
-0.3862416408542597,0.21174994787519313,1.0528849310632786,0.8765974195115673,0.48412045032709694,-0.7462201058552537,-0.2551572838189627,-0.1370674018344097,1.2253529495226456,0.2745571582900151,-0.26870981296445484
-0.3170196074559426,1.120537586914107,1.5394554151036604,0.7984300222941689,-0.03356816499520044,-0.7462201058552537,-1.0031821479359369,-0.6073357091689502,0.6641537866675834,0.7493487869010975,1.774845376330446
-0.524685707650894,0.726125473492038,-0.4912415449752129,2.031737845057566,1.1020529266368253,-0.7462201058552537,-0.28286190841588754,-0.21237931902368204,-1.09699074544386,-1.1673520284887364,-0.14521832525888417
1.4827532609003025,0.0881913914750931,0.7557369282898542,0.6855215596468157,-0.5670655898738511,-0.7462201058552537,-0.5506732795194956,-1.1172721255573819,1.0062267858640173,0.15585149259700298,-0.1428487529817724
0.652088860120497,0.07749015141619517,0.9770374830019133,0.3815372371347108,0.226527184734185,-0.7462201058552537,1.2870668187431942,-0.06865428621972741,1.3548604486430444,0.6390223446687686,-0.5110305958322273
1.275087160705351,0.31868645314460714,-0.31179693743597287,-0.3567104032518295,0.09467805044393104,0.5745234443310361,2.127440431516585,0.6183513705831767,-0.7218520017911543,-0.21662050731084795,-0.5300311466267534
-0.8707958746424795,-0.3934739835177163,-0.7773024568310875,-0.9646790482760392,-0.8163501254148882,-0.7462201058552537,-0.22745265922203764,-0.6355058155985253,-1.0725850769166119,-0.4850039313404344,-0.40417668253071565
-1.5630162086256507,-0.21143478890014625,-0.7963919622034572,0.4944456997820641,-0.8973941943978501,-0.7462201058552537,-1.086296021726712,-1.4466899007440461,-1.1981561778874543,-1.2145549873172516,1.2619327411212358
0.5828668267221799,-0.5154096978756357,-0.4352830099297242,-0.41750726775425046,-0.8028726162916139,0.5745234443310361,1.4163550668621774,-1.0827781176844327,-0.19489950283723118,-0.3640017377359759,-0.5641802504152952
1.205865127307034,-0.9588028446766822,-0.6662208823753463,-0.8257147865562198,-0.3964567854530451,1.8952669945173257,0.723739451939053,0.4711769369919268,0.005856802790135028,-0.37498783071776043,-0.582083685397918
-0.3862416408542597,0.054923617683180596,-0.44058208204380545,-0.24380194060447627,-0.07336899842596256,-0.7462201058552537,-0.3844455319379459,0.13256075970580952,-0.7498004286530034,-0.5174656637103404,-0.24957899340869577
0.5828668267221799,-0.25679066159692887,0.8612057126384296,1.2500638728835818,-0.2628833530490043,-0.7462201058552537,-0.1720434100281877,-0.9695227918349163,1.9297057917499014,-0.0967665776621128,-0.39006093545381726
-1.2861280750323822,-1.186746261775814,-0.2665031204950861,-1.2512928380731667,-0.959635594927609,-0.7462201058552537,-0.6153174035789872,-0.7723320468278901,3.639545934645463,3.2199473072030567,-0.5188038482430173
-0.3170196074559426,0.23644667532041794,0.2577700649118303,-0.24380194060447627,-0.3127398486302156,-0.7462201058552537,-0.33827115760973764,-0.29056573686903364,0.10111763800939505,0.5353992812049865,-0.22790106229363813
1.0674210605103998,-0.25679066159692887,3.8178796320836224,2.031737845057566,1.6345009576753429,-0.7462201058552537,2.182849680710435,0.14175916180526257,7.47490986502972,1.2766191817048291,-0.5669554697210566
1.205865127307034,0.46251955343408835,0.8350446545473647,-0.31328407146438597,0.10484894015329665,-0.7462201058552537,-1.0031821479359369,0.5608613574615946,0.5939546863338311,1.561388642724196,1.1820081840184111
0.7905329269171313,0.9395784973910771,-0.2882331724969538,-0.06141134709721336,0.25564477734539925,0.5745234443310361,1.1208390711616443,0.4343833285941146,-0.9535746395283626,-0.4315320719968894,-0.4253055060826012
-1.0092399414391138,-0.7531597176010886,0.024177835991499825,-0.8344000529137086,-0.29959156110384577,-0.7462201058552537,-0.3567409073410209,0.7954206109976489,1.646547551525159,1.464965504604408,-0.4537095926036012
0.652088860120497,-0.9428877669890333,-1.0334092932991135,-0.7475473893388215,-0.9195816723942265,-0.7462201058552537,2.0812660571883765,-1.1839605407784168,-1.4842011100885382,-1.3520983887163183,-0.607556449962565
-1.4937941752273336,-0.08115034535349788,0.4514320383768576,0.47707516706708664,0.7030857344282185,-0.7462201058552537,-0.8831287746825954,0.41023752308305,0.8170172481420159,0.021287370650623808,0.2341396978538104
-0.3170196074559426,0.5082012147212938,-0.7384055946985182,0.21651717634242534,-0.29959156110384577,-0.7462201058552537,-0.8831287746825954,-0.620558412186914,-1.320971800153608,-1.1037940668314061,0.5834639007870415
0.0983125929339601,-0.2300003458990925,-0.2247534830740762,0.08623818098009471,0.03066708383081088,0.5745234443310361,0.8714974497893196,-0.06922918635094318,-0.13992114201509617,-0.4481974164353592,-0.5146237050819328
-0.04013147386267415,-0.6578349521889753,-0.661736460847127,-0.7475473893388215,-0.8750318174281181,-0.7462201058552537,1.0654298219677942,-1.0592072123045841,-0.5632151563640395,-0.46675584469272424,-0.5644655225126789
-1.2169060416340651,4.424863129479093,2.0560918863907185,-0.24380194060447627,0.048601430322178465,0.5745234443310361,-0.28286190841588754,0.34814830891174164,-0.4554890603378515,3.246636685633381,0.6636050228347008
0.02909055953564297,-0.545141140233978,-0.5303533716794552,-0.4522483331842053,-0.060136347865386124,-0.7462201058552537,0.10500283594106201,0.4838247398786751,-0.3782044433348981,-0.49872103048718247,-0.4879559857201525
0.1675346263322772,-0.9883012322755836,-0.6093346123511396,-0.24380194060447627,-0.828193872363524,0.5745234443310361,0.18811670973183697,-1.202357344977323,0.33690788716781134,-0.7718837153054547,-0.5620503286862745
-0.3862416408542597,2.2512841384806643,1.278166369079608,2.1880726394923626,0.08802365891650067,0.5745234443310361,-0.1720434100281877,-0.91950648041914,-0.2190427448211758,-0.2192584109929148,0.1011633251531477
-0.5939077410492111,1.3378268629790235,-0.19221944198147392,0.9808206158014319,2.557741197144335,-0.7462201058552537,-0.11663416083433781,1.7388317263228086,-0.9815230663902117,-0.7891697429632345,-0.10595795897791298
0.9289769937137655,-0.9637318918297603,-0.40397140070136994,-0.6780652584789117,-0.4280538282159456,0.5745234443310361,1.8873336850099018,0.05149984120437899,1.088103867374786,0.02426665010331139,-0.606511551586599
0.23675665973059432,-0.6948513690801271,-0.45144977881669035,-0.5738420621890472,-0.6450705319903892,-0.7462201058552537,1.0100205727739444,-0.6263074134990722,0.07959866145848786,-0.2237273301719459,-0.5658654994530185
-1.078461974837431,0.3255621786391102,-0.2784473337865986,0.12966451276753826,-0.505139007496132,-0.7462201058552537,-1.0031821479359369,-0.8539678654605366,-0.6823568070239405,-0.5383516540401174,1.0586178332413927
-0.04013147386267415,-1.1601804595635123,-0.7763775880466585,-1.2599781044306553,-0.29959156110384577,1.8952669945173257,-0.6891964025041205,3.7475327847908817,0.20963101366549428,0.3730285510335253,-0.49131604030841153
-0.10935350726099127,-0.04246325528629048,0.5586447716687162,0.6420952278593721,-0.29959156110384577,-0.7462201058552537,-0.4213850314005125,-0.8194738575875874,0.924743344168204,0.007384066538082948,-0.25645300660692366
-1.701460275422285,1.02934240541745,0.12752303093506173,1.779865120690393,1.0188730325439461,0.5745234443310361,-1.0770611468610702,-0.16351280787033767,-0.5874896116196361,-0.7647148241224259,2.7935844658635665
0.652088860120497,-0.4401181243559535,-0.4598224534610222,0.09492344733758341,-0.5156123695476535,-0.7462201058552537,-0.9015985244138787,-0.8522431650668891,-0.3522242155478271,-0.7378702748872741,0.05848738890465789
0.9289769937137655,-0.853230746904687,-0.6643500391939968,-0.877826384701152,-0.21323056333087764,-0.7462201058552537,1.2039529449524191,1.2248710090158659,-0.24738481149798053,-0.2894266489358954,-0.5858103613521787
1.4135312275019853,1.06724150195771,2.3281107912986676,1.7972356534053706,0.12250550592227606,-0.7462201058552537,2.8754652956335596,-0.8085507550944868,1.4486779378741337,0.565316212375722,-0.5133847777071682
1.759641394493571,-0.055146314927827754,-1.0347681299552052,-0.15694927702958916,-0.4322452306715349,0.5745234443310361,1.5364084401155191,-0.5716919010335693,-1.6427067422440012,-1.4192252788846802,-0.533201569473977
-1.2861280750323822,1.069376332361469,0.685953956499285,1.6756419244005285,-0.740003637092756,-0.7462201058552537,-1.0308867725328619,-1.412770793002313,-0.0846803546496575,-0.3900393987860248,2.0526811611794353
-0.3862416408542597,-0.6659040156663752,-0.7057186030561317,-0.877826384701152,-0.8041421770746766,-0.7462201058552537,-0.4121501565348708,-0.7177165343623875,-0.67251581165005,-0.405339240142013,-0.41861452873876404
0.9981990271120826,-0.5469543306660687,-0.21843560917182264,-0.3567104032518295,-0.48993102735412913,-0.7462201058552537,2.4229564272171182,-0.5078779864686134,0.37561580230511404,-0.06324968381937983,-0.5886971610736799
-0.3170196074559426,-0.25679066159692887,-0.3999268097149498,-0.9212527164885956,-0.532262751811094,-0.7462201058552537,-0.4767942805943624,0.2918080960525915,-0.4355446430467668,0.5744092215386116,-0.28676715196878744
0.7905329269171313,2.280879652565699,3.193271667707478,2.4573158965745123,2.6038918921253913,0.5745234443310361,1.6287571887719356,0.5292418502447246,0.9923181790689186,0.6679151485276431,-0.3671358321056892
-0.9400179080407967,0.999313970763569,0.41029094611602057,1.6843271907580173,0.5192936626863716,0.5745234443310361,-0.4213850314005125,-0.4871815817448439,-0.30315045195002666,-0.565816886494579,0.010189558605994107
0.8597549603154484,0.49304631041129804,0.4844006987489154,1.4063986673183786,0.6102452441011754,0.5745234443310361,-0.4213850314005125,-0.30493824014942916,0.14087525931991265,-0.42796314348585757,-0.11938938281542279
-1.078461974837431,-0.2966410731701627,-0.2665031204950861,0.3815372371347108,-0.2786962778753191,0.5745234443310361,-0.7446056516979705,-0.6826476263582225,-0.13624717040884385,-0.6488953353992046,-0.10674122051697221
-1.0092399414391138,0.9333282371829065,-0.562474029386652,2.1967579058498514,1.8411780456720077,1.8952669945173257,-0.8277195254887454,0.19464997387711788,-1.2211185004265324,-1.2209790586371088,0.6333321017643663
-0.3862416408542597,-1.1849125722863483,-1.0375693137464443,-1.355516034363031,-0.9204417638161393,-0.7462201058552537,0.4836327054323701,-0.04680808123352613,-1.342490776704515,-1.0092950466914787,-0.6004279454712954
-0.9400179080407967,-0.1220984326418789,-0.21704732888348982,0.24257297541489148,0.40068952476657804,0.5745234443310361,-0.7907800260261789,0.2785853930346275,-0.24699117168302495,-0.5292276107162625,0.03141072457090572
-1.147684008235748,-0.730797930405426,-0.9217439271793315,-0.32196933782187465,-0.649963587974381,-0.7462201058552537,-0.9385380238764451,-0.8395953621801411,-1.2236115525879179,-1.2265652076108977,-0.05795914220714271
-1.3553501084306994,-0.9477723995177989,-0.5360856299758476,-1.0341611791359488,-0.6360148804405374,-0.7462201058552537,-1.0031821479359369,0.24064198437438347,0.4909522680871105,0.4953962477204656,-0.08858439355574857
0.5828668267221799,-0.9592218551708815,-0.7980560485513246,-0.8170295201987311,-0.29959156110384577,0.5745234443310361,-0.07045978650612951,0.7419548987945779,-0.5258193739432556,-0.7287151974024535,-0.5380341557556675
0.4444227599255457,-1.1806619463178212,-0.9615913235633718,-1.3728865670780086,-0.8259633960444968,-0.7462201058552537,1.674931563100144,1.012157960466013,-0.8639559749901332,-0.3269159153822114,-0.619086059817517
-0.04013147386267415,0.29188735213646705,0.5946603268515135,0.9026532185840335,-0.6035742073355693,-0.7462201058552537,2.0350916828601684,-1.2006326445836757,0.49121469463041423,-0.12035253999588762,-0.5284393393164969
1.759641394493571,1.1596375865655806,-0.2665031204950861,0.13834977912502697,0.48972133274443325,0.5745234443310361,0.14194233540362866,0.5177438476204081,-0.9983183651616514,-0.5290724399114349,-0.2345156372838408
0.5136447933238628,-1.1214189383951223,-0.54310480950799,-1.2252370390007006,-0.9912696751201612,-0.7462201058552537,-0.4213850314005125,-1.0293124054813614,1.3250750359780694,1.4402002441539448,-0.5326112376192756
-0.04013147386267415,-0.8908953244671217,-0.8571903268689981,-1.1123285763533473,-0.49758542948215656,0.5745234443310361,0.5944512038200699,1.2047495044233125,-0.8643496148050888,-0.5117243439317242,-0.569787853377739
-1.0092399414391138,-0.47723630442478787,-0.7758386132387726,-0.0092997489522811,1.102746349625305,-0.7462201058552537,-0.6614917779071956,1.6451230049346302,-1.0172130762795213,-1.094483818541758,-0.2507338232287403
1.4827532609003025,0.4936783646803578,0.31775156420501344,0.12966451276753826,-0.009438279577087915,0.5745234443310361,-0.20898290949075438,-0.16523750826398495,-0.058437700319282804,0.1682341228222349,-0.22853041981098746
-0.2477975740576255,-0.6503806163964255,-0.2933841144789186,-0.8604558519861747,-0.7032398728934369,1.8952669945173257,-0.6707266527728373,-0.4153190653428664,0.41445493071406836,0.6981734554689992,-0.3081735524169712
1.759641394493571,0.23246888204409497,-0.3503284900782562,-0.41750726775425046,1.003251467770832,0.5745234443310361,1.046960072236511,2.574161616979394,-0.7252635468541031,-0.2173653271740197,-0.48261386719515836
0.9289769937137655,2.350074952843919,1.8881461897757312,2.379148499357114,3.737729014229191,0.5745234443310361,-0.45832453086307906,1.261089717282463,0.12499845345003598,0.03472516234868253,0.4036616798239259
0.23675665973059432,-0.8654184126596637,-0.5134859485703931,-0.7996589874837537,-0.39581068806912023,0.5745234443310361,1.5179386903842356,0.4044885217708918,0.3069912612311843,-0.02427077764672035,-0.593682002405419
0.9981990271120826,-0.14792309631551856,-0.42432854563881844,0.3815372371347108,0.4691923085424627,-0.7462201058552537,-0.8461892752200286,0.22626948109398798,-0.5785671091473087,-0.812352261204458,0.11443864634006606
1.1366430939087169,-0.12151128106992601,-0.2665031204950861,0.5031309661395528,0.3206722156389617,-0.7462201058552537,1.6379920636375775,-0.053131982676900405,-0.3317549451701351,-0.698487924622063,-0.5420235678612757
1.5519752942986196,-0.06032330306058328,0.29545374517081147,-0.6867505248364004,-0.4718176666194447,-0.7462201058552537,-0.6707266527728373,-0.04680808123352613,0.5271671310630277,1.5957124247520318,-0.09030152271225465
1.6211973276969367,-0.25679066159692887,-0.8777508413194052,-0.9386232492035731,-0.29959156110384577,-0.7462201058552537,2.570714425067385,1.1754295977313054,-1.3317312884290615,-0.8313141335543746,-0.575087648296763
1.275087160705351,-0.25679066159692887,-0.6203295942067668,-0.8517705856286859,-0.5922839641967288,-0.7462201058552537,-0.3659757822066625,-0.07785268831918046,-0.8488664487501677,-0.21196538316602406,-0.332720144565257
-0.8015738412441624,0.16494962374267103,0.13660430697656342,-0.3480251368943408,-0.9686953617474222,0.5745234443310361,-0.9754775233390118,-1.4323173974636507,0.00559437624683131,0.5060719990925953,0.7467027510708508
-0.8015738412441624,0.6884418610906121,0.5376351766858499,0.5118162324970414,0.7699341796796584,0.5745234443310361,-0.6522569030415539,0.4527801327930207,0.034986149096850896,0.08003503735830277,0.15973040130040353
-0.3862416408542597,-0.7887304628745141,-0.17213523690927124,-0.7562326556963102,-0.12756916145133132,-0.7462201058552537,-0.28286190841588754,1.0564252705696309,1.1820525698775275,0.7218525202856706,-0.47648024227279906
-0.3862416408542597,-1.1379931583919336,-0.6733917096416873,-1.0428464454934376,-1.0341795950066894,0.5745234443310361,0.3543444573133867,-1.416220193789608,0.6978755974821147,0.03025624316965143,-0.5905148775015177
-0.04013147386267415,0.9988615272829366,-0.014441396139714626,0.19046137726995924,-0.818074423528675,-0.7462201058552537,-0.28286190841588754,-1.3018150676776599,-0.7096491675275302,-0.26878893189384223,-0.08557721890298156
1.3443091941036682,-0.051786909882314665,0.49025477030258924,0.4510193679946205,-0.29959156110384577,-0.7462201058552537,1.8226895609504106,-0.7401376394798043,0.8302697885788551,0.07947642246092382,-0.5436060309987856
0.4444227599255457,0.580136555668628,0.806099609830794,1.66695665804304,-0.2632125746459087,-0.7462201058552537,-0.20898290949075438,-1.0592072123045841,0.4322999356587232,-0.31136780073849923,-0.21098646065050145
-0.4554636742525769,0.47166969815161774,0.7257640923575684,1.0676732793763188,2.6645982969595834,-0.7462201058552537,-0.3844455319379459,1.7250341231736293,0.4515882865915485,-0.10492856199603753,-0.14755107050222974
0.5828668267221799,-1.1832677669684086,-0.9152465252893413,-0.24380194060447627,-0.5060937501271549,-0.7462201058552537,-0.5229686549225707,-0.6326313149424461,-0.5613781705609133,-1.2330823814136511,-0.534400371871653
0.9981990271120826,-0.3042162069793862,-0.26886903359907677,-0.6693799921214231,-0.6262164226626701,-0.7462201058552537,1.3609458176683276,-0.4722341783332325,-0.13112985281442077,0.3054051142897155,-0.5454897062930706
0.30597869312891146,-0.7179601516879874,-0.8659035575074836,-0.7041210575513779,0.025702010622496257,1.8952669945173257,-0.8000149008918204,1.3082315280421601,-1.0699608114835744,-0.9797815596132947,-0.23971264630265138
-0.9400179080407967,-0.25679066159692887,1.6341740166451988,1.8667177842652802,-0.02648167012183296,0.5745234443310361,-0.45832453086307906,-0.9298546827810247,3.379350016959797,0.11162781322117496,-0.29533740734914643
1.275087160705351,1.1782543912079642,1.315413606117313,1.779865120690393,0.14260654204827092,-0.7462201058552537,-1.104765771457995,-0.7895790507643647,0.4127491581825942,-0.04102922456808684,3.770368769421353
-0.4554636742525769,-0.3914770336784432,-0.008481014834231504,-0.4088220013967617,-0.3900966357278481,-0.7462201058552537,-0.6522569030415539,-0.2572215292585161,0.5333341548306656,0.3591252469209844,-0.2263592737904373
-1.770682308820602,4.376705230868278,0.8478353071250349,2.7265591536566625,1.9983854734638238,-0.7462201058552537,-1.1417052709205617,0.05437434186045809,-0.9445209237843833,-0.5847166905225645,12.741263251494983
-0.04013147386267415,1.95709996976567,3.1130453261803512,2.7265591536566625,-0.29959156110384577,3.2160105447036154,1.2316575695493441,-1.2299525512756826,1.1883508069168172,0.49446522289150074,-0.34942092954966103
-0.04013147386267415,0.11037820457387715,0.02522073986801098,-0.0006144825947923895,-0.5618103901332646,-0.7462201058552537,-0.9385380238764451,-0.8729395697906586,-0.1004259472478823,-0.07082201909496019,0.5341129272541056
-0.04013147386267415,-0.7164185737661144,-0.36447237720499875,-0.7649179220537988,-0.6261011951037534,-0.7462201058552537,-0.32903628274409585,-0.337132647497515,0.37719036156493635,0.2771640278111165,-0.4511740238459308
1.4827532609003025,-1.193053870537355,-0.8179781833646418,-1.2860339035031214,-0.6576714886119055,0.5745234443310361,-0.28286190841588754,1.542790781578214,0.10859679449355188,0.26118143491388746,-0.5648953544590257
-0.04013147386267415,-1.0276374591596633,-0.3773271283094953,-1.1036433099958585,-0.6371013117103219,-0.7462201058552537,-1.1417052709205617,0.4947478423717757,1.5456445456248682,1.4087005707739693,0.5687512259687968
0.02909055953564297,0.08157239227057125,0.2373767017010939,-0.24380194060447627,0.3525470391242503,0.5745234443310361,-1.0031821479359369,0.8856799315985325,0.24466495719654435,0.5046444276881825,0.8387967190331642
-0.04013147386267415,-0.5913130706434,-0.06574927038822341,-0.24380194060447627,-0.8501488376070867,-0.7462201058552537,-0.6337871533102706,-1.240875653768783,0.8567748694525336,0.04763537331032771,-0.30854017378297294
-0.2477975740576255,1.7984804601261468,-0.8696555361133111,2.7265591536566625,1.7269196328313525,-0.7462201058552537,0.2065864594631202,-0.0973992927805184,-1.5814301443825765,-1.4029633785387619,-0.1607752735676516
1.205865127307034,1.3037681672233954,-0.2665031204950861,2.622335957366798,1.6526019726001437,1.8952669945173257,-0.4860291554600041,-0.10084869356781326,-1.0359765741257392,-1.1058423214551287,0.15161965935629265
1.4827532609003025,-0.7830905376960418,-0.428266305747195,-0.6520094594064456,-0.7984857385128626,-0.7462201058552537,2.690767798320726,-0.9275550822561615,0.3581644371754148,-0.06942548185151322,-0.6051714872832822
1.3443091941036682,-0.6934506001595078,-0.3272405133912072,-0.6780652584789117,-0.6921759696024681,0.5745234443310361,-0.12586903569997943,-0.6314815146800145,0.42600169861943343,0.19349592984814631,-0.4827150041237106
0.7213108935188142,1.6236776767983196,1.9230018482424036,1.423769200033356,1.0479124350258953,-0.7462201058552537,2.1459101812478685,0.03655243779276742,0.5788651600938656,0.5449578027823584,-0.45035943184530924
-1.2169060416340651,-1.089710557182087,-0.7543180539831172,-0.999420113705994,-0.9129560877565253,-0.7462201058552537,-0.4675594057287208,-0.957449889079384,0.033936442923636026,-0.3499432628186074,-0.5171323406358039
0.1675346263322772,-0.8590832277852255,-0.4248693443885247,-0.49567466497164886,0.018706051688277592,0.5745234443310361,-0.9939472730702953,0.738505498007283,0.5961853119519129,-0.26459932016350074,-0.03322071968893995
-1.2169060416340651,1.068155662302072,1.8090135619329655,-0.0092997489522811,0.2506632430572394,0.5745234443310361,-0.6337871533102706,0.35849651127362653,0.9634512593055061,2.2338058083635404,0.2664930715033301
1.5519752942986196,-0.2689675897504236,0.7356399556249094,0.14703504548251567,0.6043830420412963,-0.7462201058552537,1.9889173085319602,0.664918281211658,1.7265876472328017,0.6420326582824216,-0.5629407733833103
0.5136447933238628,-0.3284170524652555,0.5307121449439468,-0.5217304640441149,-0.470465800437156,-0.7462201058552537,0.8530277000580364,-0.2888410364753862,1.486860999924829,1.57169198416474,-0.5232632172720612
-0.04013147386267415,-0.680595006785065,-0.13312906854904513,-0.24380194060447627,0.5604422470294613,-0.7462201058552537,-0.947772898742087,1.253616015576657,0.9324849271956646,-0.05393943552973202,-0.002490483811239136
0.4444227599255457,-0.25679066159692887,-0.14232890080886362,0.4162783025646657,-0.845368951547031,3.2160105447036154,1.6379920636375775,-1.3759771846045006,0.047582623175430806,-0.5372654584063252,-0.5518212078147711
-1.147684008235748,-1.12777877094569,-0.5296759075747883,-1.2252370390007006,-1.0330849331969822,-0.7462201058552537,-0.28286190841588754,-1.288592364659696,1.4447415397245775,1.5112995069258899,-0.5506213061026545
-0.524685707650894,-0.7369022568479991,-0.07697954073866374,-0.8430853192711972,-0.7117955191429901,-0.7462201058552537,-0.8831287746825954,-0.47050947793958503,1.2805937368880842,1.2276783098622461,-0.15454106137396045
-0.10935350726099127,0.2983604175753914,0.7105405619547925,0.03412658283516245,0.787337656346018,0.5745234443310361,1.0377251973708697,1.0937937790986592,0.6362053598057343,0.7580383519714358,-0.4759140953357949
0.23675665973059432,-0.021543235125996853,-0.3859062992241919,0.48576043342457537,0.2713609933276234,1.8952669945173257,0.7699138262672612,-0.09682439264930265,-0.6133386261350551,-0.8092798792688741,-0.486289974685143
-0.8015738412441624,0.07078378718143222,-0.9165488197490049,0.21651717634242534,0.5763457077949249,0.5745234443310361,-0.49526403032564575,0.5390151524753937,-1.4735728350847364,-1.3049264640487683,-0.18554117894687397
0.9289769937137655,-1.20123177424796,-0.8916957885061813,-1.416312898865452,-0.897785145044174,1.8952669945173257,0.5298070797605784,0.7235580945956718,-0.3448762723353224,0.654880800922136,-0.6035642895708547
1.1366430939087169,3.2855789645522813,-0.04219540684765721,2.7265591536566625,0.09808549397189174,1.8952669945173257,0.5390419546262198,-1.0074662004951604,-1.214164197028983,-1.0087364317941,-0.07744009341229174
-1.6322382420239678,-0.0836141368208449,0.5381367606864207,0.48576043342457537,-0.1946521770905658,-0.7462201058552537,-1.0678262719954283,-0.6343560153360935,0.965025818565329,0.10030034446876983,1.2098027006819958
-0.524685707650894,-1.20123177424796,-0.9506582254480748,-1.3120897025755875,-0.9972615081838215,0.5745234443310361,0.3081700829851784,-0.8924861742519964,-0.7407467129090242,-0.48975215796815486,-0.5973608581815055
-0.8015738412441624,-0.9427799029014178,-0.25625647591199874,-0.6780652584789117,-0.3686869437541583,1.8952669945173257,-1.058591397129787,0.20499817623900277,1.5742490388449764,0.3500632719190602,0.09359069762780106
-0.1785755406593084,-0.06932238924817141,-0.6229831689921237,0.3815372371347108,-0.1342729362182973,0.5745234443310361,-0.4398547811317958,-0.5073030863373974,-0.9660399003352906,-1.0180777142447135,-0.25441103003316573
-0.1785755406593084,-0.225816585903431,-0.2755313719422418,-0.30459880510689724,-0.6844639536949824,-0.7462201058552537,-0.024285412177921226,-0.9143323792381975,-0.23793745593904553,-0.21094125585416268,-0.4160844565532976
0.9981990271120826,-0.887562031316122,-0.7473918954838079,-0.5912125949040247,0.048383321014229395,-0.7462201058552537,1.2316575695493441,1.0334292653209982,-0.4717595060226838,-0.7992868794379855,-0.589390828485815
-0.10935350726099127,0.6124172022333794,-0.2665031204950861,0.06886764826511729,1.068937349258203,0.5745234443310361,-0.15357366029690447,1.442183258615446,-0.809371253982954,-0.4885107915295351,-0.22711835041179929
-0.04013147386267415,-0.5602506537740721,0.09195968304212948,-0.8170295201987311,-0.608977556794763,-0.7462201058552537,-0.3752106570723041,-0.19800681574328688,1.1611896596848792,1.5757264250902543,-0.40283826719906
1.4827532609003025,-1.20123177424796,-1.0250730974911868,-1.0341611791359488,-0.0963712998746774,0.5745234443310361,0.6498604530139197,2.4908010979531006,-1.2404068513593576,-1.243137449566471,-0.606315323958919
-1.4245721418290165,0.26073879041888504,0.4470521026586272,1.154525942951206,1.0434926350874536,-0.7462201058552537,-0.8646590249513121,0.1986742747956285,0.3310032899434771,-0.35717422232356727,0.3826103579401158
0.30597869312891146,-0.06046191573426129,-0.5210114022392154,0.3207403726322899,0.11319676526980398,0.5745234443310361,0.7329743268046948,-0.1600634070830425,-0.8043851496601827,-0.8936307287730851,-0.4873925870692502
0.9289769937137655,-0.11210660638999127,-1.0508765327039231,-0.6780652584789117,-0.8582332854460708,1.8952669945173257,0.14194233540362866,-1.0615068128294474,-1.665669064783079,-1.4025599344462105,-0.4267587997733189
1.759641394493571,-0.2159126127545787,-0.3168818266677325,-0.40013673503927305,-0.5773146697124815,0.5745234443310361,-0.5506732795194956,-0.6406799167794677,-0.3242757886859783,-0.17897607005970462,-0.23540992958141935
1.4135312275019853,-0.3831597851849684,-1.0677946353392767,-0.8344000529137086,-0.8590151867387186,1.8952669945173257,2.4783656764109683,-0.9413526854053411,-1.6814146573813038,-1.4252148719510205,-0.5803857942441256
0.5828668267221799,-0.1312768855814975,-0.6511453518231282,0.2599435081298689,-1.0140518096259463,-0.7462201058552537,0.7329743268046948,-1.5691436286930158,-0.9804733602169966,-1.017053586932852,-0.49488111703987697
1.0674210605103998,-0.7384123540746179,-0.11855876988103829,-0.5217304640441149,0.41318759963906154,-0.7462201058552537,0.28970033325389516,1.670418610708126,1.1628954322163538,0.3441978154965822,-0.5335841308993702
1.1366430939087169,-0.43370704416194855,0.2033928874245046,-0.4435630668267166,-0.33391497021611094,-0.7462201058552537,1.4625294411903855,-0.09854909304294991,1.0778692321859398,0.7884828638785847,-0.5592915990971249
-1.701460275422285,-0.012990735545505182,-0.18948457150355696,-0.33933987053685205,0.6302248797633118,0.5745234443310361,-1.0493565222641452,1.6048799957495228,-0.3090550491743609,-0.0360637588136079,1.1036836790841487
1.759641394493571,-0.04201154391485032,-0.2665031204950861,0.32942563898977856,0.8695792688877194,1.8952669945173257,0.08653308620977876,0.7764489066675271,-0.4056280171101398,-0.6257438513189467,-0.40648854079968627
0.3752007265272286,0.31528068118360336,-0.8325233376918407,0.9200237512990108,-0.17046673552797575,-0.7462201058552537,0.0495935867472121,-0.7895790507643647,-1.3998309764163837,-1.2941576101937422,-0.34167955725765387
1.4135312275019853,0.1405293895356103,-0.30440332870444337,0.12966451276753826,1.4901907859422574,3.2160105447036154,1.4163550668621774,1.9193503675245758,-0.6040224838477721,-0.5691065075569213,-0.5127026530966612
-1.4245721418290165,5.753805549384216,1.1970133348262315,2.7265591536566625,3.106461005609854,0.5745234443310361,-0.8923636495482369,0.6735417831798953,-0.9788988009571742,-0.41837358774752015,3.8099490362045922
-1.2169060416340651,-0.2821567808800034,0.39979819966875707,-0.3914514686817843,0.5228245643131715,0.5745234443310361,-0.9939472730702953,1.5318676790851133,1.1198574791145393,1.022325266753577,0.4665655514400782
0.7905329269171313,-0.714548522853448,-0.9741786066280835,-0.7214915902663553,-0.9480860897812061,1.8952669945173257,0.9823159481770195,-1.275369661641732,-1.3847414501764184,-1.2198307946813856,-0.5667031770568965
-0.8707958746424795,0.3347267215040814,1.1803339080062145,0.37285197077722215,1.2449844829328738,-0.7462201058552537,-0.40291528166922913,1.180603698912248,1.1975357359324486,0.8598924682601848,-0.1707295658289588
-0.10935350726099127,0.5574933945068548,-0.6577960951075785,0.5378720315695076,-0.9080506859626496,1.8952669945173257,-0.4860291554600041,-1.463362004549305,-1.23778258592632,-1.0874700981635566,-0.055896278659009924
-1.770682308820602,4.220902633363025,3.007993442819263,-0.24380194060447627,-0.012397158679266301,0.5745234443310361,-1.1417052709205617,0.24064198437438347,-0.005689965115229717,4.681780425321655,12.390340095707632
-0.8707958746424795,-0.07761645428390065,-0.11335232795511425,0.4510193679946205,0.2684864772596518,3.2160105447036154,-1.0401216473985035,-0.07325348726945378,-0.1208952176255746,-0.5246655890543349,0.9510163861201472
-1.4937941752273336,-0.9055304312508251,-1.0468910895451027,-1.09495804363837,-0.5690162278355098,3.2160105447036154,-0.9754775233390118,0.7758740065363113,-1.5492828928278675,-1.2982541194411874,-0.11440564079812449
0.9289769937137655,0.4647131966096017,0.1469812331182406,0.13834977912502697,0.10293122435132834,-0.7462201058552537,0.40051883164159496,-0.01691327441030363,-0.24095536118703859,-0.04146370282160356,-0.38815527387071663
0.1675346263322772,-1.0394170960583204,-0.575159023620306,-1.1557549081407907,-0.8015372111891704,1.8952669945173257,-0.32903628274409585,-0.12614429934130938,0.6981380240254187,0.8503339466828128,-0.5254096287176938
-0.2477975740576255,1.3172699689779428,1.0639374973678029,0.6855215596468157,1.645202717209717,-0.7462201058552537,-0.4213850314005125,1.2150977067851974,0.0942945478834975,0.43289344753596215,0.09157015768563843
-1.701460275422285,-0.21526860070205012,-0.018547740584906405,-0.6172683939764908,-0.8186196967985478,3.2160105447036154,-1.0955308965923534,-1.002292099314218,0.2173725966929548,0.729052445629665,1.383420728258476
-1.701460275422285,-0.7265668273486843,-0.9741257123152961,-0.3480251368943408,-0.6014363245906713,-0.7462201058552537,-1.1232355211892786,-0.7292145369867038,-1.3793617060386916,-1.3061367963264225,0.9312699504775486
-1.2169060416340651,-0.6803370603130973,-1.0422233618639474,-0.999420113705994,-0.842852463965693,0.5745234443310361,-0.4860291554600041,-0.6814978260957908,-1.5874659548785623,-1.3158815228695875,-0.40009822595540373
0.30597869312891146,-0.13945552140129427,0.4898054292070129,0.06018238190762858,0.20156807241886954,0.5745234443310361,0.5575117043575031,0.2026985757141394,0.9879881411044069,0.4502725776766384,-0.4809588493045567
0.30597869312891146,-0.9887905252522111,-0.7486362146498992,-1.060216978208415,-0.33177708747121293,-0.7462201058552537,0.5298070797605784,1.6583457079525938,-0.25328940872231476,-0.20156893924258376,-0.5785120127798078
-0.6631297744475282,1.087957019617049,0.6006480672843005,1.840661985192814,1.0006053491857125,3.2160105447036154,-0.28286190841588754,-0.203180916924229,-0.1752175120894503,-0.4947176237226338,-0.0660946187261713
-0.6631297744475282,-0.5624672363709335,-0.4096983174538602,-0.9299379828460843,-0.6800523842964633,-0.7462201058552537,-0.1720434100281877,-0.2060554175803081,-0.05935619322084611,0.5713678737639932,-0.44993014955618277
-0.04013147386267415,-0.4761325277997075,-0.44099051472998446,0.11229398005256083,0.26053577569441044,-0.7462201058552537,-0.6707266527728373,0.22914398175006706,-0.2636552571828128,-0.7230980142676993,-0.24383452579837434
1.4135312275019853,0.22036052811824702,1.373821695027407,0.3989077698496883,0.8064921803809122,0.5745234443310361,-0.7907800260261789,0.6160517700583132,1.6521897222061892,1.0278803815664004,0.19210631089595936
1.5519752942986196,0.05188951315529568,0.1575890181817387,0.19046137726995924,0.3984960858772024,0.5745234443310361,2.2936681790981353,0.33205110523769854,0.16003239698108607,-0.07178407808489072,-0.5512611071071912
-1.2861280750323822,1.075155602322811,0.757047951613943,-0.07878187981219077,0.27105852098546745,1.8952669945173257,-0.753840526563612,0.48210003948502744,-0.022222837343365973,0.9874118356673972,0.49783115345044127
1.5519752942986196,0.8577816456280247,0.7634075156149455,-0.32196933782187465,-0.9764114929248693,-0.7462201058552537,-0.6707266527728373,-1.4518640019249887,0.13916948678843818,1.4675103058035788,0.24869846865034512
-0.6631297744475282,-0.1354799244525473,-0.4568442170316595,-0.582527328546536,-0.39804939492807023,-0.7462201058552537,-0.07969466137177114,-0.03760967913407308,-0.644567384788201,-0.22369629601098048,-0.3887357118954511
-0.04013147386267415,0.8834484177525979,-0.1714665016690298,0.45970463435210923,1.6521122554747483,1.8952669945173257,-0.07045978650612951,1.5376166803972717,-0.8181625431836294,-0.5867028768243561,-0.20864107329108686
-0.04013147386267415,0.9839379694776006,1.9178456949980949,2.2141284385648285,0.7686728494365185,-0.7462201058552537,-0.1720434100281877,-0.49350548318821785,1.1579093278935826,0.11746223548268789,-0.14705527968943571
-1.701460275422285,1.0981626217529892,0.4359289237493477,0.5031309661395528,0.21783367694092798,-0.7462201058552537,-1.1232355211892786,-0.17098650957614314,-0.33319829115830557,-0.012726069767556724,4.356222566748301
-1.5630162086256507,-0.11099746096417,0.04905431791486948,-0.7475473893388215,-0.2457144467704394,-0.7462201058552537,-1.13247039605492,0.6988373889533914,0.1906050892759727,1.2264059092626611,2.3351626488551815
-1.4245721418290165,-0.82865628169452,-0.12483664734480468,-0.7822884547687763,-0.592218119877348,-0.7462201058552537,-0.8738938998169536,-0.2106546186300348,1.4978829147435864,0.9090816133904919,-0.22015199480054545
1.0674210605103998,-0.35739320217389114,-0.20238075214368514,-0.49567466497164886,1.0831885291342027,0.5745234443310361,2.0258568079945265,3.0438550241827182,0.07513741022232408,0.14623090269770014,-0.5695322627702565
-0.8707958746424795,-0.14514718229599868,-0.2986421479020441,-0.8257147865562198,-0.6051380099208653,1.8952669945173257,-1.0031821479359369,-0.16983670931371164,-0.3636397701815403,0.5871952958563948,0.6345353014198054
0.4444227599255457,-0.5700504233812684,-0.6397259126496155,-1.0515317118509262,-0.5709997879568588,0.5745234443310361,0.8992020743862447,0.5786832615292853,-0.613469839406707,0.1773581661460899,-0.549496157772511
-1.5630162086256507,1.9178838087890722,0.7137405375968751,2.7265591536566625,5.021510112643103,-0.7462201058552537,-0.8923636495482369,1.7434309273725352,-0.4705785865778169,-0.6486160279505153,1.4748496109841143
-0.10935350726099127,0.7608137831527529,1.6561142128010717,-0.15694927702958916,-0.6852437973526497,-0.7462201058552537,0.8345579503267528,-0.9925187970835491,1.1602711667833165,2.396176538535001,-0.4126364568097758
0.5828668267221799,-0.6847651007424764,-0.5337839456802417,-1.0081053800634827,-0.8849763672896118,-0.7462201058552537,1.9612126839350355,-0.8349961611304145,-0.17062504758163466,0.4171280937654913,-0.589281446698957
-0.4554636742525769,0.572363508341178,0.05465746718669941,-0.04404081438223594,-0.3500632895442721,0.5745234443310361,0.06806333647849534,-0.5239751901426563,-0.42294816896818693,0.007756476469668826,-0.3049399189894024
-1.4937941752273336,-0.36744042468797045,-0.7284449181365354,-0.582527328546536,-0.9629154650867692,0.5745234443310361,-0.28286190841588754,-1.3639042818489684,-0.9871652370712422,-0.7673837619654582,-0.3843543941917029
0.5828668267221799,0.009246105014729446,0.3800611949501961,-0.0092997489522811,0.5610183848240441,-0.7462201058552537,0.16964696000055354,0.8270401182145191,0.5586583162594773,0.393883507202337,-0.41311850619206
-0.7323518078458453,-0.172582486191953,0.12023951012054067,0.3641667044197334,-0.31501970818877856,-0.7462201058552537,-0.22745265922203764,-0.7182914344936032,0.4017272433638369,-0.23725822435290117,-0.3585320476348862
1.4135312275019853,-0.5689666577407686,-0.6062860238801384,-1.060216978208415,-0.8325251939977978,-0.7462201058552537,-0.7169010271010455,-0.5274245909299511,-0.5323800375258493,0.32824625676031854,-0.24520042399104958
1.0674210605103998,-0.6798404462445503,-0.25658726078925825,-0.24380194060447627,0.6363360556558499,1.8952669945173257,2.0350916828601684,1.3875677461499427,0.5883125156528006,-0.2400823330007611,-0.5902664324379002
-1.2169060416340651,-0.7548089155741801,-0.3479395171383952,-0.6867505248364004,-0.4099733896409517,-0.7462201058552537,-0.6430220281759123,0.11473885563811885,0.5276919841496351,0.1633617595506525,-0.3607949864112419
1.6211973276969367,-0.43783369964063695,0.2176523342937162,0.19046137726995924,-0.29959156110384577,4.536754094889905,-0.4121501565348708,-0.6056110087753026,1.1192014127562797,-0.0029813432243919256,-0.36089612333979415
-1.078461974837431,0.27785013452619894,0.18545116258331087,0.7463184241492367,0.8347702579200202,-0.7462201058552537,-0.3659757822066625,0.3079052997266343,-0.03678751049672376,-0.38653253859692405,-0.204613185180051
0.5136447933238628,-0.17299612788541122,0.4881395189173253,-0.24380194060447627,-0.7933642850460185,0.5745234443310361,-0.624552278444629,-1.1408430309372304,1.0509705114973056,0.8827025765698225,-0.1709065554539251
-1.2861280750323822,2.5271228710270948,1.0809659484832816,0.7463184241492367,0.3391909304648346,0.5745234443310361,-0.8738938998169536,-0.20088131639936596,-0.4406619606411899,0.397731743162058,1.7179030869266703
1.4827532609003025,-0.25075930203715446,0.007217391849604518,-0.24380194060447627,1.663472458202931,0.5745234443310361,-0.6060825287133457,3.2036772606607165,0.31853802913654905,0.15765147393300152,-0.21065886494714753
-1.2169060416340651,-0.8160625393744019,-0.1711202132862981,-0.9820495809910166,-0.5149950790534578,-0.7462201058552537,-0.28286190841588754,0.5464888541811992,1.2920092915217973,1.5212304384348476,-0.4824566652301261
1.275087160705351,-0.2116483207478016,0.044252400228366795,0.05149711555013987,-0.6248830751952071,0.5745234443310361,-0.9847123982046536,-0.9902191965586857,0.32601718562070586,-0.09226662432211627,0.4841507348920937
-0.4554636742525769,-0.4417690305838262,-0.7970513171714801,-1.0167906464209715,-0.6746449195673083,-0.7462201058552537,-0.12586903569997943,0.0285038359557462,-1.086624896983362,-0.46377656524003696,-0.43547526397430225
-0.10935350726099127,-0.45419804833575284,-0.6840803995530698,-0.07009661345470207,-0.4598504615719695,-0.7462201058552537,-0.4860291554600041,-0.6768986250460642,-0.8297093110889943,-0.955202504128624,-0.3372157909708468
-0.04013147386267415,-0.6333451676086785,-0.3247809278465904,-0.7388621229813327,-0.29959156110384577,-0.7462201058552537,-0.18127828489382933,0.5263673495886455,0.29242658807782623,0.3176015395491544,-0.46220729323086845
1.5519752942986196,-1.1771768625276882,-0.7991315228174835,-1.0167906464209715,-0.30862457866891047,4.536754094889905,-0.8369544003543872,1.5105963742301285,0.15163474759536624,-0.4709454564230659,-0.44238995180683915
0.1675346263322772,-0.6146409979360544,-0.7638820231991941,-1.09495804363837,-0.9195117128048842,0.5745234443310361,-0.8184846506231037,-0.8562674659853998,-0.880620060489921,-0.1746623216855009,-0.16990947725613326
-0.5939077410492111,0.40833810442821245,0.5624117326537814,1.3716576018884237,0.8063769528219957,0.5745234443310361,-0.2920967832815293,-0.12959370012860424,0.3190628822231565,-0.3613327998929435,-0.21047472977831605
1.275087160705351,0.06425093282516445,-0.3193548312128841,0.8592268867965899,0.6164469559328625,3.2160105447036154,2.2844333042324934,0.0037831303134658206,-0.5729249384662782,-0.8598655616426284,-0.5502794193115703
-0.8707958746424795,0.3195642520657688,-0.050737317236597045,-0.02667028166725852,0.11645194380919625,1.8952669945173257,-0.28286190841588754,0.1756782695469957,-0.3822720547561063,-0.146048825275316,-0.2341231820284806
-1.4245721418290165,-1.1713502495052655,-0.5872285677711818,-1.207866506285723,-0.994031021264197,0.5745234443310361,-0.6984312773697622,-1.0730048154537637,1.4390993690435472,1.090910762487317,-0.49297435614233553
-1.2169060416340651,-0.12430330149166892,-0.06132842626059587,-0.7562326556963102,-0.8747540367057302,-0.7462201058552537,-0.781545151160537,-1.052308410729994,0.020421475943492817,0.9884669971402237,0.016557337504240602
-0.04013147386267415,-0.9409069235519835,-0.2665031204950861,-0.8865116510586408,-0.719454036540979,-0.7462201058552537,1.0007856979083027,-0.4245174674423195,1.524125569073961,0.8533752944574313,-0.5884322262934507
-1.078461974837431,-0.2736823729466542,0.2575108046102367,-0.24380194060447627,-0.611594868490153,1.8952669945173257,-0.30133165814717094,-0.8188989574563716,0.8307946416654626,0.5349958371124351,-0.3582500734808249
-0.10935350726099127,-0.9641135647551696,-0.5587831528318031,-1.1383843754258134,-0.9881091477898789,0.5745234443310361,-0.12586903569997943,-1.1304948285753456,0.45906744307570535,0.8353134127755141,-0.5335176223757027
0.1675346263322772,0.4221383626966826,0.7056018486317704,-0.40013673503927305,-0.29959156110384577,1.8952669945173257,-0.218217784356396,-0.08647619028741776,0.48150491252817584,1.560767959504886,-0.23937680574099157
-1.2169060416340651,1.2277610789867697,0.7826769398197276,1.154525942951206,1.209148712109829,-0.7462201058552537,-1.086296021726712,0.344124007993231,-0.09399649693694064,-0.1065733725272087,3.287922534624055
-0.524685707650894,-0.3714174858551015,-0.4149814952177936,0.1730908445549818,0.7759507043630868,0.5745234443310361,-0.12586903569997943,0.8632588264811158,-0.34041502109915867,-0.7198704615272881,-0.4222708485688146
-1.6322382420239678,-1.023920052719281,-0.553993481611808,-0.24380194060447627,-1.0506180408671226,-0.7462201058552537,-1.13247039605492,-1.5955890347289434,0.7239870385408375,-0.6884638906302086,0.46586473848407783
0.0983125929339601,-0.019635114535348375,0.32437898709047625,0.39022250349219956,1.0306859149678722,0.5745234443310361,-0.3936804068035875,0.897177934222849,0.5132585242679292,-0.04329471831856781,-0.2636689065962357
-0.3862416408542597,-0.8227747604827003,-0.8223259395379005,-0.7214915902663553,0.09845586826840906,-0.7462201058552537,0.4836327054323701,1.563487186301984,-0.8303653774472535,-0.8686171950348975,-0.556574643456725
1.4135312275019853,0.3627682118109799,1.2667267362645136,0.6073541624294173,0.23545114764527508,0.5745234443310361,1.425589941727819,-0.22215262125435117,1.2647169310182074,0.6900114711350744,-0.4957875017963041
-0.6631297744475282,2.6361800525892227,0.40246167585256687,2.7265591536566625,1.5040530728069135,0.5745234443310361,-0.2643921586846043,-0.22215262125435117,-0.871303918202638,-0.7968972490436423,0.2549557664472926
-1.5630162086256507,0.6233368548678794,-0.44174653861448104,1.8927735833377464,0.8055271495749865,-0.7462201058552537,-1.0308867725328619,-0.3601286527461478,-1.0107836259685794,-1.1244628180344245,1.5960264921346121
1.759641394493571,-0.5667476347799338,0.16663694214424143,-0.24380194060447627,-0.5716870380403968,3.2160105447036154,-0.6060825287133457,-0.7487611414480416,1.3636517378437198,0.3980110506107476,-0.3153234935398361
0.5136447933238628,-0.7046613882160109,-0.6721862143800558,-1.1123285763533473,-0.6200558635305963,-0.7462201058552537,0.779148701132903,0.614327069664666,-0.5285748526479449,0.24808501898644922,-0.5576052507449608
-0.6631297744475282,-0.4083990055414362,0.14064498951622584,-0.5130451976866263,-1.0819331876376739,-0.7462201058552537,-0.9754775233390118,-1.645030446013504,0.8830175237829082,0.8157618913672534,0.2854936222978562
-1.4937941752273336,2.254570576643378,-0.7205258838792133,0.7723742232217028,0.8869868608240401,-0.7462201058552537,-1.1232355211892786,0.33952480694350434,-1.5057200866394456,-1.1835828946736893,6.5267590174410435
1.205865127307034,-1.20123177424796,-1.0070413480930078,-1.2512928380731667,-0.9726151563855652,0.5745234443310361,-0.3844455319379459,-0.8591419666414789,-1.1192970016246786,-0.9801229353839152,-0.5571133075327095
0.3752007265272286,-0.24619118471571352,-0.9711921624605296,0.1817761109124705,-0.760333070701603,0.5745234443310361,-0.5876127789820623,-1.2224788495698766,-1.5088692051590906,-1.3637672332393438,-0.22164816175445365
0.23675665973059432,-0.6958802265312299,-0.9177876670896352,-0.5738420621890472,-0.6395807618620083,-0.7462201058552537,-1.0031821479359369,-0.6136596106123241,-1.2335837612334604,-1.1494453176116468,0.1383564306282229
-1.0092399414391138,0.3776549201203207,0.46812084546909305,0.9721353494439431,-0.29959156110384577,0.5745234443310361,-0.947772898742087,-0.9281299823873772,0.23246212293292032,-0.25888903454585005,0.7663991679063937
0.7213108935188142,-0.9352423506973817,-0.5705151374643728,-1.1296991090683246,-0.9241846018459462,0.5745234443310361,-0.6060825287133457,-0.8211985579812349,0.3126334319122148,0.7434833304786195,-0.43737982624296207
-1.2861280750323822,-0.7746488306399335,-0.8788994035399329,-0.9038821837736182,-0.9206207780594561,-0.7462201058552537,-0.8923636495482369,-1.079328716897138,-1.0616943753695063,-0.8679034093326912,-0.1642166774245287
-0.7323518078458453,-1.1496698119309214,-0.7474447897965955,-0.9646790482760392,-0.7309953111474591,1.8952669945173257,-0.45832453086307906,-0.3175860430361772,0.3306096501285215,-0.39016353542988674,-0.5347521524927041
0.5828668267221799,1.5854435182845388,-0.2665031204950861,2.7265591536566625,1.1013306967586163,-0.7462201058552537,0.7422092016703362,-0.4469385725597365,-1.0998774374202014,-1.115618082159259,-0.3149052043951175
0.0983125929339601,0.26278942826556856,-0.7745403575074251,0.6942068260043044,0.7969385811657428,-0.7462201058552537,0.24352595892568688,0.3130794009075767,-1.3119180844096285,-1.2208238878322815,-0.38910673051921596
-1.2169060416340651,-0.28701700976903693,-0.623466122729816,0.03412658283516245,-0.29959156110384577,-0.7462201058552537,-0.5229686549225707,-0.5044285856813185,-0.8336457092385504,-0.9144546507809311,-0.27223421506161116
1.6211973276969367,-0.4735740502102002,-0.7339050182570338,-0.23511667424698757,-0.29959156110384577,-0.7462201058552537,0.3081700829851784,-0.2761932335886381,-0.9253637861232098,-0.9631782834967557,-0.49922011113765485
0.9289769937137655,-0.640180871134021,-0.6551550273518463,-0.48698939861416013,0.06579091295054984,-0.7462201058552537,0.33587470758210347,0.820716216771145,-0.5683324739584625,-0.6961913967106165,-0.5238975217043941
-0.1785755406593084,-0.6023237488541004,-0.6323341278599063,-1.0428464454934376,-0.8436940366727799,-0.7462201058552537,0.21582133432876183,-0.6096353096938133,-0.5566544927814457,0.17844436177988213,-0.5082955015035545
-0.2477975740576255,-0.9697544660792311,-1.0707509844667962,-0.6954357911938892,-0.9025012444198296,-0.7462201058552537,0.021888962150287062,-1.1667135368419423,-1.6259114434725614,-1.4451388032908674,-0.5477713334149196
0.02909055953564297,-0.35754230841265394,-0.04679630008925575,-0.8691411183436634,-0.5676232089536081,0.5745234443310361,0.4651629557010865,0.039426938448846524,0.39149260817499076,1.4069005894379705,-0.4986451696851244
-0.1785755406593084,1.3262031653382542,2.101586597494951,1.840661985192814,0.40652703520668926,0.5745234443310361,-0.8000149008918204,-0.619983512055698,0.9700119228881002,0.4036282337455018,0.7399012926257148
-0.04013147386267415,-0.40871283634839034,0.21360057782157355,-0.6433241930489569,-0.29959156110384577,-0.7462201058552537,-1.104765771457995,0.3102049002514976,1.038505250690378,1.2828570480588937,1.2172131793273266
0.7905329269171313,0.5401475314217162,-0.01564923646940051,0.8331710877241237,0.40678012430930965,0.5745234443310361,0.0495935867472121,-0.18650881311897047,-0.4846184066445674,-0.5963545008846245,-0.30524223046061827
0.5828668267221799,-0.46491368654209275,-0.8086506751774053,0.12097924641004955,0.0024383895312386486,0.5745234443310361,0.12347258567234526,-0.14109170275292066,-1.0985653047036825,-1.1649623980943933,-0.4778236045194381
-1.3553501084306994,-0.4831507705502456,-0.6866369145772773,-0.13957874431461176,-0.29959156110384577,-0.7462201058552537,-0.8000149008918204,-0.36702745432073763,-0.8109458132427764,-0.9325475666238138,-0.12718627048668965
0.23675665973059432,1.7740282571510375,1.963242043525592,2.7265591536566625,4.427186940101382,-0.7462201058552537,-0.5599081543851373,1.4117135516610078,0.5035487421656905,-0.05331875231042195,0.38420546319369464
0.7905329269171313,-0.410807644782989,-0.39907854648697166,-0.0961524125271682,0.11327907066903001,1.8952669945173257,1.6472269385032186,0.25501448765477897,-0.2585379395883897,-0.5577169704825852,-0.5632436345117465
-1.701460275422285,-0.25679066159692887,1.6809626841893448,1.484566064535777,0.09798055458787842,-0.7462201058552537,-1.104765771457995,-0.7407125396110202,3.467131695694901,0.34308058570182426,1.4616298051764556
-0.6631297744475282,0.5094650792230164,0.7360373143786083,-0.0092997489522811,-0.4876244185408176,0.5745234443310361,-0.624552278444629,-0.7568097432850631,0.42377107300135153,0.852227030501708,0.06199420197076175
0.5828668267221799,0.7798486221437463,0.98717794811475,0.47707516706708664,0.6426056694418981,-0.7462201058552537,0.1973515845974786,0.3400997070747201,0.4362363338082796,0.5508232592048368,-0.3056610692625573
-1.078461974837431,-0.8969059409331239,-0.9863324429473669,-1.1296991090683246,-0.6831943929119197,-0.7462201058552537,-1.0216518976672202,0.381492516522259,-1.3298943026259353,-1.0253086737496735,0.009763024602969657
-0.3862416408542597,-0.7501060901614182,-0.9851738490468279,-1.1557549081407907,-0.6490541133129326,-0.7462201058552537,-0.28286190841588754,0.6775660840984062,-1.4019303887628136,-0.9924745314481813,-0.4680336597670284
1.5519752942986196,-0.9665758920041326,-0.8580835372346899,-0.7475473893388215,-0.606057772757217,0.5745234443310361,0.8992020743862447,-0.30781274080550824,-0.756361092235597,-0.9344716846036745,-0.5881590466549156
0.7905329269171313,-1.20123177424796,-1.0252679987028372,-1.3989423661504747,-0.8838734749399821,-0.7462201058552537,0.26199570865697014,0.687339386329075,-1.2417189840758764,-0.7912800659088881,-0.5958366587093573
1.6211973276969367,-1.0682314496355323,-0.8844286831680425,-0.999420113705994,-0.5687528505579862,-0.7462201058552537,-0.5322035297882124,0.39758972019630207,-0.6836689397404593,-0.7864697709592366,-0.4988298545111763
0.30597869312891146,0.8349400828752299,1.4091819339704978,0.5205014988545302,0.6941514833422252,0.5745234443310361,0.9361415738488111,0.35792161114241045,0.8179357410435789,0.9175229051731059,-0.4164895539247268
0.9289769937137655,-0.2264369264254195,-0.0044416351101548715,0.5205014988545302,-0.2569100387001699,0.5745234443310361,1.0377251973708697,-0.7223157354121139,0.25962327016485803,-0.45133186669287406,-0.5239640302280616
-0.8707958746424795,-1.20123177424796,-0.7601052910972346,-1.2599781044306553,-0.7587569223064233,0.5745234443310361,-1.0770611468610702,0.6183513705831767,0.5387138989683924,0.46758963949538357,-0.16173937233221988
-0.10935350726099127,-0.18713559674615662,-0.21826910933994492,-0.08746714616967949,-0.1354293270774242,-0.7462201058552537,-0.042755161909204475,-0.15086500498358946,-0.1783666306090952,-0.3184125552776662,-0.4057547484104624
1.759641394493571,0.006673473314177545,0.8251620166389768,0.1817761109124705,-0.4918713771408844,0.5745234443310361,0.6406255781482783,-0.8602917669039105,1.2573689878057026,0.703387194511202,-0.4720945273112877
0.02909055953564297,2.06868976105919,3.6052511390375335,0.32942563898977856,-0.15240275803282702,-0.7462201058552537,0.6867999524764865,-0.49810468423794435,1.4308329329294793,3.491620352294985,-0.2530044572061815
0.5828668267221799,0.5227206482526673,0.6080350316563419,1.5714187281106642,3.541607593683274,3.2160105447036154,-0.8461892752200286,1.8555364529596199,0.2593608436215543,-0.4038806345766348,0.47408870981558954
-1.3553501084306994,-1.0716421023244829,-0.9395436451216622,-1.060216978208415,-0.6345374985244289,0.5745234443310361,-0.8184846506231037,0.33665030628742526,-0.9496382413788065,-0.9121270887085192,-0.3986493295224492
0.02909055953564297,2.8359487355085196,0.9425660248515224,2.7265591536566625,2.218554474028627,3.2160105447036154,0.012654087284645435,0.17740296994064328,-0.6096646545288027,-0.5395930204787371,0.08791053991226554
0.9289769937137655,-0.9170814060451927,-0.40973140896974203,-0.6172683939764908,-0.3549913253229349,-0.7462201058552537,-0.28286190841588754,0.12393725773757222,0.8626794666768678,-0.08124949717936618,-0.5045473889176985
-0.1785755406593084,-0.7332024210282242,-0.5945708455686269,-0.6172683939764908,-0.44103956257884386,-0.7462201058552537,-0.28286190841588754,-0.08475148989377018,-0.2580130865017823,-0.4641179410106574,-0.46433721495988917
-1.770682308820602,-0.6045198323935869,-0.8410187375643642,-0.16563454338707786,-0.29959156110384577,0.5745234443310361,-1.1417052709205617,-0.34345654894088895,-1.086624896983362,-1.1423074605895833,1.52176340440183
1.1366430939087169,-0.7783789269729762,-0.3939343791460536,-0.460933599541694,-0.5696088267099377,0.5745234443310361,1.610287439040652,-0.5699672006399219,0.4525067794931118,-0.24675467760834205,-0.5890395975219843
0.4444227599255457,-0.6976763344155082,0.06693064141365108,-1.1470696417833022,-0.8255354079685211,-0.7462201058552537,-0.8277195254887454,-0.27906773424471726,1.5506306499476394,3.6390015827201134,-0.20157797800904395
-0.7323518078458453,3.530897041031436,-0.77569009226198,2.7265591536566625,0.20422447917889214,-0.7462201058552537,-0.28286190841588754,-0.948251486979931,-1.5936329786462007,-1.3582121184265206,0.4681166841160255
1.5519752942986196,-0.910397737195381,-0.27778146474064613,-0.9820495809910166,-0.7993622910146206,0.5745234443310361,-0.11663416083433781,-0.5417970942103466,1.3297987137575369,1.1731823232068401,-0.5244543244686516
-0.7323518078458453,-0.7797555362902607,-0.352704565143817,-1.1644401744982795,-0.9338061030154775,-0.7462201058552537,-0.569143029250779,-0.8074009548320552,0.5850321838615038,1.9148367019601997,-0.4003697566222776
0.652088860120497,-0.6813422462336602,-0.42119149598953476,-1.0689022445659038,-0.4770378865653603,-0.7462201058552537,1.739575687159635,1.0673483730627316,0.13562672845383772,1.0573318003226533,-0.5847599664040087
-1.4937941752273336,-0.690760830988242,-0.5271571742025719,-0.33933987053685205,-0.24925152130218106,-0.7462201058552537,-1.13247039605492,-0.06635468569486407,-0.14123327473161507,-0.5832580849571862,1.1480404671125986
-0.3170196074559426,0.7280677591783112,1.6446507384607558,0.8244858213666351,-0.799354060474698,-0.7462201058552537,-0.9385380238764451,-1.3800014855230112,1.1895317263616842,0.8143653541238061,0.9688807954401221
0.7213108935188142,0.04297632777956427,-0.9072176636781278,-0.24380194060447627,-0.7321743359913729,0.5745234443310361,0.45592808083544506,-1.0321869061374407,-1.454546910695215,-1.2209790586371088,-0.44854061610303064
-0.8015738412441624,0.8296945205148274,-0.15332883336371708,-0.13957874431461176,-0.2731879890321122,-0.7462201058552537,-0.6984312773697622,-0.32333504434833543,-0.7786673484164155,-0.18524497057473427,0.2841062874735856
0.1675346263322772,0.5562532015356726,-0.2575832633046772,-0.2003756088170327,-0.36975279867413635,-0.7462201058552537,0.6313907032826365,-0.4308413688856936,-0.7742060971802518,-0.28058191306072977,-0.4099502819737179
0.5136447933238628,1.453004965458743,-0.8114293202590085,-0.24380194060447627,2.2517626449813783,0.5745234443310361,0.2250562091944036,4.24424649816135,-1.5147738023834247,-1.0765771076646682,-0.2161757744682265
0.0983125929339601,0.23956277607780216,-0.10778474554877948,0.14703504548251567,0.9068800758169889,-0.7462201058552537,0.33587470758210347,1.0811459762119113,-0.3993297800708497,-0.3476777690681264,-0.40733886051963336
-1.5630162086256507,0.11393991579276871,0.8084325617004615,-0.6172683939764908,-0.8673383202354583,-0.7462201058552537,-0.947772898742087,-1.1207215263446768,1.0409983028517638,2.442013994281035,0.5747925084781301
-0.04013147386267415,0.5205233445311943,-0.15737720251533646,1.5540481953956866,0.8651882758390068,-0.7462201058552537,-0.015050537312279602,-0.17386101023222225,-0.6395812804654297,-0.8973548280889444,-0.29048173546419953
0.5828668267221799,-0.5353174550598441,-0.1307949441453503,-1.060216978208415,-0.8478710356835044,0.5745234443310361,-0.6799615276384788,-0.594687906282202,0.5603640887909518,2.0980313541395073,-0.2593370580423228
1.5519752942986196,-0.44437021454286457,0.07639403326649667,-0.5912125949040247,-0.4803177567245204,0.5745234443310361,0.7883835759985446,-0.21870322046705631,0.8267270302442543,0.863678635897975,-0.5312420414832779
1.6904193610952538,2.0699077467182163,-0.782114275916043,2.7265591536566625,-0.1846170912899232,0.5745234443310361,0.0495935867472121,-1.1655637365795106,-1.5349806462178133,-1.3612534662011386,-0.057359466179694556
-0.6631297744475282,0.3449874758658162,-0.33773404152782216,0.1644055781974931,-0.3530674366160248,0.5745234443310361,-0.947772898742087,-0.6631010218968846,-0.7693512061291324,-0.6262403978943946,0.7426638698154072
-1.3553501084306994,-0.7663906389546103,-0.8410072727872082,-0.9820495809910166,-0.649152879792004,-0.7462201058552537,-0.6891964025041205,0.03310303700547257,-0.9523937200834958,-0.6646917233306407,-0.34098479053107783
1.5519752942986196,0.33492317080392436,-0.1999029271808658,0.4423341016371318,0.17202249173167977,-0.7462201058552537,-0.40291528166922913,-0.1801849116755962,-0.5860462656314656,-0.6074647305102712,-0.17068064633634378
-1.4245721418290165,-0.22105445964612022,-0.7287582452849439,-0.5998978612615133,-0.29959156110384577,-0.7462201058552537,-0.8646590249513121,0.2256945809627722,-1.0707480911134855,-0.7552494050279503,0.11131769264267773
0.02909055953564297,-0.4111136664252288,-0.630967865154975,-0.582527328546536,-0.839636380490933,-0.7462201058552537,-0.31056653301281256,-1.0741546157161954,-0.751112561369522,-0.5722409578144362,-0.3863194187546059
0.652088860120497,-0.034647745625706425,-0.7398956248841098,0.5205014988545302,-0.3544748589427912,-0.7462201058552537,1.0746646968334361,-0.833271460736767,-1.1712574571988204,-1.163503792529015,-0.508648931096267
0.4444227599255457,-0.852703628286475,-0.9624488367820099,-0.24380194060447627,-0.8905319817373737,-0.7462201058552537,-0.6891964025041205,-1.3121632700395445,-1.2737350223589334,-1.3042747466684932,-0.3739350919219437
1.275087160705351,0.07925917126037071,0.6322456445337591,-0.3653956696093182,-0.5653495222999869,0.5745234443310361,-0.4306199062661541,-0.6464289180916258,0.8368304521614487,1.3540494133137355,-0.2204543062717613
0.3752007265272286,-0.8094474447522373,-0.8174145853421823,-0.48698939861416013,-0.17282890048576477,-0.7462201058552537,-0.2551572838189627,0.3079052997266343,-0.8306278039905574,-0.9934986587600427,-0.48570074214488235
0.5136447933238628,-0.9017564083662646,-1.0365529873078854,-1.2252370390007006,-0.7750533913531914,0.5745234443310361,-0.28286190841588754,0.31365430103879244,-1.5122807502220392,-1.1718830159896985,-0.5011961288449658
-0.3862416408542597,-0.27279896118835434,0.5905702676011454,-0.0006144825947923895,0.9528908516193607,-0.7462201058552537,-0.8369544003543872,1.4019402494303386,1.4614056252243655,0.6532359903909648,0.03132662701618564
1.1366430939087169,-0.7065231418911685,0.0184209544805339,-0.7128063239088666,-0.29959156110384577,0.5745234443310361,1.0931344465647193,0.4631283351549056,1.4460536724410966,1.0508766948418309,-0.5697966478932652
-0.5939077410492111,-0.25679066159692887,0.9644150239163826,0.3989077698496883,0.6952255688021256,-0.7462201058552537,0.37281420704466994,0.48210003948502744,2.1232453674364145,0.607522671288793,-0.4770931100735366
-0.2477975740576255,-0.6775189279968409,-0.9503204053666515,-0.8344000529137086,0.17914602403469887,-0.7462201058552537,-0.45832453086307906,2.2815374501905423,-1.334093127318795,-1.1142836132377427,-0.40815070423415306
0.1675346263322772,-0.37107290646208496,0.46158983093698663,-0.6346389266914682,-0.8524492735154564,-0.7462201058552537,-0.28286190841588754,-1.0741546157161954,1.4602247057794986,1.7808622290721652,-0.38514864887517
0.7905329269171313,0.027490266078404553,-0.5575708829291252,0.9200237512990108,2.6144331561312746,0.5745234443310361,1.9796824336663184,1.8750830574209574,-0.9128985253162819,-1.0698426947351563,-0.5435125892713188
0.9289769937137655,0.48934623055512544,-0.2665031204950861,0.13834977912502697,0.47280140029852724,-0.7462201058552537,-0.10739928596869618,0.49417294224055963,-0.7530807604443002,-0.5290724399114349,-0.2670366563855802
0.8597549603154484,-0.7026766401966038,-0.1410517506900077,-0.8951969174161295,-0.4396918116665165,-0.7462201058552537,-0.07969466137177114,0.5321163509008037,0.978540785545472,1.241922989745408,-0.4909384257980019
-0.10935350726099127,2.2754444739245785,3.314644312757786,2.7265591536566625,2.4378572102665754,-0.7462201058552537,-0.6153174035789872,0.2998566978896127,1.0738016207647318,0.5905159510797026,0.6450903690230017
0.8597549603154484,-0.04398384607799401,0.047047330504793844,0.6334099615018834,-0.10715536480827736,-0.7462201058552537,-0.22745265922203764,-0.6084855094313817,0.1019049176393062,-0.4572904255982488,-0.3319583196577931
0.3752007265272286,-0.25679066159692887,-0.5931757906392474,-1.1644401744982795,-0.9754876148185562,-0.7462201058552537,-0.40291528166922913,-1.031037105875009,-0.7979556993492409,0.8132481243290485,-0.3187637980822724
1.3443091941036682,-0.20834431196448036,-0.509377128775588,0.46838990070959796,0.5192483947167973,-0.7462201058552537,0.45592808083544506,0.20499817623900277,-0.6803886079491623,-0.9259683244991292,-0.47947312583783597
-0.04013147386267415,0.44764992767255996,0.035514806938425035,0.3381109053472673,0.6487003842545911,-0.7462201058552537,-0.28286190841588754,0.4912984415844805,-0.36403340999649586,-0.3099402293340864,-0.2061137493917224
0.7905329269171313,-1.20123177424796,-1.0635225727515587,-1.060216978208415,-0.610185388528406,-0.7462201058552537,-0.28286190841588754,0.4430068305623519,-1.4986345699702444,-1.3735740281044395,-0.5666839390541828
0.9289769937137655,2.4789371522669845,3.3511572829312786,2.7265591536566625,5.491706454976959,-0.7462201058552537,1.1116041962960026,2.0061602873381643,0.9540039037465717,0.6078950812203788,-0.2879302266471378
-0.04013147386267415,0.6040770143185566,-0.5629474725705673,-0.24380194060447627,0.22565474750238837,-0.7462201058552537,0.0495935867472121,0.6614688804243631,-1.1413408312621933,-0.7019637506501983,-0.2948828408278819
-0.4554636742525769,1.2411079176290187,1.2936745646879027,1.2500638728835818,-0.01563176086885216,1.8952669945173257,-0.024285412177921226,-0.760259144072358,0.3453055365535312,0.2154060474897848,-0.1638676450895795
1.4827532609003025,-0.45965909483498935,-0.36179430948662694,-0.3306546041793634,-0.9020197578343568,-0.7462201058552537,2.0627963074570936,-1.3098636695146813,-0.11000451607846916,-0.32337802103214514,-0.5768492996881206
1.5519752942986196,-0.2272061291497736,0.35695940841793644,0.4423341016371318,1.125263049218586,0.5745234443310361,2.450661051814043,0.9431699447201145,0.9236936379949885,-0.047763637497598634,-0.5710833954462039
0.9289769937137655,1.3444631887677552,-0.35323884981559367,1.875403050622769,1.1436397872307937,-0.7462201058552537,0.3081700829851784,-0.11809569750428786,-1.1191657883530266,-1.0700909680228803,-0.25401857477780554
-1.2861280750323822,-0.23221741656874853,-0.32659001756916833,-0.13089347795712303,-0.08040816769477493,-0.7462201058552537,-0.569143029250779,-0.016338374279087874,-0.32466942850093383,-0.43438721480571474,-0.22908502394636343
1.1366430939087169,-1.20123177424796,-0.9868220410445473,-1.0341611791359488,-0.5951523073597584,0.5745234443310361,-1.0401216473985035,0.4108124232142661,-0.9836224787366415,-1.1071457562156795,-0.25411861239191696
-0.04013147386267415,-0.7744982601827868,-0.3566501421457089,-0.877826384701152,-0.8179982910343908,-0.7462201058552537,-0.28286190841588754,-0.7631336447284371,0.5573461835429584,0.5728885476513024,-0.47336753343371657
-1.4937941752273336,-0.43555732812643205,-0.7835179294282894,0.13834977912502697,-0.21059679055564234,1.8952669945173257,-1.0031821479359369,-0.45096287347824726,-1.060907095739595,-1.138769566239517,0.37289241828357717
-1.701460275422285,0.3648015230734535,-0.43720192700619326,1.336916536458469,1.0137783283318502,1.8952669945173257,-1.1417052709205617,0.05897354291018446,-0.9059442219187327,-1.048118782059311,3.7050216714605555
1.275087160705351,0.03299743545673459,-0.3645881975105851,0.8244858213666351,-0.3176802302187623,-0.7462201058552537,1.4902340657873108,-0.9011096762202336,-0.6193744366310413,-0.8889135363063301,-0.5245477661961184
-1.2861280750323822,2.2587692228592764,0.42779244957073925,2.7265591536566625,2.383996557013015,-0.7462201058552537,-0.947772898742087,0.2699618910663902,-0.7683014999559175,-0.7848249604280655,2.1331542761882116
0.1675346263322772,-0.9011997613439768,-0.6926995669062534,-0.7388621229813327,-0.7452588368333426,1.8952669945173257,-0.753840526563612,-0.706218531738071,-0.2437108398917279,-0.5501446352070049,-0.35821874301926254
-1.5630162086256507,-0.06260431126633735,0.49482361428077476,-0.5651567958315585,-0.7912490362859076,1.8952669945173257,-1.0031821479359369,-0.9723972924909954,0.8562500163659258,1.6285155328925585,0.7089017247100218
-1.701460275422285,-0.06138998615327085,0.25926700002002717,0.5031309661395528,-0.9004991655836547,0.5745234443310361,-1.104765771457995,-1.4512891017937728,0.46969571807950705,-0.18518290225280315,1.7759952592355068
0.5136447933238628,0.6999545221706008,0.4474386480429631,1.3282312701009802,1.08753219657836,0.5745234443310361,0.4836327054323701,0.12451215786878798,-0.07182145402777386,-0.42510800067703225,-0.37218058607445104
0.7213108935188142,2.254905882653296,1.7039284567744368,1.1632112093086948,0.44241424690425035,-0.7462201058552537,-0.13510391056562104,-0.33195854631657257,0.05322479385646132,0.5748126656311632,0.07670962507510826
-0.1785755406593084,-0.21826634380673432,0.2804092216295377,-0.24380194060447627,-0.34126278473202115,1.8952669945173257,-0.8092497757574622,-0.34115694841602573,0.7665001385560444,0.5695368582670292,0.01380685277339686
-1.3553501084306994,-0.4141575324090064,-0.16766853367302004,-0.6606947257639343,-0.9467054167091883,-0.7462201058552537,-1.1417052709205617,-1.2972158666279332,0.23902278651551384,0.5080271512334215,1.9505273667694996
-1.5630162086256507,0.4118439313121178,-0.5438491080522135,0.9721353494439431,-0.5483678608046615,-0.7462201058552537,-1.0308867725328619,-1.1615394356609998,-1.0585452568498612,-1.0677944401114337,1.379500572962637
-0.8707958746424795,-0.5581158233703131,-0.2665031204950861,-0.6259536603339795,-0.7524687898055491,0.5745234443310361,-0.28286190841588754,-0.8344212609991987,0.2820607396173282,0.23058175220191096,-0.426050291616233
0.652088860120497,1.2195370523970712,-0.42928601950627726,2.5875948919368432,0.7416396410607055,-0.7462201058552537,1.693401312831427,-0.6142345107435399,-1.1580049167619813,-1.1825898015227936,-0.4487209036713194
1.1366430939087169,-0.46011422271599195,0.16843157061381586,-0.06141134709721336,-0.11534063676131334,-0.7462201058552537,2.6630631737238017,-0.14511600367143127,1.0676345969970937,0.17617886802940114,-0.5876374219527631
-1.4245721418290165,0.5615800280163828,-0.26108562244424666,0.9113384849415221,1.252461928452565,-0.7462201058552537,-0.6799615276384788,0.5798330617917168,-0.7806355474911936,-0.8256348820976892,0.1524304037563715
0.4444227599255457,4.693079141118823,2.069553619276685,1.840661985192814,0.3583331086898454,0.5745234443310361,0.7883835759985446,-0.6539026197974315,-0.5056125301088672,0.38444912226882694,-0.0028686479788691942
-1.3553501084306994,-0.08804095706823747,0.5789486314487015,-0.3740809359668069,-0.639529320987492,0.5745234443310361,-0.8831287746825954,-0.7838300494522066,1.0408670895801115,1.2853087467751676,0.23005574470629456
0.02909055953564297,-0.25679066159692887,-0.2935585614858703,0.4162783025646657,-0.8844208058448357,-0.7462201058552537,-0.947772898742087,-1.4225440952329818,-0.23596925686426765,-0.6911948967951722,0.3054318883103716
-1.4245721418290165,0.17841506407401753,-0.5521413989748954,0.1644055781974931,-0.29959156110384577,1.8952669945173257,-0.8092497757574622,-0.5900887052324756,-0.9775866682406554,-0.875382642125375,0.2080392247434751
-1.3553501084306994,0.6588963744670281,-0.383679526824775,1.093729078448785,0.9469936697648101,0.5745234443310361,-0.9662426484733703,0.15440696469201048,-0.9584295305794819,-0.9655058455691676,1.0822893710948134
0.23675665973059432,-0.4385382327197011,-0.13779015187071228,0.00807078376269632,-0.3136328622118187,-0.7462201058552537,0.9915508230426613,-0.5067281862061817,0.34701130908500566,-0.2861680620345185,-0.5412397566649961
1.6904193610952538,0.1735309196180465,-0.462030465316002,1.0589880130188303,0.28873566310425347,-0.7462201058552537,2.182849680710435,-0.4187684661301613,-0.8482103823919084,-1.0189777049127127,-0.5407599059115935
-0.6631297744475282,-1.0797026245279764,-1.0522701545361581,-0.9646790482760392,-0.6034692679515561,0.5745234443310361,-0.33827115760973764,0.1572814653480896,-1.5046703804662305,-1.3583362550703824,-0.5335132251179396
-0.8015738412441624,-0.6756115395153846,-0.9155538594860545,-0.5651567958315585,-0.649963587974381,-0.7462201058552537,-0.4213850314005125,-0.6464289180916258,-1.239225931914491,-1.1480487803681996,-0.4185073455807875
0.30597869312891146,-0.35117247036979604,-0.9367157536109122,-0.33933987053685205,-0.1369416887882037,-0.7462201058552537,-0.6984312773697622,0.14693326298620502,-1.4183320477192978,-1.2469236172042615,-0.17446833424206812
-0.8015738412441624,0.007862418641922695,-0.8625269200719534,-0.5217304640441149,-0.16160244403132457,-0.7462201058552537,-0.5876127789820623,0.3958650198026545,-1.3783119998654765,-1.0623013936205414,-0.1399025902804689
1.0674210605103998,-0.29816117588907165,0.37774257405197353,0.10360871369507213,-0.5328368319706961,0.5745234443310361,1.2870668187431942,-0.88098817162768,1.1134280288035974,0.2658675932196768,-0.5420230182040554
1.275087160705351,0.015698671396278948,-0.8693987511613308,0.8939679522265447,0.7394976430458462,0.5745234443310361,0.6683302027452033,0.09921655209529184,-1.3907772606724045,-1.322274560028479,-0.47365115655943907
-1.701460275422285,-0.2628434963596674,-0.19452972485994677,0.20783190998493664,-0.9583845528593722,0.5745234443310361,-1.13247039605492,-1.492107011110096,-0.04242968117775427,-0.4849418630185034,2.024242995910771
-0.9400179080407967,-0.09192528440438667,-0.27858126322882887,0.5031309661395528,0.5053902231221024,1.8952669945173257,-0.28286190841588754,0.1584312656105211,-0.38030385568132813,-0.7102809057889504,-0.3241059166072666
-1.5630162086256507,-0.25679066159692887,-0.5001664831464069,-1.3034044362180988,-0.835105468263536,-0.7462201058552537,-0.9662426484733703,0.344124007993231,-0.6235732613239012,2.4626827454840536,0.37109833711621626
-0.2477975740576255,-0.8677828813133013,-0.7815046885034013,-0.999420113705994,-0.12113287923185019,-0.7462201058552537,0.012654087284645435,2.1585088221103566,-0.6277720860167612,-0.44115266189619223,-0.5300251003973291
1.275087160705351,3.194553876424557,4.878771222826306,1.3456018028159575,2.2002888483053744,0.5745234443310361,0.0495935867472121,1.0259555636151927,1.3360969507968266,2.6640323818281746,0.12487828592697979
1.759641394493571,0.11834672505558103,-0.12524364693383927,0.9808206158014319,-0.017724375644175817,-0.7462201058552537,-0.5506732795194956,-0.667700222946611,-0.3276873337489269,-0.7357909861025861,-0.1336705767156593
0.0983125929339601,-0.48551963185903513,0.2393615412462095,-0.0006144825947923895,-0.047601235563250785,1.8952669945173257,-0.09816441110305439,-0.10084869356781326,1.2950271967697904,0.2034268613571042,-0.4486395544027013
-0.4554636742525769,0.22428829393311958,0.7240613123868,0.737633157791748,3.040402692190984,0.5745234443310361,-0.28286190841588754,2.589683920522221,0.753378811390857,0.09105216450105286,-0.2549573893102358
-0.04013147386267415,-0.783675736976816,-0.7858257369571491,-1.1383843754258134,-0.8239901240980511,-0.7462201058552537,-0.6891964025041205,-0.2968896383124076,-0.7617408363733239,-0.14800397741614224,-0.34758342546188914
-0.6631297744475282,-0.7285569441688324,-1.0014497938798923,-0.8170295201987311,-0.5217297183451336,-0.7462201058552537,0.0495935867472121,0.067022144747206,-1.458614522116423,-1.2553649089868755,-0.5108233750601394
-0.04013147386267415,-0.3386187500188387,-0.42766062678131106,-0.7736031884112876,-0.3072048105322602,0.5745234443310361,0.1973515845974786,0.5953553653345438,-0.4033973914920579,0.1404275145971529,-0.46818921276039943
0.7905329269171313,0.22181449697348216,-0.8227604285357972,-0.04404081438223594,0.30882641105534503,-0.7462201058552537,-0.8831287746825954,0.49302314197812813,-1.3682085779482824,-1.1469625847344072,0.4137149103849038
1.5519752942986196,0.5187933705105898,1.7959203955762497,1.7190682561879722,3.3342905812076262,0.5745234443310361,3.078632542677676,1.5485397828903722,1.6628179972099912,0.28386740657966314,-0.5461185141531995
-0.10935350726099127,-0.9593985375225415,-0.7603551711266097,-0.9212527164885956,-1.003767749992645,-0.7462201058552537,-0.7353707768323288,-1.355280779880731,-0.37295591246882315,-0.4987830988091134,-0.39317914086510364
0.3752007265272286,-0.08934264721154456,-0.37229878127416355,0.10360871369507213,0.10879754168116881,3.2160105447036154,1.2870668187431942,0.02447953503723527,-0.5385470612934874,-0.6364816710130073,-0.5247951119452949
0.9981990271120826,-0.36858715171897904,-0.7204090213211582,0.03412658283516245,0.8974355312557939,-0.7462201058552537,-0.9939472730702953,1.2559156161015206,-0.9699762984848468,-1.035984425121803,0.3916917945354396
1.4135312275019853,-0.061942972629599025,-0.4204197080364488,0.5118162324970414,0.30775232559544435,-0.7462201058552537,-0.32903628274409585,-0.07440328753188562,-0.6391876406504742,-0.8514553040209797,-0.300754279256114
-1.4937941752273336,-0.6772346255939627,-0.4910713972596946,-0.2785430060344311,-0.3467011139858858,0.5745234443310361,-0.8000149008918204,-0.31643624277374555,-0.06604807007509149,-0.5696961566152657,-0.22019596737817682
-0.04013147386267415,-0.9491455923255211,-0.6356759801192932,-1.1818107072132569,-0.6964291011074769,-0.7462201058552537,-0.34750603247537926,0.5539625558870049,0.09993671856452803,0.7038527069256845,-0.5017023631449471
-0.2477975740576255,-0.8183491604172943,-0.5448184028481216,-0.7649179220537988,-0.02274706263194866,-0.7462201058552537,-0.9015985244138787,1.3829685451002167,0.07487498367902036,-0.16119349582647705,-0.17815488521924033
-0.5939077410492111,3.5140509644880096,-0.2665031204950861,2.7265591536566625,-0.29959156110384577,-0.7462201058552537,-0.6891964025041205,-1.2299525512756826,-1.3468208146690268,-1.115618082159259,1.293097755860267
0.23675665973059432,0.6009038090441992,-0.5072066380094822,1.6756419244005285,1.7505124755195145,-0.7462201058552537,0.6498604530139197,0.42346022610101397,-1.0773087546960791,-1.1399798985171712,-0.40734160880573533
-0.8015738412441624,-0.13729604332140588,-0.5915044085240989,-0.7562326556963102,-0.6663012097207623,-0.7462201058552537,-1.0955308965923534,-0.4641855764962111,-0.8747154632655868,-0.28719218934637986,1.5005021134598295
-0.9400179080407967,3.081638235384395,-0.4523614891637018,2.7265591536566625,-0.2905894080634909,-0.7462201058552537,-0.0519900367748461,-1.22477845009474,-1.4074413461721922,-1.2041585433938113,0.17131882447793745
1.4827532609003025,0.7878808361251508,-0.4497591150308706,0.29468457355982375,0.13213935290169143,0.5745234443310361,2.727707297783293,-0.11579609697942451,-1.0707480911134855,-0.808007478669289,-0.5230790821032297
0.0983125929339601,0.1964181171771401,1.2238865119165485,-0.14826401067210046,0.4746141767164822,0.5745234443310361,1.342476067937044,0.9207488396026978,1.4894852653578663,1.7638244747021092,-0.504347863346696
1.4135312275019853,-0.25679066159692887,0.04599830339502876,-0.24380194060447627,-0.7041822697145758,0.5745234443310361,1.2224226946837027,-0.98274549485288,0.4008087504622736,0.21611983319199116,-0.535764621092667
-0.04013147386267415,0.024633820047769057,-0.6962153450463576,-0.22643140788949884,-0.6353667254216319,-0.7462201058552537,-0.7169010271010455,-0.8712148693970112,-1.1254640253923167,-0.9105133123383135,-0.006450214426946359
-1.4937941752273336,-0.25679066159692887,0.09891280982406699,0.40759303620717696,1.178391184419035,-0.7462201058552537,-0.9015985244138787,1.0518260695199044,0.50000598383109,-0.2864163353222426,0.17318710937005136
-1.078461974837431,-0.4506683058849102,-0.461777979655455,-0.3653956696093182,-0.8039240677667273,-0.7462201058552537,-0.23668753408767926,-1.1092235237203603,-0.34330171307549984,-0.4557387175499742,-0.4138583448107082
-1.3553501084306994,0.17099123283113266,0.4872529529111217,0.285999307202335,-0.29959156110384577,0.5745234443310361,-0.8092497757574622,-0.6590767209783738,0.49528230605162243,0.21438192017792343,0.2044043415450199
-0.10935350726099127,-0.25679066159692887,-0.6763485798954412,-1.060216978208415,-0.49723974680540695,-0.7462201058552537,0.4928675802980116,0.9362711431455248,-0.9539682793433183,0.06746620216727804,-0.4888860057370566
1.6211973276969367,-0.7469436224885428,-0.9119197856907509,-0.3306546041793634,-0.7631520306250972,-0.7462201058552537,-0.8277195254887454,-1.0477092096802678,-1.1838539312774004,-1.2088136675386354,-0.2267979002523105
-1.147684008235748,-1.0438512373976325,-0.8863309242050119,-1.0775875109233923,-0.7462753085137849,-0.7462201058552537,-0.9200682741451619,-0.10199849383024477,-0.7423212721688466,-0.6883087198253812,-0.29997706394647905
-0.8015738412441624,0.2144023794776689,0.9432269431982483,0.7289478914342592,-0.42332538303040607,-0.7462201058552537,-0.6984312773697622,-0.9792960940655852,1.069602796071872,0.29035354622145104,0.04516534685400626
0.0983125929339601,0.29582024271568313,0.21953907182521368,-0.1743198097445666,-0.36128151545878984,-0.7462201058552537,-1.0955308965923534,-0.43888997072271496,-0.008314230548267186,0.3818112185867601,2.150857086285391
-1.4245721418290165,0.6463189825855307,-0.033076479435723075,-0.13957874431461176,0.6076094136909596,0.5745234443310361,-0.8831287746825954,1.1242634860530978,-0.5646585023522102,-0.01676051069307083,0.665329847192292
-1.3553501084306994,-0.6890347615499945,-0.09470382565857108,-0.8083442538412424,-0.8669247356043471,0.5745234443310361,-0.7723102762948955,-0.9884944961650382,1.0657976111939678,1.064407589022786,-0.2511037425380644
-1.2169060416340651,-0.229212596408542,-0.3458878431537231,-0.0006144825947923895,0.09360808025399175,-0.7462201058552537,-1.0493565222641452,0.111289454850824,-0.3633773436382366,-0.5460791601205253,0.8601794842208711
-0.3170196074559426,-0.7025451045784481,-0.9326238704187239,-0.24380194060447627,0.03878239619450464,-0.7462201058552537,0.2712305835226119,0.33090130497526704,-1.2717668232841555,-1.259306247429493,-0.5272399872616006
0.3752007265272286,-0.6618859563844944,-0.9532853530770381,-0.6520094594064456,-0.4912705477265339,-0.7462201058552537,-0.6614917779071956,-0.15431440577088432,-1.3493138668304123,-1.1961206957037487,-0.3178139904054343
0.8597549603154484,-0.8891460715711288,-0.9210031462371899,-1.1818107072132569,-0.953014125559869,-0.7462201058552537,-0.3844455319379459,-0.8798383713652485,-1.0979092383454232,-0.6555056116848548,-0.48070765595483733
-0.3862416408542597,1.6013312638956878,0.1156491696851877,-0.24380194060447627,0.1590820253383558,-0.7462201058552537,-0.9108333992795203,0.5436143535251201,-0.8067469885499164,0.3211394338992206,1.3923718960925668
-0.10935350726099127,-0.04047289442974513,-0.5387891025981445,-0.4522483331842053,-0.9658722865539668,0.5745234443310361,-0.3752106570723041,-1.4047221911652914,-0.8453236904155672,-0.5137105302335156,-0.2769535719559007
-1.701460275422285,-0.556565948210931,-0.5317182012872419,-0.43487780046922786,-0.8326918624312307,-0.7462201058552537,-0.28286190841588754,-1.1350940296250722,-0.36600160907127405,-0.5160380923059278,-0.42571115311125085
-0.10935350726099127,0.44105093945261853,-0.22200819007147202,-0.24380194060447627,-0.6162862762460408,1.8952669945173257,-0.6060825287133457,-0.8275224594246089,-0.67461522399648,-0.18794494257873223,0.01848883297669972
-1.2861280750323822,0.09227290022027725,0.5733977250818659,-0.24380194060447627,-0.29959156110384577,-0.7462201058552537,-0.5322035297882124,-0.2675697316204009,0.7293667826785643,1.0112460712888958,-0.15489943788165636
0.9289769937137655,-0.8521835867237851,-0.9137833331048193,-0.7736031884112876,-0.8081669110968328,0.5745234443310361,-0.5044989051912874,-0.8476439640171625,-1.1068317408177508,-1.0533635552624794,-0.44284891558586686
1.205865127307034,-0.9071566898025684,-0.2665031204950861,-1.0428464454934376,-0.7650347666323941,-0.7462201058552537,1.425589941727819,-0.2767681337198539,1.3566974344461706,1.498792740056796,-0.5951045152917945
-1.4245721418290165,-0.3456799431753052,-0.5839648844469488,-0.07009661345470207,-0.14173597829312418,1.8952669945173257,-0.7076661522354039,-0.1778853111507332,-0.7101740206141377,-0.8212280312405893,-0.16401275459576306
-0.8015738412441624,0.6726832107336456,-0.010841456112761319,0.29468457355982375,0.017566121908996087,-0.7462201058552537,-0.218217784356396,-0.2612458301770269,-0.5541614406200603,-0.3327813718046896,-0.18807564839010354
-1.701460275422285,-0.5745331279636474,-0.09928113793806488,-0.6780652584789117,-0.33256721930378347,1.8952669945173257,-1.1232355211892786,0.2987068976271812,0.729629209221868,0.6963114058110695,1.2166316419881513
-1.0092399414391138,1.0974971344974962,-0.5863866883395745,0.23388770905740278,0.11303421210633244,-0.7462201058552537,-0.6984312773697622,-0.08935069094349686,-1.2757032214337116,-0.9376371690221547,0.3881041818579381
-0.3862416408542597,-0.5190116751000852,-0.0949668641253639,-0.04404081438223594,1.0728324522765784,-0.7462201058552537,0.3820490819103117,1.6721433111017732,0.6083881462155373,-0.18915527485638642,-0.511811658742405
1.205865127307034,-1.20123177424796,-0.2665031204950861,-1.242607571715678,-1.0174222157242552,0.5745234443310361,2.2936681790981353,-1.1690131373668056,3.8528987143514093,3.1098691382584516,-0.6251476796440049
-0.8707958746424795,-0.3848026382117295,-0.5838568810348779,-0.02667028166725852,-0.23010317017222853,1.8952669945173257,-0.07969466137177114,-0.35380475130277383,-0.675533716898043,-0.8400036986247127,-0.4336608454897868
1.1366430939087169,-1.1763317644837676,-0.6065420271427674,-1.3642013007205198,-0.9624936499157354,-0.7462201058552537,1.3055365684744775,-0.3957724608815286,1.3582719937059935,2.5485853030365395,-0.6147102386859727
0.23675665973059432,1.2320822314741227,1.7094882222872563,2.5181127610769334,-0.8188069415817872,0.5745234443310361,1.2870668187431942,-1.5122285157026496,0.7171639484149402,-0.10669750917107067,-0.4157722512521147
0.3752007265272286,-0.8426176039852216,-0.7059098563841415,-0.5564715294740699,-0.7983087819045265,-0.7462201058552537,0.26199570865697014,-0.9942434974771964,-0.410351694889607,-0.7417185108469952,-0.5459772522475586
1.6904193610952538,-0.8761274618832761,-0.46596991908464025,-0.8691411183436634,-0.4574718355343352,0.5745234443310361,0.7976184508641864,0.39758972019630207,0.5078787801302024,0.24585055939693368,-0.5759703977927131
0.23675665973059432,-0.5964175799661515,-0.015803880679446724,-0.3480251368943408,0.41538926906835993,1.8952669945173257,0.5390419546262198,1.2162475070476289,0.996910643576734,0.2574263014370627,-0.5328382460512976
-0.04013147386267415,-0.05974420468974183,-0.9221864936338611,0.5118162324970414,0.4354635559396061,-0.7462201058552537,0.14194233540362866,0.0710464456657166,-1.4588769486597268,-1.339312314398535,-0.41884373579966766
0.9289769937137655,-0.3763531219909071,-0.2853945978983994,-0.7822884547687763,-0.1811479187125431,-0.7462201058552537,-0.31056653301281256,0.9857125544300852,-0.06709777624830665,0.5106650549154883,-0.3784901013073359
-0.5939077410492111,-0.7049862006608443,-0.9813622014871661,-0.9646790482760392,-0.3078118128515527,-0.7462201058552537,-0.07045978650612951,1.2587901167575994,-1.4092783319753186,-1.1331213489437972,-0.49258739745917923
1.4135312275019853,-0.7071481191047061,-0.5212698808514575,-0.48698939861416013,-0.6407968241355739,-0.7462201058552537,-0.6984312773697622,-0.6975950297698337,-0.09373407039363692,-0.4508663542783918,-0.3127071251707681
0.9289769937137655,0.5879530414748013,0.3787616364032629,-0.04404081438223594,0.8775114517381353,0.5745234443310361,-0.6707266527728373,1.3708956423446839,-0.06289895155544659,0.43432101894037484,0.1490670512247901
0.02909055953564297,-0.7751412960897262,-0.23166009933959705,-0.7562326556963102,-0.9049950980163805,-0.7462201058552537,-0.06122491164048789,-1.1373936301499357,0.9470496003490223,0.5786298674299188,-0.5062436310998296
1.4135312275019853,1.000216661397257,0.3740744967698778,2.118590508632453,-0.7300899517559719,-0.7462201058552537,0.06806333647849534,-1.4369165985133774,-0.33831560875272865,-0.696036225905789,-0.23659389123414468
0.5136447933238628,-0.034235080077837675,-0.129392854011807,0.5812983633569512,0.005701798610553524,-0.7462201058552537,0.3635793321790285,-0.4584365751840529,-0.19266887721914927,-0.5983717213473816,-0.44713679156214836
0.4444227599255457,-0.41640950028347923,-0.08189649704140124,-0.9212527164885956,-0.8285930535497708,-0.7462201058552537,-0.3936804068035875,-0.7430121401358833,0.42600169861943343,1.5213856092396754,-0.36187561250653344
1.4827532609003025,1.713393021581625,1.4695366899290403,2.7265591536566625,3.9306672734600383,1.8952669945173257,1.9704475588006773,1.1340367882837665,0.17538434976435532,-0.28852665826789603,-0.4337839687071547
0.3752007265272286,-0.6989309255341326,-0.20522610138328617,-0.582527328546536,-0.5862571513383975,0.5745234443310361,-0.49526403032564575,-0.47913297990782233,0.7851324231306104,0.2799881364589764,-0.4022501339732401
-0.3862416408542597,-0.8393297016041236,-0.39134802964492893,-0.6693799921214231,-0.29959156110384577,3.2160105447036154,0.16964696000055354,0.3648204127170005,0.6456527153646693,0.03773547596233526,-0.538861389872358
0.23675665973059432,-0.7947537692331769,-0.3942434070030286,-0.6172683939764908,-0.40944457745092405,-0.7462201058552537,-0.23668753408767926,-0.008289772442066332,0.49816899802796366,-0.049160174741045885,-0.48561829356182346
-0.3170196074559426,0.05117204614717341,-0.2665031204950861,-0.6606947257639343,0.11303626974131313,-0.7462201058552537,0.5205722048949366,1.394466547724533,-0.483043847384745,0.29401557721537924,-0.45487046865307
-1.078461974837431,0.016266788129240876,0.6939528533520227,0.5118162324970414,2.133656454726903,0.5745234443310361,-0.8554241500856704,2.0078849877318117,1.0354873454423852,0.23204035776728907,0.22320261848244152
0.02909055953564297,-0.8203871083713173,-0.6311931219697768,-0.790973721126265,-0.7580449806031175,0.5745234443310361,-0.28286190841588754,-0.6826476263582225,-0.20434685839616618,-0.33510893387710156,-0.4834026253064215
-1.4245721418290165,-0.45758112491180586,-0.20881236184658752,-0.999420113705994,-0.6433915018461768,-0.7462201058552537,-0.7723102762948955,0.10381575314501854,0.2256390328070228,1.4802343117994312,-0.14684036371626227
0.652088860120497,2.822525513473909,4.52084622156295,1.9448851814826786,3.9436921028875687,0.5745234443310361,1.1393088208929276,1.7595281310465785,1.3972423353865993,1.7530866550080488,-0.26200619350454857
-1.2861280750323822,0.25806585975903445,1.3943229313686558,0.21651717634242534,1.8411204318925496,-0.7462201058552537,-1.0493565222641452,2.213699234707075,1.6095454089193308,1.3039292433544636,1.4089418626585175
0.30597869312891146,-0.15003279097035357,0.09337701611802796,-0.24380194060447627,1.1682408710594754,-0.7462201058552537,1.1116041962960026,2.3281043608190237,0.3208998680262828,0.2875604717345568,-0.5210552442177447
0.5136447933238628,-0.7609532639859138,-0.5978293176305163,-0.5391009967590924,-1.0591243038771403,-0.7462201058552537,0.11423771080670364,-1.5932894342040802,-0.2165496926597902,-0.5465136383740422,-0.5223370448556999
1.205865127307034,0.925819237237357,1.3634075083599733,2.353092700284648,-0.007582292824539225,0.5745234443310361,-0.28286190841588754,-1.0091909008888078,0.6791120996358968,-0.228630727604494,-0.10154970807036562
0.3752007265272286,0.14545916879788048,-0.26501048467832283,0.9373942840139883,0.7838705414036183,3.2160105447036154,0.5021024551636534,0.111289454850824,-0.5507498955571115,-0.835814086894371,-0.44153358585746777
-1.3553501084306994,0.1854984645426401,-0.5534254540163565,0.6334099615018834,1.0298484575307463,-0.7462201058552537,-1.104765771457995,0.6183513705831767,-0.9825727725634266,-1.0095433199792028,2.1731962550365806
0.8597549603154484,-0.20775667231973272,-0.6213107446245065,-0.460933599541694,-0.9800637950155275,-0.7462201058552537,-0.6984312773697622,-1.4323173974636507,-0.8831131126513067,-0.6539849377975455,-0.11877486604302402
0.652088860120497,1.5966211173910063,0.41186865579054305,2.7265591536566625,-0.43713211375058475,0.5745234443310361,0.16041208513491192,-1.3064142687273863,-0.57515556408436,-0.7924283298646114,-0.17479373131654044
-1.6322382420239678,0.36565662660966447,-0.23999603458440646,0.5899836297144399,0.3222854014637933,-0.7462201058552537,-0.9939472730702953,-0.11522119684820875,-0.6555892996069583,-0.7056878499660575,1.027760626545781
-1.147684008235748,-0.8408764042903404,-0.6027186542428327,-1.2252370390007006,-0.29959156110384577,0.5745234443310361,-0.28286190841588754,3.2651915747008085,-0.06434229754361732,1.1246448954568087,-0.48788288130984037
-1.701460275422285,1.0896125625364705,1.0479299325454332,0.9634500830864544,0.27207087739594854,-0.7462201058552537,-1.058591397129787,-0.3882987591757229,0.23744822725569126,0.21037851341337477,2.5028932979440386
1.6211973276969367,-0.5517655082392409,-0.2584420793389012,-0.8344000529137086,-0.6739597271187511,1.8952669945173257,-0.8554241500856704,-0.3664525541895217,0.28888382974322574,0.7169491228531224,-0.08884932833597782
1.275087160705351,-0.5571079530493797,0.07363089169036556,-0.1830050761020553,0.05206031472465548,1.8952669945173257,0.9361415738488111,0.2682371906727426,1.1075234315792635,0.1826650076711893,-0.549910599316687
-0.04013147386267415,-0.7456821983507934,-0.7470539451208261,-0.32196933782187465,-0.6742951216205975,-0.7462201058552537,0.6590953278795615,-0.8850124725461908,-0.6915417360395716,-0.9472887930824231,-0.5564603147548833
-1.4245721418290165,-0.7611233573548462,-0.986387942891326,-0.43487780046922786,-0.29014290127268927,-0.7462201058552537,-1.0308867725328619,-0.020362675197598483,-1.4008806825895987,-1.3124056968414521,0.17861772270752876
-0.4554636742525769,-0.9542571787037947,-0.29332457580664306,-0.7475473893388215,-0.7580017702685238,-0.7462201058552537,0.058828461612853725,-0.7320890376427829,1.4879107060980439,0.41082815908949627,-0.5481055250049182
0.0983125929339601,0.1119195384593527,0.23528542212261067,0.9547648167289657,-0.0821160047287166,0.5745234443310361,-0.6984312773697622,-0.7182914344936032,0.20556340224428607,-0.4377699383509535,0.0053674158114912105
-1.2861280750323822,-0.10371639101371771,-0.40450151636327186,0.616039428786906,-0.29959156110384577,-0.7462201058552537,-1.13247039605492,-0.8091256552257027,-0.5806665214937388,-0.8675930677230362,2.350071551301107
1.5519752942986196,-0.16972555208852275,-0.015447039490469282,-0.13957874431461176,-0.5235733592877982,1.8952669945173257,-0.4398547811317958,-0.734963538298862,0.15872026426456748,0.007942681435461904,-0.2807071811139607
-0.3862416408542597,-0.25679066159692887,-0.6786816620466672,-0.6520094594064456,0.1980639200468183,-0.7462201058552537,-0.28286190841588754,1.5807341902384584,-0.95829831730783,-0.6068130131299958,-0.3601579336928071
0.1675346263322772,-0.39616619305295525,0.24187493307452382,-0.02667028166725852,0.12987183915301223,-0.7462201058552537,-0.12586903569997943,0.19579977413954938,1.0678970235403975,0.23483343225418357,-0.4269160017383511
-1.701460275422285,0.17244495764997061,-0.34448458048615244,-0.01798501530976981,0.9006433841906312,-0.7462201058552537,-1.0493565222641452,1.3565231390642887,-0.6815695273940293,-0.5337585982172244,1.3125176951139523
-1.4937941752273336,-0.25679066159692887,-0.8310686138086272,-0.8865116510586408,-0.9928725727700894,3.2160105447036154,-0.8277195254887454,-1.3340094750257456,-1.2440808229656102,-0.747615001430439,0.024110727026873585
-0.04013147386267415,1.9809506230213845,2.0403775853567345,2.2749253030672496,0.40114220446232157,0.5745234443310361,0.28970033325389516,-0.741287439742236,0.42560805880447783,0.15712389319658826,-0.1623736767645528
1.759641394493571,-0.0014409809331240304,0.9621263677766355,-0.2785430060344311,-0.7707673376884921,-0.7462201058552537,1.397885317130894,-1.0856526183405117,1.488041919369696,1.6781081221154168,-0.5229823424324407
0.7905329269171313,-0.4246081470878565,0.3874723916921352,-0.5130451976866263,-0.7238079921600398,0.5745234443310361,1.6841664379657857,-0.8574172662478314,1.4511709900355194,1.2787295046504827,-0.5652839621138432
0.8597549603154484,-0.9042982914807542,-0.75379028338927,-0.8604558519861747,-0.41574505576168214,0.5745234443310361,-0.28286190841588754,0.5079705453897394,-0.4630994300936602,-0.5624341629493402,-0.5017518322947825
-0.7323518078458453,-0.13024363547524273,0.4648864754955429,-0.24380194060447627,0.43487507233513956,-0.7462201058552537,0.09576796107542039,1.031129664796135,0.927761249416197,0.8476650088397806,-0.42195809361041126
1.0674210605103998,-0.6936270384747704,-1.0324948470393718,-1.02547591277846,-0.6353605525166899,1.8952669945173257,-0.1628085351625461,0.21477147846967157,-1.5576805422135873,-1.2731164490591376,-0.477093659730757
1.6211973276969367,0.3192489570404308,-0.186912031847643,-0.15694927702958916,0.15647294418288832,-0.7462201058552537,3.3833834132438505,0.40736302242697087,-0.5595411847577871,-0.21705498556436495,-0.5617480172150586
0.7213108935188142,0.5274222534834426,-0.2665031204950861,0.9808206158014319,-0.26054793734596365,1.8952669945173257,0.6590953278795615,-0.894210874645644,-0.7711881919322587,-0.8483518879244303,-0.41658299565219353
-0.7323518078458453,-1.1468494832870895,-0.9130555803185366,-0.24380194060447627,-0.9509153378796034,-0.7462201058552537,-0.5783779041164206,-1.419094694445687,-0.6515216881857502,-1.229792760351309,-0.5133545465600466
-1.4937941752273336,0.6586091436273819,-0.2665031204950861,1.9101441160527237,1.7460576957864018,1.8952669945173257,-1.0493565222641452,0.28088499355949087,-0.8289220314590829,-1.0235707607356057,1.8600252061174425
-1.5630162086256507,0.1223743017569572,-0.6098003689230981,1.0763585457338076,-0.20401441625253489,-0.7462201058552537,-0.9015985244138787,-0.8712148693970112,-1.0358453608540872,-1.1357282184648987,0.41041311946200637
-1.078461974837431,2.092320049448124,3.510263636359066,2.7265591536566625,-0.4021852412391818,-0.7462201058552537,-0.2920967832815293,-1.2868676642660484,1.3465940125289766,0.6837115364590791,0.16138102193324208
-1.3553501084306994,-0.28198180678312473,-0.9819694438317532,-0.3306546041793634,0.13149942842270837,-0.7462201058552537,-0.8646590249513121,0.6413473758318095,-1.522777811954189,-1.321560774326273,0.07701028757466288
-0.10935350726099127,-0.3122201127387014,-0.5538570768199643,-0.5651567958315585,-0.8274737001202958,0.5745234443310361,0.34510958244774526,-1.056332711648505,-0.6789452619609918,-0.4360009911759204,-0.4814178130835844
1.5519752942986196,1.0876651520858536,0.3397532532565408,0.9287090176564996,1.8305256693771694,-0.7462201058552537,0.5852163289544281,1.1156399840848605,-0.4166499319288971,-0.3418433468066136,-0.3431828697554272
-1.2861280750323822,-0.5550243702890579,-1.0614303812021653,-0.9386232492035731,-0.9100486495288632,-0.7462201058552537,-0.7261359019666872,-1.0109156012824552,-1.6542535101493663,-1.3922565930056665,-0.23219003758436035
0.02909055953564297,-0.20423644728838555,-0.6625267487815326,-0.5651567958315585,-1.0040825681446848,-0.7462201058552537,0.2065864594631202,-1.4639369046805206,-0.9597416632960006,-0.649919462711066,-0.4499312488706236
1.5519752942986196,1.5333046539242348,0.06641850460683463,1.2326933401686044,0.26353992276616306,-0.7462201058552537,1.674931563100144,-0.5170763885680664,-0.8249856333095267,-0.6653434407109161,-0.42502847884352346
-1.4937941752273336,-1.0263735946579409,-0.8415943214902138,-1.1991812399282344,-0.6666201431427634,0.5745234443310361,-0.9108333992795203,0.8201413166399293,-0.5716128057497595,-0.2256824823127721,-0.29863699964316226
0.02909055953564297,0.6101481518110942,0.532894361050326,-0.25248720696196497,-0.8947419029077889,-0.7462201058552537,0.3543444573133867,-1.317337371220487,0.09390090806854193,0.9658741279573446,-0.36159363835247216
0.3752007265272286,0.313106072847081,1.073695976950854,0.5205014988545302,-0.7444357828410816,0.5745234443310361,-0.1628085351625461,-1.275944561772948,1.0920402655243424,0.5926573081863216,-0.2816174134709306
-1.770682308820602,-0.3567909203453043,-0.36820546498483075,-0.3480251368943408,-0.1650798471486273,-0.7462201058552537,-1.1417052709205617,0.1055404535386658,-0.26247433773794604,-0.3175435987706323,2.079737488196033
0.23675665973059432,-1.0501510369944593,-0.6577207923667137,-0.24380194060447627,-0.6176011049986777,-0.7462201058552537,-0.28286190841588754,-0.8298220599494721,0.3564586646439403,-0.8448450277353297,-0.5336462421652745
1.205865127307034,0.39640545670843547,1.342646881435572,1.4150839336758674,1.6443014730881913,0.5745234443310361,0.4466932059698033,0.51889364788284,1.3081485239349775,0.15473426280224534,-0.4037127718367044
-0.3170196074559426,-0.5025131063864431,-0.33095874907335987,-0.6520094594064456,-0.8988407117892487,1.8952669945173257,0.6498604530139197,-1.1799362398599063,0.027113352797738494,0.13940338728529153,-0.5291698337623985
0.30597869312891146,-0.21815067055440449,0.577787562198549,-0.40013673503927305,-0.453895665937961,0.5745234443310361,0.0495935867472121,-0.39462266061909695,1.308017310663326,1.343280559458709,-0.42811700276490855
-0.4554636742525769,0.2611336413097497,-0.3950592301229179,0.8505416204391012,-0.29959156110384577,1.8952669945173257,-0.015050537312279602,-0.8919112741207806,-0.8014984576838415,-0.9210649270665813,-0.33474178382186043
-0.04013147386267415,0.9113781393895235,-0.18391737994189794,1.6582713916855512,0.13754681763084628,0.5745234443310361,0.4743978305667283,-0.7608340442035737,-0.8409936524510553,-0.9337268647405025,-0.3449560639484132
-1.4245721418290165,-0.7160322641491561,-0.2665031204950861,-1.0167906464209715,-0.40983758573222867,-0.7462201058552537,-0.753840526563612,1.1006925806732493,0.6590364690731604,1.3678596149433797,-0.2780138607340377
0.5136447933238628,-1.1050504410812518,-0.6901327596389173,-0.9299379828460843,-0.6298358025936378,0.5745234443310361,1.4163550668621774,-0.028411277034620024,0.43439934800515323,-0.2742199100628036,-0.6104553421429149
-0.524685707650894,-0.5947495911904662,-0.37329243872152784,-0.41750726775425046,0.33998106229740527,-0.7462201058552537,0.11423771080670364,1.23119491045924,0.08878359047411885,-0.25699595072695497,-0.49669663483883314
-0.5939077410492111,2.4252305980902937,-0.20859961206141037,2.7265591536566625,2.365710354939955,-0.7462201058552537,-0.28286190841588754,0.2596136887045053,-1.2010428698637956,-1.0880287130609354,0.22633456532423765
0.02909055953564297,2.960197426840242,3.076786926172342,2.7265591536566625,2.1679901520140716,0.5745234443310361,-0.15357366029690447,0.14923286351106804,0.5175885622324408,0.477179195233721,0.22485104048639845
1.6211973276969367,0.4707538295524742,0.007948662237968909,1.3890281346034012,-0.8659741082432857,-0.7462201058552537,-0.28286190841588754,-1.489232510454017,-0.4129759603226445,-0.749694290215127,-0.20106184987909542
-0.04013147386267415,-0.7881484360669049,-0.704588149972248,-0.912567450131107,-0.9278122123168366,1.8952669945173257,0.8714974497893196,-1.0971506209648283,-0.4998391461561848,-0.3473053591365404,-0.5697620194883806
-1.770682308820602,-0.2696552843180726,0.3238932974400535,0.077552914622606,-0.2630068111478434,-0.7462201058552537,-1.1417052709205617,-0.48200748056390147,0.948492946337193,0.2274783361053617,2.2759980953093595
-0.7323518078458453,1.6384306531619286,2.475276318755466,1.779865120690393,5.182832810396224,0.5745234443310361,-0.5229686549225707,2.8115953711715274,0.9915308994390074,0.6655875864552311,0.2909857972440174
-0.9400179080407967,-0.9403358783822536,-1.0334277932804332,-0.7822884547687763,-0.2865646740413345,0.5745234443310361,-0.569143029250779,0.6792907844920535,-1.4853820295334053,-1.3454570782697026,-0.4506034796511635
-0.04013147386267415,-0.13359327906486296,0.038752564232498676,-0.11352294524214562,0.7382157364528994,0.5745234443310361,0.4651629557010865,1.2863853230559588,0.2034639898978563,0.056200801736804036,-0.4712315654752716
0.23675665973059432,-0.9101595576715962,-1.0437030998064103,-0.8951969174161295,-0.8354634967501696,-0.7462201058552537,1.1116041962960026,-0.7999272531262495,-1.5360303523910281,-1.3486535968491484,-0.5884602588116907
1.4135312275019853,2.3949932682803063,0.8710376710205258,1.276119671956048,1.201508713426666,1.8952669945173257,2.2013194304417185,0.25271488712991563,-0.5271315066597744,-0.10250789744072891,-0.40682603033300724
-0.9400179080407967,-0.2536801736766827,0.11645522168818288,0.22520244269991407,0.16220963050894766,-0.7462201058552537,-0.1628085351625461,-0.01691327441030363,0.5275607708779833,-0.14521090292924774,-0.391669782137906
-1.2861280750323822,-0.3583493367785926,-0.6232950630433877,-0.32196933782187465,-0.34568258467046287,-0.7462201058552537,-1.0308867725328619,-0.26871953188283254,-0.779192201503023,-0.7494460169274031,0.5909771653325857
1.4827532609003025,0.38225403006422126,-0.39168181099803606,0.32942563898977856,-0.15553859374334147,-0.7462201058552537,1.1300739460272862,-0.5021289851564551,-0.8560831786910208,-0.7588493676999476,-0.47520503752148857
1.3443091941036682,-0.03495864799589278,0.8083356322208707,-0.1830050761020553,-0.4910688994984299,-0.7462201058552537,-0.13510391056562104,-0.6516030192725681,1.3120849220845339,1.2433195269888548,-0.3567016890909794
1.4135312275019853,-0.8149177646345719,-0.7204309086230015,-0.5304157304016037,-0.3862529735839892,-0.7462201058552537,0.9823159481770195,-0.08992559107471262,-0.5070558760970377,-0.7878973423636494,-0.5761226528427619
1.1366430939087169,-0.048948034472286274,0.8607902447480869,-0.4088220013967617,0.06770039821259555,-0.7462201058552537,-0.947772898742087,0.6631935808180107,1.4253219755201005,1.8488270415865953,0.45644361372655123
-0.9400179080407967,-0.5236124932987671,-0.9622446855796998,-0.13957874431461176,0.9015672622969442,-0.7462201058552537,-0.513733780056929,1.6071795962743858,-1.4235805785853726,-1.318736665678413,-0.3453556647476385
-0.04013147386267415,0.3954756780346449,-0.2665031204950861,1.0763585457338076,-0.29959156110384577,1.8952669945173257,-0.44908965599743744,-0.957449889079384,-0.7054503428346702,-0.8719378502582052,-0.12663221600853405
-0.04013147386267415,-0.8281469777333121,-0.8000285113483742,-1.0341611791359488,-0.31223984332991694,-0.7462201058552537,-0.11663416083433781,1.590507492469127,-0.7495380021096996,-0.4430147115541219,-0.5091436225946201
-0.04013147386267415,0.5026264472609059,-0.7624241725585742,-0.0006144825947923895,-0.5766274196289436,0.5745234443310361,-0.28286190841588754,-0.8953606749080755,-1.3483953739288494,-1.0795563871173557,-0.1940916466672988
0.7213108935188142,0.5552331293948731,-0.7806234640411,0.10360871369507213,-0.3258202342022238,-0.7462201058552537,-0.4860291554600041,-0.5889389049700439,-1.3793617060386916,-1.1277214049358015,-0.05652453686191851
1.4135312275019853,-1.20123177424796,-0.6684640702511454,-1.2512928380731667,-0.8566118690813166,1.8952669945173257,0.9546113235800945,-0.08705109041863351,1.1539729297440262,0.9401778426779162,-0.6119427145812968
1.275087160705351,-0.16900613278922222,-0.17275694050686174,-0.7475473893388215,-0.5658207207105563,-0.7462201058552537,2.570714425067385,-0.19513231508720777,-0.11879580527914457,0.6980182846641715,-0.5702885911055164
-1.2169060416340651,-0.8261117141796599,-0.23291562271972685,-0.47830413225667145,-0.2952087985950558,-0.7462201058552537,-0.4306199062661541,0.031953236743041055,1.128386341771911,0.06538691338258988,-0.45484738304981365
-1.701460275422285,-0.21690779318285155,-0.6266189364476891,-0.5564715294740699,-0.2986038963131325,0.5745234443310361,-1.058591397129787,0.14980776364228413,-0.8869182975292109,-0.586889081790149,0.9540768775232923
-0.6631297744475282,-0.40191593461022185,0.08797176453369596,0.19914664362744794,0.4912748471548258,-0.7462201058552537,-0.8461892752200286,0.4464562313496468,0.7571839962687615,-0.15802801140799666,-0.02177135978816536
1.4135312275019853,-1.1367549177119298,-0.7620800989623386,-1.1644401744982795,-0.29959156110384577,-0.7462201058552537,1.5087038155185937,2.6006070230153218,0.1845692787799863,0.03950442313736839,-0.6140808811686234
-0.04013147386267415,-1.14227209258255,-0.6531608075345123,-1.3728865670780086,-0.8747849012304398,-0.7462201058552537,-1.1417052709205617,0.525217549326214,0.839585930866138,2.297053428411216,0.3105530446327681
-1.3553501084306994,-0.10596518641502549,0.6888407352745175,-0.06141134709721336,-0.956479182867288,-0.7462201058552537,-0.6891964025041205,-1.4576130032371468,1.2599932532387397,0.8687061699743848,-0.08886361942370793
-1.3553501084306994,0.7995406511527233,0.4389838960167199,1.6756419244005285,2.64384087527476,0.5745234443310361,-0.7353707768323288,1.0822957764743428,-0.15120548337715722,-0.5452722719354224,0.34048023131147565
-1.701460275422285,-0.25679066159692887,-0.4354086013522047,-0.912567450131107,-1.0062389696044085,-0.7462201058552537,-1.1140006463236367,-1.3673536826362631,-0.5020697717742666,0.44431401877126353,1.6238111149682302
1.759641394493571,1.2600358686779858,1.9346692132219125,2.7005033545841965,0.8583322360834726,-0.7462201058552537,0.6129209535513531,-0.5762911020832958,0.8885284811922869,-0.05822214974297005,-0.3283239861165582
0.9981990271120826,0.23590808699153157,1.3198136051955662,0.346796171704756,0.21660115358751714,0.5745234443310361,0.1511772102692703,-0.05255708254568433,1.5493185172311208,1.0384319962946678,-0.3759682739801754
-1.701460275422285,-0.006764634940669186,0.8934595180985052,-0.3914514686817843,-0.8171896404869944,-0.7462201058552537,-1.0493565222641452,-1.123596027000756,1.3909440983473094,1.8563373085402448,1.1106956562446952
-0.5939077410492111,-0.8221300163209798,-0.3458901882217777,-0.9733643146335279,-0.9206886800138175,0.5745234443310361,-0.2920967832815293,-1.0155148023321818,0.7402574842256701,0.9176160076560025,-0.482186233877693
-0.9400179080407967,-0.9472096515855781,-0.6391516315393516,-1.2773486371456326,-0.7275919828894598,-0.7462201058552537,-0.6522569030415539,0.9592671483941576,0.08038594108839901,1.3079326501190123,-0.425043319588474
-1.4937941752273336,0.1322377648638544,-0.2665031204950861,-0.11352294524214562,0.6075373964666366,-0.7462201058552537,-0.9108333992795203,1.0753969748997532,-0.5435331656162586,-0.36412587437983784,0.4469647749608835
-0.4554636742525769,0.16565488893092692,-0.2665031204950861,0.12097924641004955,-0.47360780905261246,-0.7462201058552537,-0.5876127789820623,-0.8062511545696236,-0.566889127970292,-0.5192346108853736,-0.0891307528328187
-0.3170196074559426,4.503307165179361,3.6278426127047974,2.7265591536566625,3.556949320099019,-0.7462201058552537,-0.6707266527728373,0.9253480406524242,0.1641000084022943,0.7397281970017947,1.594768326757134
1.3443091941036682,-0.7821800378976392,-0.9316616108269796,-0.8691411183436634,-0.5113201429780123,-0.7462201058552537,1.1208390711616443,0.22282008030669312,-1.220200007524969,-1.0440533069728313,-0.577384665820783
1.1366430939087169,-0.05037149877785619,-0.11534276960724912,0.4162783025646657,-0.7181577265031679,-0.7462201058552537,2.136675306382227,-1.2242035499635242,-0.15330489572358724,-0.5097691917908981,-0.5531244450843216
-0.6631297744475282,2.7262748739703624,3.9131102401504188,2.7265591536566625,0.5592200118509536,3.2160105447036154,0.021888962150287062,-0.7499109417104732,1.1198574791145393,0.87562678786969,0.06434508590238015
-0.04013147386267415,-0.2006188517345076,0.73757815437205,-0.22643140788949884,-0.2869350483378519,-0.7462201058552537,-0.13510391056562104,-0.2629705305706743,1.5561416073570182,1.22414041551218,-0.38805688522826637
0.0983125929339601,-1.046673274296246,-0.4611586211259191,-1.0775875109233923,-0.4016893512088446,-0.7462201058552537,0.0034192124190038113,1.450806760583683,1.2703591016992382,0.9452364109152916,-0.5592228919445758
1.6904193610952538,-0.7581444050527557,-1.0203896057414423,-0.7822884547687763,-0.4297760686947519,0.5745234443310361,1.0654298219677942,0.26248818936058443,-1.5054576600961416,-1.313088448382693,-0.5735392639069173
1.4827532609003025,0.7744144196482148,-0.7853206353544964,0.8939679522265447,1.3422406579283972,-0.7462201058552537,0.8253230754611114,0.6821652851481326,-1.419119327349209,-1.2529752785925325,-0.41021301812506544
0.7213108935188142,-0.25679066159692887,-0.2665031204950861,1.154525942951206,-0.18295246459057546,0.5745234443310361,-0.28286190841588754,-0.8752391703155218,-0.1853209340066443,-0.8900307661010879,-0.3601579336928071
-0.10935350726099127,-0.25679066159692887,-0.46777080106902696,-0.8430853192711972,-0.5438554672920904,0.5745234443310361,0.031123837015928687,0.05667394238532111,-0.5628215165490839,0.18173398284222447,-0.4312780814393855
-1.2861280750323822,-0.9006282281014524,-0.37157754256581044,-0.6520094594064456,-0.09915116473353904,-0.7462201058552537,-0.9385380238764451,0.8327891195266772,0.9389143775066059,0.052228429133220775,-0.1774958462119897
-0.524685707650894,-0.12118793284347644,-0.4791181945406395,0.6073541624294173,0.019068195444872486,-0.7462201058552537,-0.0519900367748461,-0.4584365751840529,-0.6933787218426979,-0.9345027187646399,-0.3922678091936929
1.205865127307034,-0.527446305100671,-0.1074942176731242,-0.6346389266914682,-0.5644071254788481,-0.7462201058552537,-0.28286190841588754,-0.3618533531397952,0.5978910844833875,0.5812057027900548,-0.4193433742130044
-1.4245721418290165,-0.7100672824894529,-0.9542404471830599,-0.3567104032518295,-0.8503566587401327,0.5745234443310361,-0.28286190841588754,-1.202357344977323,-1.3295006628109796,-1.2720302534253454,-0.45927816990339704
1.205865127307034,-0.392286502408355,-0.9978579313095717,-0.24380194060447627,0.06004393844958741,-0.7462201058552537,-0.1628085351625461,0.36826981350429533,-1.5345870064028575,-1.3576535035291415,-0.41858264861998123
-1.2861280750323822,0.669736715272399,0.953714478383168,1.962255714197656,0.692334591654309,-0.7462201058552537,-1.0678262719954283,-0.4618859759713478,0.507091500500291,-0.3251780023681437,2.152477475771108
-1.6322382420239678,-1.1622049855156826,-0.2665031204950861,-1.3034044362180988,-0.8793569661574498,0.5745234443310361,-1.0678262719954283,0.0009086296573867213,3.313087314775602,4.008804644784931,-0.13984872387287034
1.5519752942986196,0.5107804354045734,-0.5406635936631344,0.6073541624294173,0.5978500509777245,-0.7462201058552537,2.755411922380218,0.17337866902213267,-1.0876746031565772,-0.9917607457459751,-0.5383848370622778
0.4444227599255457,1.1331774521133189,2.3586800562061776,0.6420952278593721,-0.06764877317974843,0.5745234443310361,1.610287439040652,-0.5699672006399219,1.3984232548314663,1.6565393802443986,-0.4492502235745573
-0.4554636742525769,-0.5007230994120977,-0.6693648369472353,-0.5391009967590924,-0.6845688930789956,0.5745234443310361,-0.7261359019666872,-0.7493360415792575,-0.7557050258773377,-0.6839329031292467,-0.20995255541894323
0.7905329269171313,0.8776171680386263,0.5845357560888247,0.346796171704756,-0.29959156110384577,-0.7462201058552537,-0.218217784356396,-0.6906962281952439,-0.055944648157897195,0.263415894503403,-0.14611316721368311
0.7905329269171313,-0.35183795762528897,-0.8709713798550681,-0.6433241930489569,-0.1654234721903963,0.5745234443310361,1.2593621941462692,0.6453716767503204,-1.2851505769926463,-1.0238811023452608,-0.5453374512430218
-0.3862416408542597,1.1808350761096278,0.3240048184542063,0.9981911485164092,1.153948538483863,-0.7462201058552537,0.08653308620977876,0.4131120237391291,-0.4759583307155437,-0.38544634296313174,-0.21388150523030844
-0.04013147386267415,-0.735850459975548,-0.9473149400915435,-0.6954357911938892,-0.7252586248213998,0.5745234443310361,0.5298070797605784,-0.6993197301634811,-1.296041278539752,-1.1677554725812878,-0.5486843140579913
-0.04013147386267415,-0.9398592752982868,-0.6594583575136258,-0.24380194060447627,-0.8140723234913058,-0.7462201058552537,0.4928675802980116,-1.177061739203827,-0.020648278083543376,-0.847451897256431,-0.5711592481426181
-0.8707958746424795,0.11738595375933027,1.1156218853206357,0.8939679522265447,0.33407359226795175,-0.7462201058552537,-1.0955308965923534,-0.29229043726268106,1.4834494548618802,0.313877440233295,1.8829250252334326
1.0674210605103998,-0.3606423027678153,0.4800092982535291,-0.5130451976866263,-0.35020938162789844,-0.7462201058552537,0.5944512038200699,-0.03531007860920973,1.4699344878817373,1.4523035669304871,-0.5094690196690924
-1.2169060416340651,0.020810013738155227,-0.3519782454546789,-0.6954357911938892,-0.29959156110384577,-0.7462201058552537,-0.8461892752200286,0.4228853259697982,-0.5911635832258886,0.17012720664112999,0.20492651590439273
0.9981990271120826,-0.4864311078030269,-0.39574646534447905,-0.8951969174161295,-0.7249047116047276,0.5745234443310361,1.9612126839350355,-0.4279668682296145,-0.14661301886934186,0.5109753965251433,-0.5763705482491589
0.7213108935188142,0.7154452205633094,-0.2665031204950861,0.9981911485164092,1.768998268185697,1.8952669945173257,-0.9662426484733703,0.9845627541676537,-0.8518843539981609,-0.8527587387815304,1.126209731290272
1.0674210605103998,2.352824266896131,2.13971479843184,2.613650691009309,1.7227055963909759,0.5745234443310361,2.635358549126876,-0.05773118372662677,0.2814046732590689,0.07196615550727456,-0.4360034845630994
1.759641394493571,-0.6327553316363551,-1.0209606298127414,-0.6780652584789117,0.09407310575961927,-0.7462201058552537,2.404486677485835,1.4025151495615542,-1.5398355372689325,-1.3365813082335716,-0.5933071361811112
-0.10935350726099127,-0.05413844460689432,-0.022776549695172513,0.4510193679946205,0.738555246224707,0.5745234443310361,0.6683302027452033,0.4786506386977326,0.0010019117390156673,-0.4339837707131633,-0.48128699466513103
-0.04013147386267415,0.9715194452907586,-0.923632228089532,0.7202626250767705,0.30410413877474746,0.5745234443310361,-0.2920967832815293,-0.22100282099191934,-1.578674665677887,-1.356101795480867,-0.0861136843500846
0.23675665973059432,0.8046241733453051,0.4572855888042971,2.0404231114150546,0.6879950394801128,0.5745234443310361,-0.6337871533102706,-0.4912058826633545,-0.1357223173222364,-0.631485171097563,0.17517521953621085
1.4135312275019853,-0.8273172539824227,-0.35439757399769134,-0.6259536603339795,-0.3298593716692447,-0.7462201058552537,3.1063371672746007,0.20154877545170757,0.7294979959502161,0.04692158760812137,-0.6112699341435364
0.5828668267221799,1.257167464863881,2.526438277658354,0.19046137726995924,0.5437651155112724,-0.7462201058552537,-0.28286190841588754,0.5269422497198616,1.4061648378589269,2.641098136874675,-0.029092244306572364
-0.5939077410492111,-0.25679066159692887,0.3887806791034939,0.40759303620717696,1.5912247787622587,-0.7462201058552537,-1.0493565222641452,1.546815082496725,1.043753781556453,0.00992886773725326,0.8291216526398164
0.9289769937137655,-0.4248856164716097,-0.13572427719615382,-0.2003756088170327,-0.9752098340961681,-0.7462201058552537,0.08653308620977876,-1.4685361057302475,0.32641082543566147,-0.10250789744072891,-0.46679418273504336
0.5828668267221799,-0.23672159635409165,-0.33539196994905346,0.285999307202335,1.4709868786678273,-0.7462201058552537,1.804219811219127,1.5997058945685803,-0.33608498313464674,-0.6803950087791805,-0.5556396765248375
-0.04013147386267415,0.5752053121879742,0.47034852983942005,0.9200237512990108,-0.3930637453699491,-0.7462201058552537,-0.9754775233390118,-1.002292099314218,0.052175087683246156,-0.23129966544752628,1.0767180455089156
-1.6322382420239678,0.5042927277818097,-0.18879473065082403,-0.1743198097445666,0.2273378929165622,0.5745234443310361,-1.058591397129787,0.5516629553621416,-0.6680545604138863,-0.20414477460271976,1.8090252609233295
-0.524685707650894,0.786727276075017,0.06924431161264721,-0.24380194060447627,-0.31525427857657295,1.8952669945173257,-0.8923636495482369,-0.2951649379187602,-0.5285748526479449,0.25115740092203304,0.7862637798513767
0.02909055953564297,-0.09671742713856779,-0.6264047535653675,-0.7128063239088666,-0.25112602676955564,-0.7462201058552537,0.5205722048949366,0.5930557648096805,-0.9571173978629631,-0.4260700596669625,-0.4724023353547075
1.275087160705351,-0.3979781633030594,-0.10044598535341628,-0.2611724733194537,-0.5036657408499848,0.5745234443310361,2.386016927754552,-0.6148094108747557,0.352784693037688,0.014677094364973699,-0.5795448186969252
-0.8707958746424795,-0.5317664814424345,-0.33122296007418006,-0.5998978612615133,-1.0254140699891097,-0.7462201058552537,-0.6984312773697622,-1.507629314652923,0.07671196948214667,0.05412151295211586,-0.24459964864916062
-0.3170196074559426,-0.8799417507733942,-0.37139775401495645,-0.9907348473485054,-0.049848172962123384,-0.7462201058552537,-0.8369544003543872,2.38214497315331,0.8586118552556595,0.9007644582517397,-0.2866973455017976
-0.3170196074559426,-0.7141068169742979,-0.03897706150581352,-0.8517705856286859,-0.07458917596948958,0.5745234443310361,-0.28286190841588754,1.565786786826847,1.3090670168365408,1.3616838169112466,-0.4601614690565678
1.205865127307034,1.6942129809342266,-0.2665031204950861,1.484566064535777,-0.5220733433869026,0.5745234443310361,2.37678205288891,-1.2259282503571716,-1.1215276272427603,-0.9563507680843473,-0.4588521855575929
1.5519752942986196,3.9186284140404615,2.0520892460661644,2.7265591536566625,1.2851721517399985,-0.7462201058552537,0.3820490819103117,-0.34403144907210487,-0.3377907556661212,-0.010988156753489289,0.05933990725348658
-0.6631297744475282,1.1687613753521995,0.6756541570402929,2.4225748311445576,3.2876954370707496,-0.7462201058552537,-0.45832453086307906,0.9592671483941576,-0.15435460189680242,-0.603057879653171,0.08690686582782892
1.0674210605103998,-0.25679066159692887,-0.9596893430895194,0.1557203118400044,0.7051948102833874,3.2160105447036154,1.4717643160560274,0.7913963100791384,-1.4853820295334053,-1.3481570502737004,-0.5459904440208481
-1.0092399414391138,0.11261479815531872,0.48287353831912583,-0.05272608073972465,0.2269448846352576,-0.7462201058552537,-0.1628085351625461,0.37804311573496413,0.5669247523735452,0.5829125816431568,-0.3205468861052255
-1.2861280750323822,-0.400041002969609,-0.0909928857436994,-0.9386232492035731,-1.0006257413771884,-0.7462201058552537,-0.8184846506231037,-1.335734175419393,0.3764030819350252,1.5714126767160503,-0.062497112218702806
-0.8015738412441624,0.151957614022126,0.3772088105064311,1.1024143448062738,1.0790032995835555,1.8952669945173257,-0.22745265922203764,0.26651249027909535,0.3628881149548823,-0.3881773491280951,-0.2914694694892448
-1.770682308820602,-0.7850215977080383,-0.9320620963380847,-1.1557549081407907,-1.0109777029648515,-0.7462201058552537,-1.1417052709205617,-1.2305274514068982,-1.2195439411667097,-0.7537597653016067,1.1152088916813376
-0.9400179080407967,-0.6506331940676522,-0.6881774940076016,-1.060216978208415,-0.9607261414673548,-0.7462201058552537,-0.5229686549225707,-1.0873773187341593,-0.6433864653433341,0.023459761918208515,-0.37859728446531243
-1.2861280750323822,1.6321149911992763,2.7681147378522986,0.31205510627480115,0.30885727558005477,0.5745234443310361,-1.0493565222641452,0.09289265065191789,1.2219414044596966,2.638429199031642,2.9563671006544503
-1.2861280750323822,-0.7134501150291087,-0.9915667651268291,-0.3567104032518295,0.08308739259791525,0.5745234443310361,-0.28286190841588754,0.5959302654657596,-1.4353897730340415,-1.33335375549316,-0.46001800852204533
-0.9400179080407967,-0.8006977637627104,-0.39725460466671453,-1.1644401744982795,-0.9157627018701354,-0.7462201058552537,-0.22745265922203764,-0.7102428326565818,0.5060417943270761,1.710756059451116,-0.48832425605781543
-0.3862416408542597,-0.8123663641005868,-0.8221656932208349,-0.790973721126265,-0.6688567923667327,-0.7462201058552537,-0.1443387854312627,-0.42049316652380886,-0.8425682117108778,-0.8139660375746638,-0.5026334824762919
-0.3862416408542597,1.4520051483389211,2.8246470328818165,1.4411397327483335,0.39359685698826863,0.5745234443310361,0.3543444573133867,-0.4923556829257862,1.4452663928111855,1.143420562840932,-0.2513516379444614
-0.1785755406593084,4.22333006340717,4.158920794761535,2.7265591536566625,0.36273438991346113,-0.7462201058552537,-1.0031821479359369,-0.8597168667726948,0.4821609788864351,0.9927186771924963,4.570284372601257
1.5519752942986196,-0.5830661046323536,-0.6585995414794019,-0.9733643146335279,-0.4298275095692682,-0.7462201058552537,1.2224226946837027,0.8379632207076196,-0.645617090961416,-0.08897700325977392,-0.5633920419612524
1.6211973276969367,-0.7393489657675336,-0.784433678503617,-1.1036433099958585,-1.0660585337619395,0.5745234443310361,2.275198429366852,-1.536374321213714,-0.8105521734278206,-0.23496169644145448,-0.5976571234232971
-0.9400179080407967,-0.13703346015788906,-0.2665031204950861,0.45970463435210923,0.5694094202751451,0.5745234443310361,-0.5783779041164206,0.2716865914600378,-0.316271779115214,-0.6814191360910417,-0.19300717297146452
-1.4245721418290165,-0.10852341996813557,-0.9934135062198395,0.06018238190762858,-0.0025760669166115897,-0.7462201058552537,-0.8277195254887454,-0.09280009173079172,-1.5690960968473002,-1.3803705093558827,0.10000904499032358
0.5136447933238628,-0.6227971824072975,0.06446636573292519,-0.2003756088170327,1.0478753975962434,-0.7462201058552537,0.11423771080670364,1.9992614857635749,1.2825619359628624,0.1900511379809766,-0.5010235364777625
0.1675346263322772,0.5229656607955768,1.2773609684844056,-0.0006144825947923895,-0.663815586664134,-0.7462201058552537,0.8345579503267528,-1.0264379048252823,1.0462468337178388,1.5327751463140113,-0.43655259212627145
-1.6322382420239678,-0.36411494070168504,0.5123724099412614,-0.31328407146438597,-0.4133232193894541,-0.7462201058552537,-1.0678262719954283,-0.40439596284976576,1.5453821190815646,1.0489836110229358,0.8588091887704328
-1.147684008235748,0.3658096374307841,-0.6296759932199987,0.24257297541489148,-0.048329638346401776,0.5745234443310361,-0.7723102762948955,-0.30781274080550824,-1.1511818266360838,-0.9885331930055637,0.22407382517676358
-0.3862416408542597,-0.6202677451490715,0.07326870895748609,-0.47830413225667145,-0.636461387231339,0.5745234443310361,-0.9200682741451619,-0.6958703293761863,1.2972578223878724,0.6221397611035405,-0.019371006706711547
-0.9400179080407967,-1.119137686152971,-0.8666655743436754,-1.3207749689330763,-1.0115394373145694,-0.7462201058552537,-1.13247039605492,-0.9867697957713909,-0.46506762916843825,0.12882073839605843,0.2708969251531143
0.652088860120497,-0.25679066159692887,0.2235234727315654,-0.9212527164885956,-0.703949756961762,-0.7462201058552537,1.4994689406529527,-0.30781274080550824,0.7336968206430762,2.430810662172492,-0.5470111574791169
1.4135312275019853,-0.4343910781836377,-0.7520433379701393,-0.5738420621890472,-0.6222678211347978,0.5745234443310361,2.579949299933026,-0.5734166014272167,-0.9933322608388803,-0.8204211430554864,-0.5849468498589422
1.205865127307034,1.0001934779395116,0.645380370707665,0.05149711555013987,-0.6950772349251882,0.5745234443310361,1.0007856979083027,-1.0919765197838858,-0.07864454415367139,0.6535152978396541,-0.40776924212320065
-0.6631297744475282,-0.15633991165909994,-0.2665031204950861,-0.33933987053685205,-0.4741201601627949,-0.7462201058552537,-0.6614917779071956,-0.4940803833194336,-0.2967210016390847,-0.160883154216822,-0.13415757301292702
0.3752007265272286,-0.3346399805969264,-0.5901223817505783,0.19914664362744794,-0.12772554170986095,-0.7462201058552537,1.1393088208929276,-0.38082505746991724,-0.7316929971650449,-0.930871721931677,-0.5387014396212239
-1.0092399414391138,-0.6127206755255399,-1.0076811608272422,-0.5651567958315585,-0.909398436874977,-0.7462201058552537,-0.1628085351625461,-1.2454748548185095,-1.5100501246039573,-1.3294124170505426,-0.461384456371941
0.5828668267221799,-0.672969113405199,0.10656098872108075,-0.4435630668267166,-0.13040664008965117,0.5745234443310361,-0.40291528166922913,0.32227780300702974,1.5683444416206425,0.6176087736025783,-0.42291724545999604
1.5519752942986196,0.5366212054804361,1.4734697599013078,1.0676732793763188,1.9004523365596655,-0.7462201058552537,0.8899671995206029,1.03457906558343,1.2571065612623988,0.47149994377703575,-0.4406981068824713
0.0983125929339601,0.03240320682925956,0.8667447633834333,0.1557203118400044,-0.08995353637002218,-0.7462201058552537,-0.28286190841588754,-0.2974645384436235,1.2729833671322752,0.7845415254359671,-0.2969182215149951
0.0983125929339601,-1.20123177424796,-0.905688418743401,-1.2773486371456326,-1.011868658911474,1.8952669945173257,-0.8277195254887454,-1.0776040165034904,-0.4388249748380636,-0.32005736580883737,-0.45934797637038693
-1.6322382420239678,-0.8424079767199234,-0.8234571743111355,-1.0515317118509262,-0.5215568770067588,-0.7462201058552537,-1.0308867725328619,0.7913963100791384,-0.809240040711302,-0.4959589901612535,0.09539852022567179
-0.1785755406593084,1.5642496892864517,-0.2665031204950861,2.7265591536566625,-0.6041626909400359,-0.7462201058552537,-1.0401216473985035,-1.400122990115565,-1.0954161861840377,-1.115618082159259,2.7120015929268178
1.5519752942986196,2.42052972496871,1.1851902833842076,0.6942068260043044,0.43970845690469235,-0.7462201058552537,-0.3844455319379459,-0.062330384776353456,-0.34133351400072165,0.5341579147663669,0.32957173411556706
-1.6322382420239678,-0.7919615047750366,-0.42673054673453853,-1.02547591277846,-0.6480952554119486,-0.7462201058552537,-1.1140006463236367,0.16245556652903204,0.38716257021047884,0.8489374094393656,0.6965833567438067
-1.6322382420239678,-0.017764331513490075,0.5392808933339563,0.3381109053472673,-0.648613779427073,-0.7462201058552537,-1.0955308965923534,-1.119571726082245,0.8513951253148068,0.22341286101888191,1.6799871822067787
-1.4937941752273336,-1.20123177424796,-0.8483180224474746,-0.24380194060447627,-0.9409378658584192,0.5745234443310361,-0.28286190841588754,-1.4018476905092123,-0.053582809268163736,-1.1321903241148323,-0.5666839390541828
0.5828668267221799,-1.20123177424796,-0.7892884905029072,-1.0862727772808811,-0.6837952223262703,0.5745234443310361,-0.49526403032564575,0.21017227741994488,0.34268127112049374,-0.29581968609478704,-0.5436703408935716
-0.9400179080407967,-1.1708321602337544,-0.735835660673776,-1.0428464454934376,-0.5669647657597993,-0.7462201058552537,-0.4675594057287208,0.5620111577240264,0.5136521640828847,-0.19511383376176103,-0.5391461123125213
1.759641394493571,1.1288140813292296,0.32651091451523967,1.0676732793763188,2.720508354653875,-0.7462201058552537,2.9308745448274096,1.7756253347206208,-0.44905961002690975,-0.4126943362908349,-0.5120842887237197
0.3752007265272286,0.12625326029236533,-0.2746364679162885,0.7550036905067253,0.14020733966083007,-0.7462201058552537,1.4994689406529527,-0.410144964161924,-0.5511435353720672,-0.7921179882549564,-0.5178644840533666
-0.8707958746424795,-0.9759764180653128,-0.7044921324635673,-1.0428464454934376,-0.4606097288798303,1.8952669945173257,-0.5599081543851373,1.012157960466013,-0.10213171977935676,-0.08199431704253794,-0.4642871961528335
0.0983125929339601,-1.0991903950723965,-0.4673453014986727,-1.3468307680055425,-0.8912007131060858,1.8952669945173257,1.2224226946837027,0.16418026692267929,1.576873304278014,3.356156239680607,-0.6070947378974353
1.4135312275019853,-1.155332676530742,-1.0568313119023869,-1.02547591277846,-0.9092461718864088,0.5745234443310361,2.8754652956335596,-0.9103080783196869,-1.4866941622499237,-1.3583672892313479,-0.6258803727187879
0.02909055953564297,-0.4326842876207786,0.4860319541440181,-0.5130451976866263,0.05823527730159382,-0.7462201058552537,1.0377251973708697,0.8632588264811158,1.687486092280543,1.4636000015219268,-0.5428475040346441
0.8597549603154484,-1.20123177424796,-0.8535920805023067,-1.0515317118509262,-0.9858889596457548,-0.7462201058552537,1.2870668187431942,-1.2046569455021863,-0.08901039261416942,-0.6063785348764787,-0.616530153742692
0.4444227599255457,1.1189996695381939,0.8283279887942675,1.0416174803038527,1.4933286792877527,1.8952669945173257,0.16964696000055354,0.6890640867227226,0.014779305262462303,-0.01126746420217863,-0.248673158309489
1.1366430939087169,-1.0174396661884373,-0.6089926232598414,-1.3120897025755875,-0.29959156110384577,0.5745234443310361,0.4743978305667283,4.676571396835645,0.44896402115851103,1.8356064890152952,-0.5797877671883387
0.5136447933238628,-0.7539464909460498,-1.0257453503335103,-1.0689022445659038,-0.8400890601866765,-0.7462201058552537,1.1947180700867777,-0.5429468944727783,-1.5229090252258408,-1.2285203597517238,-0.5770757584629224
0.02909055953564297,0.41170702689322103,1.12557226963949,-0.24380194060447627,1.3060530315236607,-0.7462201058552537,-0.5876127789820623,2.571862016454531,1.0148868617930407,1.8437374391882546,-0.00995977577915214
1.759641394493571,-0.17021606524713678,-0.3947272727116311,0.02544131647767374,-0.8865484004148304,0.5745234443310361,1.4440596914591024,-1.3656289822426158,-0.507843155726949,-0.6229818109930177,-0.5382243371539231
-0.6631297744475282,1.2254961771832389,0.8349707849036441,1.3716576018884237,-0.08574567283458776,-0.7462201058552537,-0.4306199062661541,-0.8545427655917524,-0.04662850587061434,-0.172583032900813,0.07629683250259352
-1.770682308820602,-0.25679066159692887,0.5284537141257929,0.8071152886516576,2.8596538625855223,-0.7462201058552537,-1.1417052709205617,2.2861366512402683,1.305655471773592,-0.12196631636609337,2.3049738253395677
1.205865127307034,-0.5633965269719298,-0.22871938399910818,-0.5217304640441149,-0.22931098070467723,-0.7462201058552537,-1.0308867725328619,0.2458160855553259,0.38519437113570065,0.1359585954181218,0.3810504307486419
0.8597549603154484,0.31176826531697027,-0.4014793750486644,0.09492344733758341,0.30616588902536124,0.5745234443310361,0.5944512038200699,0.3130794009075767,-0.8353514817700247,-0.6672985928517423,-0.4329781712220594
-0.04013147386267415,-0.35191238872647157,-0.2665031204950861,0.13834977912502697,-0.08170447773258607,0.5745234443310361,-0.9108333992795203,-0.2727438328013433,-0.06276773828379473,-0.5290724399114349,0.13539927478251157
1.4135312275019853,-0.5161515685234896,-0.09427454792301773,-0.7388621229813327,-0.10740433864093633,0.5745234443310361,-0.49526403032564575,1.0581499709632785,0.6036644684360698,0.861226937181701,-0.35078957602843824
-1.5630162086256507,0.5622850491682415,-0.14073151861899413,1.545362929038198,-0.29453183668642113,-0.7462201058552537,-0.947772898742087,-1.0597821124358,-0.6420743326268153,-0.8847549587369541,0.9005452111720516
1.5519752942986196,0.9612838266779481,1.4458098124786671,2.2488695039947832,1.1830784769049612,-0.7462201058552537,3.0047535437525426,-0.2439988262405523,0.7251679579857045,-0.1498660270740719,-0.5226514487857644
0.8597549603154484,-0.5489844694553774,-0.4813490056683726,-0.4696188658991827,-0.8468010654935652,-0.7462201058552537,0.4928675802980116,-1.1483167326430361,-0.2547327547104855,-0.3949117620576072,-0.5240800079015644
-1.4245721418290165,-1.20123177424796,-1.0174324749245711,-1.207866506285723,-0.8929270688548534,0.5745234443310361,-0.7907800260261789,-0.47165927820201675,-1.1891024621434751,-1.0894873186263136,-0.4749631883445159
-0.7323518078458453,-0.9113099452485647,-0.4293398257899749,-0.8604558519861747,-0.5001204357783205,0.5745234443310361,0.24352595892568688,0.23661768345587253,0.7662377120127407,0.32591869468790646,-0.5543875573767834
0.1675346263322772,-0.06767001880191481,0.909462262503207,0.11229398005256083,0.2022306308826397,-0.7462201058552537,1.1393088208929276,0.14750816311742077,1.5447260527233049,0.8934093621029175,-0.5153041807207787
1.4135312275019853,0.39922090462432114,0.9119187212904175,1.3803428682459125,2.440542423916327,-0.7462201058552537,2.0443265577258103,1.1892272008804852,0.7654504323828295,-0.12333181944857492,-0.5219627282886127
0.23675665973059432,0.11269606227562647,-0.3622289287660825,-0.13089347795712303,-0.8095208349141022,3.2160105447036154,-0.28286190841588754,-1.2075314461582656,-0.669497906402057,-0.4840108381895386,-0.2793599712667788
1.275087160705351,-0.7575923947220168,-0.8469227069549778,-1.0081053800634827,-0.8016709574629128,-0.7462201058552537,-0.4398547811317958,-0.5027038852876708,-0.9790300142288261,-0.6484608571456878,-0.4346705658036477
-1.2169060416340651,-0.4850810984530503,-0.48244284963429246,-0.6520094594064456,0.11843756156552607,-0.7462201058552537,-0.7169010271010455,1.380668944575353,-0.34553233869358174,-0.18567944882825127,-0.21146081483170012
-1.6322382420239678,0.818781212826658,-0.868210192502316,1.9361999151251899,1.0421243078253197,-0.7462201058552537,-1.0770611468610702,-0.21410401941732965,-1.5105749776905648,-1.377608469029954,2.514608691939483
0.0983125929339601,-0.41444622746703647,-0.1102638733271846,-0.8691411183436634,-0.5864773182813273,0.5745234443310361,1.0192554476395859,-0.021512475460030316,0.3618384087816671,1.2310920675684507,-0.540312484934194
-0.6631297744475282,-0.29470684068500097,-0.13771771532413637,0.3815372371347108,0.009533114944528546,-0.7462201058552537,-0.8000149008918204,-0.3325334464477885,0.11004014048172232,-0.5155105115695143,-0.03687923814787213
1.205865127307034,-0.31337123242486187,-0.8850799606794327,-0.8865116510586408,-0.2970586124426625,-0.7462201058552537,1.1670134454898526,0.9805384532491428,-1.3271388239212458,-0.9007996199561141,-0.5381056111943184
-1.701460275422285,-0.9723280739253723,-0.39619658812940683,-1.2512928380731667,-0.9856132365583473,0.5745234443310361,-1.13247039605492,-0.9453769863238518,1.1613208729565314,2.4843756239989334,0.5715044589857425
0.5828668267221799,-0.9311549850786619,-0.8017564356599506,-0.9038821837736182,-0.7046699292049904,-0.7462201058552537,0.1511772102692703,-0.34345654894088895,-0.5941814884738816,-0.6438057330008637,-0.551211637957356
1.759641394493571,-0.36804880742649027,-0.14067901515088246,-0.8344000529137086,-0.5463513785236219,-0.7462201058552537,1.998152183397602,0.029653636218177713,0.21776623650791038,1.0286252014295723,-0.5695564476879538
0.23675665973059432,0.5137174134463249,0.6749938901013598,1.4932513308932658,-0.44065272720248116,-0.7462201058552537,0.06806333647849534,-1.1632641360546474,0.3471425223566575,-0.33144690288317336,-0.3143082766537713
-0.04013147386267415,0.3213742700246943,-0.7765648026463521,0.8071152886516576,-0.7877181346591079,-0.7462201058552537,0.16041208513491192,-1.3662038823738316,-1.3281885300944611,-1.2361547633492351,-0.3650130559205335
-0.1785755406593084,-0.2775012985283215,-0.6314060020365125,-0.6259536603339795,0.07403585631802474,-0.7462201058552537,0.07729821134413697,1.1915268014053486,-0.8555583256044131,-0.5318965485592948,-0.44214975160152775
1.275087160705351,-0.6685510784681099,0.07228495290857442,-1.0167906464209715,-0.7199972521758712,0.5745234443310361,1.868863935278619,-0.1548893059021004,1.4582565067047204,2.5374440392499267,-0.5864847907616003
0.4444227599255457,-0.39267964504443825,0.15193753445167207,-0.3567104032518295,-0.5715224272419446,-0.7462201058552537,0.6129209535513531,-0.6654006224217479,0.8713395426058913,0.5452060760700823,-0.5144494637430683
-0.8707958746424795,-0.6741634275336851,-0.9593005829186874,-0.8430853192711972,-0.3816726781170566,-0.7462201058552537,-0.2643921586846043,0.5654605585113214,-1.3603357816491697,-1.133866168806969,-0.45514694623492746
-0.3862416408542597,0.4557177709679734,-0.7278556546470338,-0.16563454338707786,-0.6007079218075203,-0.7462201058552537,0.26199570865697014,-0.8470690638859467,-1.297090984712967,-0.9808987894080523,-0.3654637748412553
0.5828668267221799,-0.8616304797004561,-0.6538890814470292,-1.1296991090683246,-0.7300035310867845,0.5745234443310361,1.8965685598755435,0.14750816311742077,-0.19306251703410485,0.3888249389649615,-0.5998464081321202
-0.04013147386267415,-0.46274517911550345,-0.15710569574723518,0.05149711555013987,0.2579596166986334,-0.7462201058552537,-0.34750603247537926,0.2946825967086706,0.35002921433299866,-0.3420916200943375,-0.3875830807042881
0.02909055953564297,-1.0717853516897098,-0.7079812028841606,-0.999420113705994,-1.0559802376267033,-0.7462201058552537,-0.624552278444629,-1.5202771175396712,0.19926516520499624,-0.19449315054245123,-0.4776334231211824
0.1675346263322772,-0.7764405458690601,-0.45040557212459315,-1.1731254408557683,-0.9378082030528467,0.5745234443310361,-0.3567409073410209,-0.8120001558817818,0.2715636778851783,1.5257303917748442,-0.45922925041078216
1.6211973276969367,0.39056200517459794,1.3826537424473264,-0.1830050761020553,0.027117663489185234,-0.7462201058552537,2.21055430530736,0.22626948109398798,1.3674569227216242,2.072459205503941,-0.5285063974973848
1.5519752942986196,-0.715912686314469,-0.5386298985335477,-0.3914514686817843,0.3773785780707653,-0.7462201058552537,-0.7723102762948955,1.2438427133459884,-0.12679981484990885,-0.5630548461686502,-0.26321159178886916
-0.1785755406593084,0.02351881774841197,-0.021146857678772814,-0.43487780046922786,-0.5697364000787382,-0.7462201058552537,0.1511772102692703,-0.594687906282202,-0.08205608921662003,0.3782422900757281,-0.4078604852217858
1.1366430939087169,0.5097264422045464,0.850932099772714,1.119784877521251,1.5032341340846138,0.5745234443310361,0.021888962150287062,0.6304242733387088,0.5594455958893885,-0.037087886125469,-0.302747336337257
-0.10935350726099127,-1.1227726082910587,-1.0644336316907772,-1.0515317118509262,-1.0286383840037923,-0.7462201058552537,-0.8738938998169536,-1.3880500873600325,-1.5481019733830004,-1.379067074595332,-0.39001201596120233
0.30597869312891146,-0.626648076757014,-0.03416185510033462,-0.24380194060447627,-0.8493587057745163,-0.7462201058552537,-0.03352028704356285,-1.2397258535063513,1.037193117973859,0.09527281039236005,-0.48375770387079503
0.5136447933238628,-0.32888096565656166,-0.6013385816926909,-0.7822884547687763,-0.8189550913003942,-0.7462201058552537,-1.13247039605492,-0.8706399692657952,-0.7587229311253307,-0.2732888852338389,1.8890251210653481
0.8597549603154484,-0.7080381198457337,-0.792396878209301,-0.2611724733194537,-0.2916943580481013,-0.7462201058552537,1.2039529449524191,-0.23537532427231483,-0.8676299465963857,-1.0419119498662122,-0.5734227365761941
0.0983125929339601,-0.5876359302085757,-1.0054400574563804,-0.460933599541694,-0.9292998824078483,-0.7462201058552537,0.031123837015928687,-1.3259608731887242,-1.5105749776905648,-1.3419812522415673,-0.4856710606549811
0.652088860120497,-0.5260313820690072,-1.0003986822651898,-0.7649179220537988,-0.16736587961213242,0.5745234443310361,1.7118710625627105,0.970765151018474,-1.5129368165802985,-1.2685854615581758,-0.5732111185463431
1.5519752942986196,-0.24203988156089573,-0.707230911388242,-0.8604558519861747,-0.29959156110384577,-0.7462201058552537,0.031123837015928687,0.8805058304175905,-1.0200997682558623,-0.4349458297030936,-0.4288529937830141
-0.6631297744475282,-0.29610150869568724,0.3549198506182132,0.3815372371347108,-0.29959156110384577,-0.7462201058552537,-0.4860291554600041,-0.7079432321317185,1.0646166917491007,-0.005277871135838317,-0.2932542064838591
-0.2477975740576255,0.6826560021465422,-0.30186309887505963,-0.24380194060447627,-0.08117772317753895,-0.7462201058552537,0.7052697022077697,0.11876315655662978,-0.8774709419702761,-0.3083264529638808,-0.40541341127659863
1.3443091941036682,1.432057125149155,2.7264239876957714,2.379148499357114,0.19639723571248985,0.5745234443310361,0.5298070797605784,-0.8896116735959173,1.3859579940245383,0.4688310059340032,-0.2930348932529225
-1.2861280750323822,-0.3989621180570554,-0.514523901747678,-0.0006144825947923895,0.686246049746558,-0.7462201058552537,-0.7261359019666872,1.0018097581041283,-0.5166344449276244,-0.7620458862793934,-0.16827919394044927
-0.9400179080407967,-0.9277011379473858,-0.8095900052148377,-0.6954357911938892,-0.9769938036243939,0.5745234443310361,-0.28286190841588754,-1.3627544815865367,-0.6305275647214504,-0.8582517852724227,-0.5068696906738566
0.9981990271120826,0.3243934883323427,-0.5381520257766403,0.9547648167289657,2.2098506780604668,0.5745234443310361,-0.1628085351625461,1.4450577592715248,-1.0190500620826475,-1.0602221048358533,-0.279425930133226
0.0983125929339601,2.98502495779443,3.874603180441151,2.7265591536566625,4.89867959247305,0.5745234443310361,1.3517109428026857,1.6750178117578527,0.9358964722586128,0.8572855987390834,-0.2805367873756391
-1.770682308820602,-0.10910007797500368,-0.30354737886450844,0.5986688960719286,0.831443062156305,0.5745234443310361,-1.1417052709205617,0.43668292911897794,-0.40628408346839906,-0.7682216843115265,2.637625825463855
-1.2169060416340651,-0.09417115136892654,0.4607525113599301,0.03412658283516245,-0.5736561947168813,-0.7462201058552537,-1.104765771457995,-0.9074335776636078,0.8553315234643628,0.4448726336686425,1.7232561985960722
-1.4245721418290165,-0.43598951658608653,0.22583818518303028,-0.9646790482760392,-0.4378625741687163,0.5745234443310361,-0.7076661522354039,0.7747242062738795,1.1323227399214675,2.7010871700209735,-0.19969869997252215
0.0983125929339601,0.4289174497778466,0.32440452227595995,-0.47830413225667145,-0.15629580341622165,0.5745234443310361,0.9915508230426613,0.32802680431918796,0.0046758833452680065,1.0788074397107748,-0.46016806494321244
-1.4937941752273336,0.6346423290465429,1.6919740815213542,1.5540481953956866,-0.06599854992526519,-0.7462201058552537,-0.9293031490108037,-0.8867371729398382,1.3671944961783205,0.309594726020057,0.8561570926820392
1.6904193610952538,1.0929983235128944,1.8983755069115258,0.3033698399173125,-0.05043048366164804,-0.7462201058552537,-0.5414384046538541,-0.3532298511715579,1.020660245745723,1.7197559661311088,0.15219075320828035
1.759641394493571,-0.869889891567766,-0.6777380327178014,-0.6346389266914682,-0.29959156110384577,-0.7462201058552537,1.7580454368909186,0.292957896315023,-0.25866915286004155,-0.6208714880473641,-0.5982502035641005
0.9289769937137655,3.624765885297136,0.06115043950369767,1.7277535225454608,1.12076711678586,1.8952669945173257,-0.30133165814717094,-0.06635468569486407,-1.2002555902338845,-0.7941352087177135,0.5111262622972937
-0.10935350726099127,-0.6434692615879137,-0.11122717517139757,-0.48698939861416013,-0.4309324595538786,1.8952669945173257,-0.4860291554600041,-0.2468733268966314,0.8828863105112561,0.3005017168571674,-0.3898465691378642
0.5828668267221799,-0.9779889862340143,-1.0616290605790146,-1.1123285763533473,-0.8309655066824632,-0.7462201058552537,-0.30133165814717094,-0.4015214621936867,-1.586153822162044,-1.3513535688531464,-0.5153146242079661
1.205865127307034,-0.9755117727648146,-0.9640588562830626,-1.1904959735707457,-0.8724700618772057,0.5745234443310361,0.6313907032826365,-0.40439596284976576,-1.1814920923876666,-0.8473277606125691,-0.5807463693807031
-1.4937941752273336,-0.806779394820333,-0.9539935636295322,-0.49567466497164886,0.14187402399515853,-0.7462201058552537,-0.9754775233390118,1.0052591588914233,-1.275178368347104,-1.2416788440010929,-0.03496917930700839
1.275087160705351,-0.3751773546286173,-1.00452365697326,-0.06141134709721336,-0.8653815093688577,-0.7462201058552537,0.5390419546262198,-1.3156126708268394,-1.5515135184459494,-1.3847773602129827,-0.5068845314188072
0.8597549603154484,-0.617210457163441,-0.3062778197694334,-0.9386232492035731,-0.6990176059131378,0.5745234443310361,0.1973515845974786,-0.2554968288648687,0.30554791524301356,0.9139539766620742,-0.5086725663567438
1.275087160705351,0.44675797464035405,0.24746218799620578,-0.49567466497164886,-0.9857531557370318,0.5745234443310361,1.8319244358160525,-1.437491498644593,-0.10475598521239422,0.9768912551000947,-0.5100939799286786
-1.6322382420239678,-0.6992186444465734,-0.8718978120182002,-0.5477862631165811,-0.29959156110384577,-0.7462201058552537,-0.9939472730702953,0.13313565983702527,-1.1017144232233276,-1.069439250642605,0.10526871493225891
0.7905329269171313,-1.1454323639278494,-0.8511822625130713,-1.0689022445659038,-0.4160434128338767,0.5745234443310361,0.2527608337913285,1.3375514347341668,-0.2947528025643068,-0.5684858243376115,-0.5877143739636181
1.759641394493571,0.7505320416608485,-0.7460303229149859,1.545362929038198,2.258540494607648,1.8952669945173257,3.0693976678120345,0.900052434878928,-1.3739819619009648,-1.2808749893005111,-0.5347021336856485
0.30597869312891146,-0.32583392719961884,-0.8195267099700401,-0.7736031884112876,-0.3528616731179596,1.8952669945173257,1.5825828144437273,0.46370323528612134,-1.193170073564683,-0.8218797486208645,-0.5550526426134583
1.275087160705351,-1.182439507435903,-0.6776598637826475,-1.207866506285723,-0.8440170853647423,0.5745234443310361,0.6775650776108447,-0.18133471193802803,0.9534790506599643,0.6325672391879462,-0.6048559840387769
1.6211973276969367,1.163827447471175,-0.7986969035380278,2.318351634854693,-0.28409345442957074,-0.7462201058552537,1.8965685598755435,-1.1741872385477479,-1.4782965128642038,-1.3542087116619719,-0.465272731548997
0.0983125929339601,0.9740271633096236,1.4094411942720915,0.5899836297144399,0.8921474093555166,-0.7462201058552537,0.9638461984457363,0.5119948463082503,0.6775375403760745,0.8412099033589578,-0.40622910259166106
0.9289769937137655,0.11147978487138153,0.8170740072001638,1.0416174803038527,0.0240188652083226,0.5745234443310361,-0.005815662446637814,-0.6521779194037839,1.0577936016232035,-0.02001909759444775,-0.3624318656135706
0.8597549603154484,2.796060742330098,4.038839239956853,2.7265591536566625,3.1637599669160856,0.5745234443310361,1.2778319438775525,0.7057361905279811,1.1447880007283955,0.935522718533092,-0.28541444554940165
0.9289769937137655,0.6184307471361496,1.7571493854292781,0.5465572979269964,0.21030067527675908,0.5745234443310361,-0.8277195254887454,-0.20950481836760296,1.4635050375707952,1.2210990677375622,0.47213632736875555
1.6211973276969367,-1.0529494023625325,-0.6583087530406295,-0.9820495809910166,-0.24689552924933392,0.5745234443310361,0.779148701132903,1.5726855884014366,0.3651187405729642,-0.0685254911835138,-0.5935902096496134
1.1366430939087169,1.75318779285627,0.510251947293654,2.7265591536566625,2.2357624753718244,0.5745234443310361,1.6287571887719356,0.18717627217131208,-0.5577041989546608,-0.7455667468067164,-0.4054766218569438
-0.2477975740576255,0.06205631350406201,1.0777433038500048,0.737633157791748,0.5682427412411151,0.5745234443310361,0.0034192124190038113,0.04057673871127835,1.5361971900659332,0.40195238905336517,-0.3728605120560765
-0.10935350726099127,-0.8216429196719283,-0.710623182610803,-1.1731254408557683,-0.7593083684812382,-0.7462201058552537,-0.40291528166922913,0.1659049673163269,-0.46349306990861583,0.3103085117222633,-0.4601246420228014
-1.4937941752273336,0.7727259318151547,-0.2665031204950861,-0.3306546041793634,-0.41393639461368853,-0.7462201058552537,-0.8092497757574622,-0.3882987591757229,-0.8739281836356755,-0.170007197540677,0.49903930002086383
-0.04013147386267415,-0.603529044620466,-0.7444021942772893,-0.7996589874837537,0.016607264008012032,1.8952669945173257,2.9862837940212597,1.6301756015230187,-0.8409936524510553,-0.6094509168120626,-0.599231341702501
-1.2169060416340651,-1.1618196520443138,-0.7008770797758177,-1.2339223053581891,-0.7423205340809707,-0.7462201058552537,-1.0493565222641452,0.5666103587737529,0.6751757014863408,0.6531739220690337,-0.19010333387613126
-0.10935350726099127,0.4540797986691588,0.8437847231869194,-0.191690342459544,0.15395028369660843,0.5745234443310361,-0.3844455319379459,0.4539299330554522,0.6142927434398715,1.3116257152739057,-0.15185708516678414
0.7213108935188142,1.035340820063586,1.7800633059540512,0.1557203118400044,1.9548129951135254,-0.7462201058552537,1.4163550668621774,2.5028740007086325,0.9704055627030556,1.8510304670151458,-0.4424784466193224
1.6904193610952538,-0.215346204276398,-0.6862958374568893,0.12966451276753826,-0.6201690334545321,-0.7462201058552537,1.6472269385032186,-1.0137901019385342,-0.9964813793585252,-1.0216776769167106,-0.549133384007052
0.652088860120497,0.5240838355680991,1.1513866485031476,-0.2611724733194537,-0.2265825567203321,-0.7462201058552537,-1.1417052709205617,-0.11867059763550361,0.8966637040347026,1.9261952048735702,4.063782389553484
-0.04013147386267415,0.4559613192924991,0.3325239295703932,-0.24380194060447627,1.0798983708001393,1.8952669945173257,-1.1417052709205617,2.1717315251283207,-0.008970296906526771,0.6481153538316582,3.9103461261381534
0.9981990271120826,-0.21120881119622748,0.5264003464808591,-0.7388621229813327,-0.6416034170479897,-0.7462201058552537,-1.0955308965923534,-0.4193433662613772,1.199241508463923,2.3251083099240217,1.3895164268326279
1.4827532609003025,-0.4175340200023318,0.013123445745155718,-0.1830050761020553,-0.30713690857789866,-0.7462201058552537,1.554878189846802,-0.34000714815359406,0.631350468754615,0.09530384455332547,-0.5609806957353908
0.7213108935188142,-0.6731743480153454,-0.23489577212873322,-0.28722827239191984,0.21539537948885482,-0.7462201058552537,-0.9200682741451619,0.7189588935459451,0.6304319758530519,-0.1647003560155776,-0.05441934970781538
-0.524685707650894,0.2806055494883436,0.1612693419303419,0.3989077698496883,0.014247156685203505,0.5745234443310361,-0.8184846506231037,-0.33828244775994665,-0.07142781421281828,-0.2171170538862958,0.27818318126663666
-0.1785755406593084,-0.17037224854142188,0.5069732815901832,0.11229398005256083,0.645774427312103,-0.7462201058552537,-0.947772898742087,0.7701250052241532,1.078787725087503,0.41163504727459915,0.3682203319102414
-1.2169060416340651,-0.03416260126783348,-0.33456129473148494,0.1644055781974931,0.30165966841773223,0.5745234443310361,-0.4860291554600041,0.2297188818812828,-0.5216205492503957,-0.6225783669004663,-0.2204169295807746
-0.04013147386267415,-0.22244156252848943,0.47451284957818424,0.2599435081298689,0.28321708608614343,0.5745234443310361,-0.4306199062661541,0.1084149541947449,1.1290424081301706,0.22434388584784673,-0.2985616966039685
0.5828668267221799,1.1269057167021839,0.47930825318675746,2.2228137049223173,1.2617583232951535,-0.7462201058552537,1.9335080593381102,-0.18420921259410714,-0.30879262263105717,-0.6614952047511949,-0.4698129001894388
-1.5630162086256507,-0.21793054972402137,0.013541649548228845,-0.8344000529137086,-0.5510571897243743,-0.7462201058552537,-1.058591397129787,0.01470623280656646,0.27969890072759446,1.4368175206087057,0.9528643336951063
-0.524685707650894,2.7223390549543787,1.8911661163038425,2.7265591536566625,-0.5488575779300569,-0.7462201058552537,-0.06122491164048789,-1.3690783830299107,-0.03600023086681261,-0.08767356849922321,0.11403849588362033
0.0983125929339601,-0.26630612880124693,0.08980847394669483,-0.6433241930489569,-0.43068142808623894,0.5745234443310361,1.1670134454898526,-0.016338374279087874,0.49934991747283036,1.0195632264276477,-0.5340282539334472
-0.9400179080407967,-0.1430343151679984,-0.17577321915133254,-0.24380194060447627,-0.4887972704797895,-0.7462201058552537,-0.28286190841588754,-0.6021616079880077,-0.15369853553854282,-0.11824221705023402,-0.3352820968695062
-0.1785755406593084,-0.0070889593127078775,0.7062681085223989,-0.5304157304016037,-0.5410262191936931,0.5745234443310361,-0.6984312773697622,-0.43544056993542013,1.0966327300321577,1.9309123973403253,-0.04084776327910553
-0.8707958746424795,0.35020863458648666,0.38162431309015643,-0.21774614153201013,-0.5545016706819867,-0.7462201058552537,-0.947772898742087,-0.7361133385612936,0.15006018833554363,0.6804839837186679,0.7464576039505558
-1.6322382420239678,-0.5610591463583948,-0.34329537041934477,-1.0428464454934376,-1.0452249795828323,-0.7462201058552537,-1.0401216473985035,-1.4627871044180891,0.10046157165113576,1.2216266484739753,0.4324988962345951
-1.770682308820602,-0.42441901887993316,-0.44165234504762063,-0.24380194060447627,-0.5892839323949374,-0.7462201058552537,-1.1417052709205617,-0.7798057485336959,-0.3324110115283944,-0.5190794400805461,1.9274148303092173
1.4135312275019853,0.7811093141723033,0.9772039828337911,2.023052578700077,0.3211146071598021,-0.7462201058552537,2.8477606710366348,-0.7297894371179195,0.4246895659029145,-0.3316951761708972,-0.5270607990077526
0.7213108935188142,-0.5965042128872001,-0.8615477238775925,-0.07878187981219077,-0.3799771868929989,0.5745234443310361,-0.7630754014292538,-0.5452464949976417,-1.1440963099668826,-1.1909069566615458,-0.21799623918216626
0.7213108935188142,2.144008910691769,2.5665682547429753,1.8232914524778367,-0.29959156110384577,1.8952669945173257,0.9915508230426613,-1.1132478246388708,0.6784560332776375,0.6929907505877617,-0.29987757598958803
-1.770682308820602,4.596718685236483,4.180970036581948,2.5007422283619563,-0.3560242580832225,1.8952669945173257,-1.1417052709205617,-1.2385760532439196,0.3556713850140292,1.1412792057343129,13.236812215111996
-0.7323518078458453,0.8417918928027956,0.7482569428849796,0.4944456997820641,-0.4850606053549245,-0.7462201058552537,-0.8646590249513121,-0.9729721926222111,0.136282794812097,0.2996327603501337,0.7097954673503798
1.3443091941036682,-0.5849017464129977,-0.5368557242686719,-0.9212527164885956,-0.9301105905902256,1.8952669945173257,1.480999190921669,-1.097725521096044,-0.3389716751109879,0.16671344893492568,-0.5714698044721398
-1.147684008235748,0.15893046600276245,1.0402048875288512,-0.3914514686817843,0.18365841754726978,-0.7462201058552537,-0.7261359019666872,0.859809425693821,1.2983075285610872,2.104269220493571,0.06018857800177255
1.6904193610952538,-0.38325691167110204,-0.4259695721508155,-0.9646790482760392,-0.7162791057658321,1.8952669945173257,1.480999190921669,-0.2629705305706743,-0.34907509702818224,0.6308913944958096,-0.5560216882930102
1.4827532609003025,1.4099247321669732,0.8144354147940447,1.4671955318207996,0.5527734414565691,-0.7462201058552537,-0.33827115760973764,-0.37737565668262235,-0.1691817015934639,-0.22788590774132197,0.044582710200390244
0.652088860120497,0.5473985848952982,0.5897539233550216,0.946079550371477,-0.785609058803939,-0.7462201058552537,-0.28286190841588754,-1.3811512857854429,0.21474833125991735,-0.1479108749332457,-0.18430115225766863
-0.2477975740576255,-0.7156366811490997,-0.05357055029124933,-0.7128063239088666,-0.7101864485881199,0.5745234443310361,0.779148701132903,-0.6401050166482517,1.272458514045668,0.8859921976321649,-0.5587391935906304
-0.04013147386267415,1.2807953128888425,-0.235199458441806,2.596280158294332,2.9535211127679113,0.5745234443310361,-0.9385380238764451,0.6580194796370683,-1.0033044694844226,-1.087935610578039,1.3579248780905722
-1.4937941752273336,-0.9206706933769816,-0.5931684948719663,-1.0689022445659038,-0.5319376454841509,1.8952669945173257,-0.7907800260261789,0.8235907174272242,0.17997681427217097,0.4070730256126715,-0.34331258885943977
0.9289769937137655,0.9867617146309955,0.2932084727900748,1.5106218636082431,-0.5074270975946177,-0.7462201058552537,2.312137928829418,-1.218454548651366,-0.4087771356297847,-0.5906442152669736,-0.4969230936136349
1.1366430939087169,1.9966694954455884,1.178653927308199,0.8592268867965899,-0.35757983012859584,1.8952669945173257,-0.28286190841588754,-0.9511259876360101,-0.17823541733744333,0.3922076625102004,0.13261855890454619
-1.3553501084306994,0.05552077474742371,-0.2665031204950861,0.6247246951443948,-0.7916564480120768,-0.7462201058552537,-1.1232355211892786,-1.345507477650062,-0.4864553924476936,-0.7426805698369255,2.399220800634158
1.205865127307034,-0.7708523564068196,-0.3454442344467248,-0.4261925341117392,-0.29959156110384577,0.5745234443310361,-0.4306199062661541,-0.05198218241446857,0.5813582122552512,-0.19942758213596476,-0.440540904917439
-0.4554636742525769,-0.16090632072575983,-0.39597081018837066,-0.4522483331842053,-0.8101648746630465,-0.7462201058552537,-1.0124170228015785,-1.0799036170283536,-0.518209004187447,-0.2598200593748146,0.6731316817785425
-0.10935350726099127,-0.45937650068689223,0.09640189334536572,0.02544131647767374,0.9096949204705217,0.5745234443310361,-0.218217784356396,1.2892598237120376,0.9059798463219861,-0.004005470536253024,-0.41987544240234426
0.0983125929339601,0.27733790212822323,0.9121025485695875,0.6594657605743496,1.0424206072625335,-0.7462201058552537,0.5944512038200699,0.605128667565213,0.9319600741090565,0.3171360271346719,-0.43689502857457596
0.23675665973059432,0.6011881114470773,0.41044532976294956,0.7463184241492367,0.9787244588014533,0.5745234443310361,-0.5599081543851373,0.4562295335803156,-0.0373123635833312,-0.18949665062700688,0.022334784547785626
-1.2861280750323822,0.36331534141377225,-0.4568982838784742,1.0329322139463641,-0.1759976583559698,0.5745234443310361,-0.8092497757574622,-0.8321216604743354,-0.930349890445981,-1.0101329690375471,0.29857436482875555
-1.701460275422285,-0.11269058548877905,0.07111802098828574,0.11229398005256083,0.4181464999424343,-0.7462201058552537,-1.13247039605492,0.4504805322681574,0.23010028404318658,-0.11011126687727497,2.3316959607661665
1.759641394493571,0.45737184966901123,1.4659458696111884,0.3381109053472673,0.7203678106307193,-0.7462201058552537,-0.28286190841588754,0.5804079619229326,1.3657511501901496,1.2044647574600573,-0.20398767526324443
1.1366430939087169,-0.5297853939689873,-0.21327867423816277,0.04281184919265116,-0.346635269666505,0.5745234443310361,0.031123837015928687,-0.5791656027393749,0.35265347976603617,-0.4060219916832538,-0.4761597921133103
1.0674210605103998,-0.7311661813289825,-0.13618964292343658,-0.3740809359668069,-0.4533936030026818,-0.7462201058552537,-0.9939472730702953,-0.42049316652380886,1.0857420284850525,0.09403144395374018,0.07759237457105848
-1.0092399414391138,-1.0371129043948208,-0.43484695755312414,-1.2252370390007006,-0.9574771358329045,0.5745234443310361,-1.1232355211892786,-0.8194738575875874,1.3379339365999527,2.013277060542745,0.3483859511123801
-1.3553501084306994,0.353621483603013,-0.34189093521774677,1.2674344055985594,-0.782228364530727,-0.7462201058552537,-0.624552278444629,-1.4110460926086654,-0.7790609882313712,-0.9685161591828205,0.00880991898280915
0.8597549603154484,0.18615638666981615,0.5117083648371292,0.6594657605743496,0.9631913723325073,-0.7462201058552537,1.868863935278619,0.5206183482764872,0.5101094057482842,-0.046894680990564916,-0.5291901710795529
-0.9400179080407967,-0.25679066159692887,0.09062077946450228,-0.38276620232429565,-0.1481167043681278,0.5745234443310361,-0.3752106570723041,0.18890097256495966,0.48452281777616885,0.4858377261430936,-0.3293436002603862
0.8597549603154484,-0.24066790893516024,-0.6634852302080777,0.3207403726322899,-0.22773277467451672,1.8952669945173257,0.8530277000580364,-0.5872142045763965,-0.9397972460049159,-1.0458222541478643,-0.5145176212383971
0.5136447933238628,-0.14779668546170657,-0.5404393791008014,-0.15694927702958916,-0.18368909791364907,-0.7462201058552537,1.2316575695493441,-0.15833870668939523,-0.7797170545896305,-0.7183187534790132,-0.5269860456257793
-1.770682308820602,2.7834687082647616,2.049713040719045,1.6756419244005285,0.9238535067723918,-0.7462201058552537,-1.1417052709205617,-0.1859339129877544,0.029475191687472244,0.4670930929199358,9.152724951234354
1.6904193610952538,-0.4034716666431396,-0.1967505043076685,-0.13089347795712303,-0.33862078141686325,-0.7462201058552537,3.4387926624377005,-0.4383150705914992,0.15924511735117491,-0.2534890905378541,-0.5949264263523875
1.5519752942986196,-1.1237685208285233,-0.7624622147736825,-1.0081053800634827,-0.8511056378730903,-0.7462201058552537,0.37281420704466994,-0.6998946302946969,0.12578573307994714,-0.361053492444254,-0.5893193730471641
-0.2477975740576255,-0.43060436540641667,-0.06284112543738199,-0.07878187981219077,-0.019740857925215165,-0.7462201058552537,0.18811670973183697,0.023329734774803757,0.49436381315005945,-0.11597672329975306,-0.48048339580891725
-1.4937941752273336,-0.25679066159692887,-0.3415992348080642,-0.1048376788846569,-0.5734977568233711,-0.7462201058552537,-0.8000149008918204,-0.836720861524062,-0.3261127744891046,-0.4735212917832019,-0.01870866975613869
-1.147684008235748,-0.8451741292835504,-0.8915060985568743,-0.6693799921214231,-0.31569255482745195,1.8952669945173257,-0.9754775233390118,0.3240025034006773,-1.0372887068422578,-1.0552876732423397,-0.06585441852085985
-0.8707958746424795,-0.39299494006977637,0.30000591310949737,0.23388770905740278,0.5083532174942419,-0.7462201058552537,-0.8369544003543872,0.4292092274131722,1.1819213566058753,0.05365600053763345,-0.031632210322005805
0.9981990271120826,-0.9066986334847981,-0.6213869593362816,-0.582527328546536,-0.28899474095348515,-0.7462201058552537,0.7606789514016198,0.21879577938818218,0.034198869466939744,-0.5530618463377613,-0.5778474772003533
-0.04013147386267415,0.8439508828098895,0.5128591418441529,0.20783190998493664,-0.29959156110384577,-0.7462201058552537,1.2316575695493441,-0.6159592111371873,-0.10541205157065352,0.3174774029052924,-0.443323819424286
-0.2477975740576255,-0.15689021373505757,-0.2665031204950861,-0.0092997489522811,-0.5854896534906141,-0.7462201058552537,-1.0124170228015785,-0.9045590770075287,-0.2961961485524773,-0.43863889485798735,0.6769006813387736
-1.0092399414391138,0.9156985597676842,1.0747010991753743,-0.07878187981219077,-0.1181822306695944,1.8952669945173257,-0.4860291554600041,-0.1318933006534676,0.4033018026236592,1.4149384371280331,0.04370985453440698
0.0983125929339601,-0.36810981652582037,-0.8043608942977192,-0.31328407146438597,-0.5304911280927521,-0.7462201058552537,1.2593621941462692,-0.6222831125805613,-1.1423905374354082,-1.0420671206710397,-0.5466951045773912
0.7213108935188142,-0.25679066159692887,-0.5643504746750209,-1.0167906464209715,-0.3222049695412173,-0.7462201058552537,0.8530277000580364,1.4559808617646253,-0.7438958314286691,0.3395737255127237,-0.5161248189508245
1.6904193610952538,-0.20998740902763885,0.5447062082783111,-0.0092997489522811,0.40002490866782736,-0.7462201058552537,2.561479550201743,0.5838573627102275,1.229682987487157,0.6058778607576218,-0.5723487063675473
-0.04013147386267415,-0.25679066159692887,-0.7001504995235625,-1.207866506285723,-0.8637436319242583,-0.7462201058552537,0.11423771080670364,-0.298614338706055,-0.9985807917049552,0.5185787659616891,-0.44455944885572823
-1.770682308820602,-0.8659755477547463,-0.827521046968227,-0.8170295201987311,-0.19201634668034978,-0.7462201058552537,-1.1417052709205617,1.0684981733251633,-0.7919198888532547,-0.8050281992166017,0.9328716516177721
0.23675665973059432,-0.25328361453103704,-0.9759547351163381,-0.5738420621890472,0.5151804503600471,-0.7462201058552537,0.33587470758210347,2.0751483030840627,-1.5164795749148992,-1.2649234305642474,-0.47263648933059466
0.8597549603154484,-0.6118980288301727,0.12147288563571024,-0.2785430060344311,-0.5242564941013749,0.5745234443310361,0.7699138262672612,-0.6383803162546043,1.3946180699535622,0.377776777661246,-0.5475663112717132
-0.524685707650894,0.03322878196139461,0.985905357850445,0.7550036905067253,1.0192866171750568,-0.7462201058552537,-1.0216518976672202,0.48957374119083324,1.4543201085551647,0.30776371052309304,0.920630785319632
1.275087160705351,-0.5615779677390978,-0.4065031622294455,-0.11352294524214562,-0.44657048540683797,-0.7462201058552537,0.8899671995206029,-0.6268823136302879,-0.05305795618155601,-0.5568790481365169,-0.5482434889672367
1.5519752942986196,0.3899270224687701,0.7744593002301176,-0.3306546041793634,-0.3298655445741867,0.5745234443310361,-0.28286190841588754,-0.22962632296015664,0.6047141746092847,1.505434050503412,-0.2187366274580349
1.5519752942986196,-0.839559339854002,-0.6949603427924621,-0.5391009967590924,-0.32015762273546794,-0.7462201058552537,2.4229564272171182,0.07219624592814844,-0.37899172296480954,-0.7331220482595536,-0.6053396823927224
0.5828668267221799,-0.3076231991223767,0.33201270473448674,-0.16563454338707786,-0.5269663993708943,1.8952669945173257,0.8160882005954696,-0.7234655356745456,1.0457219806312306,0.53089932786499,-0.5189286204320465
0.23675665973059432,0.2200291266906862,-0.6244768470613558,0.7550036905067253,0.7285510249487746,-0.7462201058552537,-0.8923636495482369,0.19235037335225452,-1.095153759640734,-1.0973699955115488,0.4412890145031112
-1.701460275422285,1.5245622940266281,-0.2740138523477878,0.06018238190762858,0.8496037484955445,1.8952669945173257,-1.1140006463236367,1.1409355898583566,-1.093054347294304,-0.4924521299721528,4.7101523475312
0.8597549603154484,-0.6733656725508447,-0.9605037331122642,-0.6606947257639343,-0.7006102153881629,-0.7462201058552537,0.7329743268046948,-0.6722994239963376,-1.3640097532554223,-1.2088757358605664,-0.5522037692401642
1.4827532609003025,0.1161015902002331,-0.47246901463489216,0.6420952278593721,1.9325370388129808,5.8574976450761955,2.8477606710366348,1.5790094898448106,-0.8327272163369873,-0.9373268274124997,-0.5609482659593876
0.23675665973059432,-0.695231333750755,-0.029298835362853482,-0.48698939861416013,-0.6552599404145807,-0.7462201058552537,0.040358711881570475,-0.7286396368554879,1.2700966751559344,0.45061395344725863,-0.5043989814681925
1.0674210605103998,-0.509988917381957,-0.6548579853982616,-0.9386232492035731,-0.8968880161926095,-0.7462201058552537,0.4928675802980116,-0.9637737905227581,-0.7131919258621308,-0.15061084693724366,-0.5193826372960905
-0.3862416408542597,-0.896712664106446,-0.2665031204950861,-0.6085831276190021,-0.19783533840563533,-0.7462201058552537,-0.13510391056562104,0.4872741406659699,1.3082797372066297,0.20054068438731343,-0.5198091712991151
0.7905329269171313,2.0143396829027655,1.6406384573008659,0.8939679522265447,0.3862860799020102,-0.7462201058552537,0.7699138262672612,-0.2422741258469049,0.13103426394602208,0.7466177807361342,-0.2749753556197083
0.23675665973059432,0.6162668764011091,0.7711002508049971,0.6420952278593721,-0.6280456601604701,1.8952669945173257,1.3517109428026857,-1.1724625381541005,0.3568523044588962,0.2020303241136572,-0.4710831580257656
-1.2861280750323822,-0.8886579987764879,-0.38048619554218066,-0.7996589874837537,-0.29959156110384577,0.5745234443310361,-0.28286190841588754,0.6902138869851541,0.859136708342267,0.31276021043853736,-0.49833186506950067
-0.3170196074559426,-0.8079493053090872,-0.508781351208157,-0.7822884547687763,-0.2810234630384371,1.8952669945173257,0.0034192124190038113,0.6953879881660966,0.1665930605636799,-0.04363609408918827,-0.5190968155414865
-0.8015738412441624,1.5353099010010167,-0.7241022429440619,0.08623818098009471,0.7273761153748217,1.8952669945173257,0.11423771080670364,0.9236233402587769,-1.4517914319905256,-1.055101468276547,-0.16809011185663422
1.4135312275019853,-0.17456430577459214,0.7643454125552333,0.00807078376269632,-0.14685743175996843,-0.7462201058552537,0.2250562091944036,-0.2572215292585161,1.5414457209320083,0.8629958843567341,-0.44819268308252225
1.0674210605103998,-0.18500808743431713,-0.810667563985934,0.21651717634242534,-0.046234965936097425,-0.7462201058552537,-0.07969466137177114,-0.2853916356880912,-1.2341086143200677,-1.1853828760096878,-0.39766049618296323
1.0674210605103998,1.728632850557889,1.6596215226398676,1.0503027466613415,-0.5459007564628591,-0.7462201058552537,1.813454686084769,-1.1741872385477479,0.30817218067605107,0.6288431398720868,-0.4217739584415798
-1.4245721418290165,-0.9131692585597491,-0.74265420660569,-0.877826384701152,-0.53798914996225,1.8952669945173257,-1.0678262719954283,0.1572814653480896,-0.4037910313070135,-0.5088692011228987,0.1717722916847612
0.4444227599255457,0.29321539821068476,1.343571098812208,0.24257297541489148,0.6535234806492405,1.8952669945173257,-0.5876127789820623,0.6085780683525078,1.4789882036257165,1.2079405834881927,-0.048086199214453666
1.5519752942986196,-1.20123177424796,-0.7952987696453302,-1.0775875109233923,-0.25153755376568615,-0.7462201058552537,1.0007856979083027,2.1274642150247023,0.30239879672336867,-0.3385537257442713,-0.6126616662255701
-0.3862416408542597,1.5328609957539066,0.437508587647249,0.42496356892215437,-0.9753271192900653,0.5745234443310361,-0.8092497757574622,-1.5317751201639875,-0.530674264994375,0.04636297271074242,0.8712341902374041
0.9289769937137655,-0.18939000498460284,0.6742778626553504,-0.13957874431461176,-0.09853181660436257,-0.7462201058552537,0.8345579503267528,-0.036459878871641566,1.4162682597761214,0.9744085222228555,-0.5081811728017129
-0.3862416408542597,-0.4211045165315269,-0.5968644524076002,-0.9820495809910166,-0.5492156064166903,-0.7462201058552537,-0.2551572838189627,0.4154116242639924,-0.6693666931304051,0.1319551886535731,-0.4031829022762461
-1.4245721418290165,1.2889114753909252,-0.7141225452745249,0.7028920923617931,-0.47406666165329797,-0.7462201058552537,-0.9293031490108037,-1.024138304300419,-1.4175447680893867,-1.1680037458690116,1.3027173068743552
0.8597549603154484,-0.46278007632032025,0.2067065988672359,-0.5130451976866263,0.09610810675548452,1.8952669945173257,0.012654087284645435,0.9466193455074097,1.159615100425057,0.9396812961024683,-0.4624535396656042
-1.0092399414391138,-0.3307656587530674,0.48393285767201943,0.00807078376269632,-0.1965596047176306,0.5745234443310361,-1.0124170228015785,-0.33195854631657257,1.3999978140912885,0.5057926916439058,0.5137217436919868
1.1366430939087169,-0.8411145838141252,-0.9094917282833128,-0.48698939861416013,0.0817478722255104,0.5745234443310361,-0.31056653301281256,0.8552102246440942,-1.1021080630382831,-1.16223139192943,-0.4831712196166363
-1.3553501084306994,-0.2917644938425086,-0.9132486575883668,-0.06141134709721336,1.3828830640662464,-0.7462201058552537,-0.9108333992795203,2.193577730114521,-1.3885466350543225,-1.2633096541940416,0.17410668589976788
-1.2861280750323822,-0.17425047496763807,0.6924951329929613,0.2512582417723802,0.22455185515275866,-0.7462201058552537,-0.7723102762948955,0.04057673871127835,1.4140376341580396,0.47392060833234406,-0.019208308169475333
-1.770682308820602,1.767488325739247,0.22434763387120438,2.7265591536566625,0.45806461856709374,-0.7462201058552537,-1.1417052709205617,-0.8062511545696236,-0.7735500308219924,-0.8817756792842666,6.864373872608254
1.4827532609003025,-0.9013522840923021,-0.8000910464964972,-1.2339223053581891,-0.29959156110384577,-0.7462201058552537,2.589184174798668,3.3778720004191096,-0.6397124937370816,0.11603466407827494,-0.6105009636922074
-1.147684008235748,-1.051767778126707,-0.6048152753652182,-0.9212527164885956,-0.9969775545564915,-0.7462201058552537,-0.6153174035789872,-1.3311349743696665,0.6153424496130864,-0.035660314721056324,-0.4734279957279598
-1.0092399414391138,-0.9474458788181844,-0.928426719727195,-0.24380194060447627,0.11899106537532153,1.8952669945173257,-0.31056653301281256,0.4729016373855744,-1.0660244133340182,-1.2529752785925325,-0.5071208840235759
-1.0092399414391138,-0.2707026885353718,-0.8386301554691787,-0.28722827239191984,-0.5637836620797104,-0.7462201058552537,-0.8923636495482369,-0.7039189312132077,-1.2530033254379376,-1.1046630233384398,0.14255801042090277
-0.04013147386267415,-0.5970723296201621,-0.7475057615660154,-0.49567466497164886,-0.4501034446686184,0.5745234443310361,2.1459101812478685,-0.27734303385106984,-0.8549022592461539,-0.8603931423790417,-0.5870240044948052
1.6904193610952538,-0.9800657359752112,-0.44469767647965713,-0.8691411183436634,-0.496404347003262,0.5745234443310361,-0.7261359019666872,0.27111169132882174,0.9966482170334302,0.30475339690944003,-0.4062527378521379
-0.9400179080407967,-0.6898212908585584,-0.20103090491513625,-0.25248720696196497,-0.8149817981527542,-0.7462201058552537,-0.7630754014292538,-1.1759119389413955,0.7705677499772526,-0.14766260164552178,-0.25920843825275103
-0.04013147386267415,-0.42009347373742856,-0.5791782097028012,-0.582527328546536,0.050661122937811706,0.5745234443310361,1.0284903225052278,1.0161822613845237,-0.6323645505245769,-0.46858686018968837,-0.541266140211575
1.205865127307034,-0.3897207037269281,0.13387360550852123,0.08623818098009471,-0.4261340547789968,-0.7462201058552537,0.6406255781482783,-0.7205910350184666,0.82712067005921,-0.012353659835970846,-0.5160758994582095
0.652088860120497,0.3051968532099258,-0.040912654621782195,0.7636889568642141,-0.5564440781037228,0.5745234443310361,-0.5506732795194956,-1.1247458272631874,-0.3589160924020728,-0.5915442059349729,-0.07679864343609376
-1.2169060416340651,0.8414826986873907,-0.7205185881119324,1.4150839336758674,2.3370701336442528,-0.7462201058552537,-0.7169010271010455,1.0736722745061056,-1.362172767452296,-1.2534718251679804,0.3220919986604667
-1.6322382420239678,-0.2864303462698788,-0.6180754626800462,0.20783190998493664,0.019094944699620992,0.5745234443310361,-1.0955308965923534,-0.1916829142999126,-0.823673500593008,-0.9653817089253057,1.2765662652997436
0.9289769937137655,1.4774722986904865,-0.46531968382571853,2.3096663684972043,-0.29959156110384577,0.5745234443310361,0.9546113235800945,-1.1828107405159851,-1.2372577328397127,-1.1781829506656936,-0.3573689729565358
-0.3170196074559426,3.066306892759137,3.9912266718361837,2.7265591536566625,1.0032987933753867,-0.7462201058552537,-0.0519900367748461,-0.5015540850252393,0.9507235719552749,0.9128367468673166,0.16862110684025133
-0.5939077410492111,-0.20779742639808538,0.13547424473735548,-0.6780652584789117,-0.523314097280236,3.2160105447036154,0.2250562091944036,-0.19513231508720777,0.4850476708627763,1.2140853473593605,-0.4529301786650847
0.4444227599255457,-0.6229331106806051,-0.7798747359238843,-0.5217304640441149,0.11542929922381207,1.8952669945173257,1.0100205727739444,1.0104332600723656,-0.9146042978477562,-0.9060443931592825,-0.5591992566840989
0.652088860120497,-0.06742988698695142,0.6451362230668678,-0.5651567958315585,-0.2833918009011682,-0.7462201058552537,1.0284903225052278,0.20039897518927607,1.1110661899138639,1.9244262576985374,-0.5088446090667266
-0.9400179080407967,-0.8328717664218329,-0.2665031204950861,-1.09495804363837,-0.9271434809481246,-0.7462201058552537,-1.1232355211892786,-0.8919112741207806,1.042441648839934,1.8000103063878745,0.731738882902887
0.30597869312891146,-0.6159783173933703,-0.6426353604160427,-0.48698939861416013,-0.42120807663531457,-0.7462201058552537,0.9176718241175279,-0.22560202204164603,-0.5661018483403808,-0.6732571517571169,-0.5547701188021766
-0.04013147386267415,0.12151675785677324,1.1061048174656511,0.7028920923617931,-0.5117069783543751,-0.7462201058552537,-0.9108333992795203,-1.0638064133543106,1.4617992650393214,0.4559518291333237,0.4400654775305175
1.5519752942986196,1.2958572393314591,2.0332685115491653,0.5986688960719286,-0.2922128820632257,-0.7462201058552537,0.0495935867472121,-0.7947531519453072,0.9400952969514729,1.4147211980012746,-0.18278684661548739
-1.770682308820602,0.9793996245966327,-0.8786423580248353,2.3617779666421366,1.0435852286615828,0.5745234443310361,-1.1417052709205617,-0.36932705484560086,-1.5357679258477246,-1.3975324003698004,5.089316341645096
-0.6631297744475282,-1.109901884659982,-1.037596412310631,-0.9386232492035731,-1.0582189444856533,-0.7462201058552537,-0.8277195254887454,-1.5421233225258721,-1.4095407585186224,-1.3194814855415846,-0.4125963318326871
-1.147684008235748,0.34721943275570866,-0.12802698215155164,1.4411397327483335,3.308551625234643,-0.7462201058552537,-0.8000149008918204,1.8210424450866707,-0.5012824921443554,-0.8547449250833219,0.270747968046388
1.5519752942986196,-0.7548440568153942,-0.8917261441093327,-0.6954357911938892,-0.22190349477432805,-0.7462201058552537,-0.1443387854312627,0.6275497726826297,-1.1171975892782486,-1.042842974695177,-0.4916540794989529
-0.3170196074559426,0.35204012774837656,0.9881247042010218,0.45970463435210923,1.3022237728246664,0.5745234443310361,-0.19051315975947097,1.1282877869716084,0.9248745574398556,0.5690403116915814,-0.26416359809458895
1.3443091941036682,1.630645892087407,1.8007808096825588,0.9634500830864544,0.3841173326324024,-0.7462201058552537,0.4836327054323701,-0.2825171350320121,0.4797991399967014,0.8142101833189788,-0.25947886960518407
-0.1785755406593084,-0.08439358907388622,-0.6228360811124758,-0.24380194060447627,-0.22096932849311182,1.8952669945173257,0.031123837015928687,-0.12844389986617274,-0.9579046774928744,-0.7922421248988184,-0.4029350068698491
-0.6631297744475282,0.15625655919732273,0.9186992250072236,-0.6433241930489569,-0.29959156110384577,-0.7462201058552537,0.0495935867472121,0.3102049002514976,1.1296984744884297,2.782489774233462,-0.3674480374068721
1.205865127307034,-0.8468762831548604,-0.134952489243068,-0.5391009967590924,-0.15785549073155627,0.5745234443310361,2.552244675336101,0.4378327293814095,1.5455133323532162,0.342677141609273,-0.6071552001916786
1.5519752942986196,-0.811269176458234,-0.4203575637330014,-0.6606947257639343,0.004189436899773825,1.8952669945173257,0.8068533257298282,1.1179395846097238,0.46247898813865423,-0.039167174910157164,-0.569680120562542
-0.04013147386267415,-0.9273121439300571,-0.6209373576775882,-1.0081053800634827,-0.7348204545764921,0.5745234443310361,-0.015050537312279602,-0.23595022440353092,0.09337605498193449,0.12056565157923715,-0.5375301200845675
-1.770682308820602,-0.09049498707969164,-0.6501051838593472,0.23388770905740278,0.36617475560111223,0.5745234443310361,-1.1417052709205617,0.24236668476803072,-0.9998929244214739,-1.0088916025989274,2.6795311422893544
-0.2477975740576255,2.7045697887198887,1.9212425260752068,-0.24380194060447627,0.21110521055419418,-0.7462201058552537,0.8714974497893196,0.6355983745196513,-0.011594562339564239,3.043331897148434,-0.22472459321699018
-1.701460275422285,0.03423518806394383,-0.40811878383751754,0.1557203118400044,0.06066534421374438,0.5745234443310361,-1.104765771457995,-0.09107539133714446,-0.6870804848034079,-0.7041051077568173,1.929839917965589
1.0674210605103998,0.8253716597726933,0.3660567090911446,1.5801039944681528,3.998744126794928,0.5745234443310361,-0.3567409073410209,2.1930028299833055,-0.24344841334842418,-0.563551392744098,-0.07945513678225044
-0.524685707650894,1.819064930240125,0.1428836175374743,2.7265591536566625,2.895329137880076,0.5745234443310361,0.07729821134413697,0.5556872562806525,-0.847554316033649,-0.9205683804911333,-0.10959888840579261
0.30597869312891146,-0.45026491372013955,0.1694692632279835,-0.24380194060447627,0.03713834584496311,0.5745234443310361,0.6313907032826365,0.32802680431918796,1.0450659142729717,0.4022627306630202,-0.5221798428906678
-0.7323518078458453,0.19644642539922935,0.3689494808180724,0.8765974195115673,2.2097210470566857,-0.7462201058552537,-0.31056653301281256,1.542790781578214,0.29806875875885674,-0.2931197140907891,-0.2494751081940416
-0.04013147386267415,-0.24240276368371108,-0.6160261337634286,-0.8430853192711972,-0.8270230780595329,0.5745234443310361,1.619522313906294,-0.8326965606055512,-0.850703434553294,-0.21506879926257333,-0.5501579450658636
1.205865127307034,0.8329768100587871,2.133325009109245,1.519307129965732,-0.520661805790175,-0.7462201058552537,-0.28286190841588754,-1.2299525512756826,1.5615213514947446,0.6210225313087826,-0.1218523968200013
1.5519752942986196,2.8882306051976534,-0.6503340885577895,2.7265591536566625,0.3686953584524116,-0.7462201058552537,-0.34750603247537926,-0.8562674659853998,-1.5017836884898892,-1.2984713585679455,0.3986246210562496
1.6904193610952538,-0.4432649736994003,-0.31248951420143617,-0.07009661345470207,-0.19927362525711143,0.5745234443310361,0.6498604530139197,-0.2681446317516166,-0.02615923549292203,-0.45794214297852415,-0.5226283631825079
-0.4554636742525769,-0.83549857420259,-0.5406916041982313,-0.7736031884112876,-0.29959156110384577,-0.7462201058552537,-0.8369544003543872,0.6172015703207451,0.1315591170326295,-0.13714202107821952,-0.26341771324651636
0.30597869312891146,-1.0099211488233923,-0.8314297542890381,-0.24380194060447627,-0.860523433179537,0.5745234443310361,1.0192554476395859,-1.2592724579676893,-0.5615093838325651,-1.1067423121231277,-0.5952809552595406
0.3752007265272286,0.1204122491225011,-0.2238932339427078,0.6073541624294173,0.29001345442723875,-0.7462201058552537,1.3332411930714025,-0.16236300760790584,-0.47307163873920255,-0.6970293190566849,-0.5099933926573468
-0.04013147386267415,-0.10918060998611949,0.9173239728747496,0.1730908445549818,0.3488371232541338,-0.7462201058552537,-0.20898290949075438,0.2843343943467857,1.651796082391234,0.8207273571217323,-0.3508593824954281
-1.4937941752273336,0.42702006678868026,0.6611039217323089,1.3716576018884237,-0.4392226708909277,0.5745234443310361,-0.8369544003543872,-1.1414179310684462,0.4212780208399659,-0.29296454328596155,0.39789467626756847
0.4444227599255457,-0.35102409624022535,-0.46832475825615083,-0.5912125949040247,-0.49084461728553885,0.5745234443310361,1.4994689406529527,-0.24342392610933639,-0.4718907192943356,-0.23595478959235044,-0.5541819855763567
0.0983125929339601,-0.25679066159692887,0.046848911691061444,-0.877826384701152,-0.6322658695057884,0.5745234443310361,0.14194233540362866,-0.15258970537723704,0.4023833097220962,1.7036802707509833,-0.44863021022995464
-1.3553501084306994,2.320585838628116,0.7293830534920761,-0.24380194060447627,1.8515649870543416,-0.7462201058552537,-1.0401216473985035,3.5365444366346757,-0.5932629955723185,1.2464229430854046,3.5232110030141266
0.8597549603154484,-0.7388455186798617,-0.12467014751292695,-0.31328407146438597,-0.07601511701108185,0.5745234443310361,-0.4860291554600041,0.22396988056912462,1.1462313467165657,0.037332031869783955,-0.4163675300217997
0.4444227599255457,-1.1031223095060232,-0.9868771501438307,-1.3120897025755875,-0.9735637261116461,-0.7462201058552537,1.0654298219677942,-0.703344031081992,-1.1459332957700088,-0.7362564985170684,-0.6047444036230373
-0.6631297744475282,1.2568421643462533,-0.7322943473481881,-0.07878187981219077,-0.29959156110384577,0.5745234443310361,-0.9662426484733703,-0.4181935659989455,-1.4294851758097071,-1.0169604844499556,1.5466991538621535
-0.6631297744475282,1.3804890619221832,2.201196359590626,2.4312600975020464,1.5736854981871764,-0.7462201058552537,0.07729821134413697,-0.07440328753188562,1.00294645407272,0.17481336494691932,-0.17916460553310118
-0.1785755406593084,0.3812749560381718,-0.38996209442465074,1.2326933401686044,1.2579023153414102,-0.7462201058552537,0.9730810733113777,0.3303264048440513,-0.8535901265296352,-0.996788279822385,-0.46309663861346345
-1.147684008235748,0.16930347710726484,0.6085248903166396,0.10360871369507213,0.5553886955169786,-0.7462201058552537,-0.7907800260261789,0.6545700788497734,0.6691398909903546,0.5435302313779458,0.16814840163071382
1.3443091941036682,-0.6923992913598513,-0.09303465832991849,-0.38276620232429565,0.07526837967143557,0.5745234443310361,1.9427429342037519,0.6286995729450615,1.0812807772488888,0.17773057607767578,-0.5894474431795155
0.3752007265272286,-0.25679066159692887,-0.9159249013649183,-0.48698939861416013,-0.5934115481661264,-0.7462201058552537,1.5456433149811608,-0.5958377065446337,-1.4032425214793325,-1.1740243730963174,-0.5486678243413796
-0.6631297744475282,2.5712429434078463,0.2514037262697815,2.7265591536566625,0.6464164094260667,-0.7462201058552537,-0.33827115760973764,-0.7010444305571286,-0.9472764024890727,-0.8688654683226215,0.3142428935532627
-0.6631297744475282,-0.8235852053582016,-0.20756973634075798,-0.8691411183436634,0.157849501984945,1.8952669945173257,-0.4121501565348708,2.3965174764337056,1.202259413711916,0.9615603795831411,-0.4585196429392555
0.23675665973059432,1.0019600574197143,0.8129873352703192,1.779865120690393,0.2880319519408703,-0.7462201058552537,-0.12586903569997943,-0.6860970271455173,0.08051715436005087,-0.34711915417074746,-0.16449260534916563
0.4444227599255457,-1.20123177424796,-0.9219684023047816,-1.0862727772808811,-0.72239028165837,0.5745234443310361,1.2963016936088356,0.03310303700547257,-0.5481256301240741,-0.8139350034136982,-0.6166400851867705
1.4827532609003025,0.37273148580438104,0.7405132676055193,-0.0961524125271682,0.6102637628160013,0.5745234443310361,0.5759814540887866,1.0483766687326097,0.5826703449717701,0.9934945312166334,-0.4237917500976405
-1.147684008235748,0.5930521819968115,0.8763478170670872,1.7972356534053706,0.966561778430816,1.8952669945173257,-0.6707266527728373,-0.20835501810517143,0.49921870420117853,-0.31465742180084144,0.15095017686185463
1.4827532609003025,-0.31070415863854706,-0.5274135683098765,-0.9212527164885956,-0.9458926508918306,0.5745234443310361,2.441426176948401,-1.1529159336927626,-0.6284281523750206,0.19479936460869704,-0.575618617171662
-0.5939077410492111,-0.992573333447075,-0.7844859214086116,-1.1818107072132569,-0.6508833508107327,0.5745234443310361,-0.07969466137177114,0.808643314015613,-0.39670551463781223,-0.0051227003310109365,-0.5431745500807775
-1.701460275422285,-0.2913427989479389,-0.38004792837908447,-0.08746714616967949,-0.38477970693784186,-0.7462201058552537,-1.1140006463236367,-0.5463962952600732,-0.3616715711067621,-0.5373895950501871,1.563946847780848
1.4135312275019853,0.7553829971667839,1.148789225069543,0.737633157791748,-0.1421639663690999,0.5745234443310361,2.700002673186368,-0.6918460284576755,0.6303007625814001,0.46439312091593776,-0.5239261038798545
-0.04013147386267415,-0.8548194238512429,-0.6824120139137688,-0.7475473893388215,-0.5665882185583397,-0.7462201058552537,0.8068533257298282,-0.1974319156120708,-0.30629957046967154,-0.5160070581449622,-0.574118602617211
-1.701460275422285,-0.7252270675273952,-0.4728427924264863,-0.7041210575513779,-0.5916769618774363,3.2160105447036154,-1.1232355211892786,-0.3342581468414359,0.08314141979308834,-0.0880459784308091,0.933784632260844
1.6211973276969367,0.8000226230374312,1.5438601043180227,1.0155616812313866,-0.37221373011099684,0.5745234443310361,0.5575117043575031,-1.0074662004951604,0.9955985108602153,0.5661231005608249,-0.3718843208326595
-1.147684008235748,-0.5042977445600473,-1.0176044465819096,-0.24380194060447627,-0.7664298431492766,3.2160105447036154,-0.7723102762948955,-1.0931263200463175,-1.5575493289419353,-1.3874152638950494,-0.1678850897134279
1.4135312275019853,-0.2616142850263645,-0.7703811187494459,-0.0092997489522811,0.39677590303337695,-0.7462201058552537,-0.32903628274409585,0.5786832615292853,-1.1279570775537022,-1.087439064002591,-0.3466451605866792
-0.04013147386267415,-0.688083751709637,0.10135871580503167,-0.6433241930489569,-0.2631446726915472,0.5745234443310361,-0.2736270335502459,0.40103912098359695,1.6108575416358495,1.0441112477513532,-0.45631991474324496
-0.9400179080407967,1.1108361639750308,1.4462815620023206,1.3716576018884237,0.5435716978230911,-0.7462201058552537,-0.6153174035789872,-0.34345654894088895,0.5873940227512375,0.2507229226685161,0.2535805240818708
1.0674210605103998,-0.4291350222581504,-0.07898340139133335,-0.24380194060447627,0.3821399454159954,0.5745234443310361,1.9519778090693938,0.9379958435391724,0.45670560418597156,0.02768040780951542,-0.5724262080356227
0.652088860120497,1.1258844243793977,1.1467946144075332,0.8679121531540785,-0.46227847084913953,-0.7462201058552537,-0.28286190841588754,-1.0557578115172892,0.3009554507351979,0.35900111027712245,-0.057800840927669725
0.5136447933238628,-0.423470693439946,-0.5739745036896076,-0.5043599313291376,0.16377343309424366,-0.7462201058552537,0.8437928251923946,1.0736722745061056,-0.6179310906428708,-0.5323310268128116,-0.5322297755083232
0.9981990271120826,-0.6664411397768776,-0.5924182033760477,-0.5304157304016037,0.6616429082828956,1.8952669945173257,-0.8461892752200286,2.252792443629751,-0.362721277279977,-0.5439378030139062,-0.16362964351314957
0.02909055953564297,0.04059453254171676,0.6436979146600366,0.5812983633569512,-0.3342483070829766,-0.7462201058552537,0.5205722048949366,-0.8338463608679829,0.9166081213257876,0.12953452409826477,-0.45612478643000565
0.0983125929339601,0.7972740410944111,0.9455867330689852,1.9275146487677013,-0.15352211146230194,0.5745234443310361,0.6313907032826365,-1.0293124054813614,0.37692793502163263,-0.31828841863380425,-0.38307589149707005
0.23675665973059432,-0.5307364038093451,-1.0516979579308317,-0.11352294524214562,-0.4786654758350564,-0.7462201058552537,-0.8092497757574622,-0.6786233254397117,-1.6333905999567182,-1.4452629399347292,-0.13919188349450143
0.652088860120497,-1.1904321875209418,-0.840443283920073,-1.1904959735707457,-0.7847571979219489,0.5745234443310361,-0.07045978650612951,0.095767151307997,-0.05082733056347441,-0.24638226767675617,-0.5793650807858569
0.7905329269171313,-0.17903163606394001,-0.6765869951476605,-0.07878187981219077,-0.48047413698304997,3.2160105447036154,0.8622625749236779,-0.7039189312132077,-0.9989744315199108,-0.9419819515573237,-0.5089847716579268
-1.4245721418290165,3.075242285447024,-0.2665031204950861,2.7265591536566625,3.193147109709765,-0.7462201058552537,-1.0031821479359369,0.7218333942020242,-1.3086377526183317,-1.115618082159259,3.535922925550142
1.205865127307034,-0.44396853063287517,0.144023581175135,-0.43487780046922786,-0.05120621204935395,0.5745234443310361,1.1023693214303611,0.47060203686071106,0.9736858944943523,0.6675737727570227,-0.5467264350389536
-0.524685707650894,-0.41523983383112245,-0.7600684214161536,-0.01798501530976981,-0.7375406480209148,-0.7462201058552537,-0.024285412177921226,-1.1310697287065614,-1.0229864602322036,-1.0717668127150168,-0.4486532958332111
0.4444227599255457,0.31082091602257256,0.5718412513013936,-0.4435630668267166,-0.09313258241513032,-0.7462201058552537,0.4836327054323701,0.39931442058994965,0.43886059924131704,1.438586467783739,-0.4193026995786953
-0.04013147386267415,1.2413004623465047,2.5371540661339234,-0.24380194060447627,2.200379384244523,-0.7462201058552537,-0.9754775233390118,4.15341227742925,1.4333259850908648,3.97190502739696,1.6125337977774385
-0.9400179080407967,-0.5856602115358697,-0.5892009002866727,-0.9473085155610618,0.055871054708823906,-0.7462201058552537,-0.6522569030415539,2.502299100577417,-0.4688728140463426,0.07022824249320686,-0.2957831793548847
-0.3170196074559426,-1.1051207235636802,-0.4972993768865212,-0.9733643146335279,-0.29959156110384577,0.5745234443310361,-0.4767942805943624,1.329502832897145,1.4602247057794986,0.4302245096929296,-0.5197844367241975
0.8597549603154484,-0.950305497321985,-0.8426834753200245,-1.2860339035031214,-0.9363925501861577,0.5745234443310361,-0.23668753408767926,-0.5067281862061817,-0.7213271487045468,0.10628993753511014,-0.5180585130521651
-0.10935350726099127,-0.25679066159692887,0.8681277021278639,-0.33933987053685205,-0.5520633732299135,0.5745234443310361,0.17888183486619533,-0.6418297170418992,1.9426959056434367,1.677766746344796,-0.45380908056049224
-1.770682308820602,-0.25679066159692887,-0.6749802326855725,-1.09495804363837,-1.0126937705387156,-0.7462201058552537,-1.1417052709205617,-1.2903170650533433,-0.9513440139102808,0.17828919097505475,2.3049738253395677
-1.4245721418290165,0.7284894540728809,1.2054671748815649,-0.16563454338707786,-0.11305254666282773,-0.7462201058552537,-0.28286190841588754,-0.031285777690699124,0.7188697209464144,1.7767967539856855,-0.1447010978144949
1.5519752942986196,0.32309863120816057,-0.6262954473377106,-0.4088220013967617,-0.5071102218075972,0.5745234443310361,0.9361415738488111,-0.4923556829257862,-1.1332056084197772,-0.6996361885777862,-0.46554701050197295
1.5519752942986196,-1.1216239289688712,-0.5676576720398228,-1.121013842710836,-0.8664432490188744,-0.7462201058552537,-0.2920967832815293,-0.553295096834663,1.1911062856215067,0.7158318930583648,-0.5483204409780916
-0.04013147386267415,4.2200577793555,3.7961127104006738,2.7265591536566625,1.573308950985717,0.5745234443310361,-0.024285412177921226,-0.1830594123316753,0.32929751741200264,0.819889434775664,0.34831999224593296
1.5519752942986196,-0.5414149484832923,-0.2665031204950861,-1.060216978208415,-0.5048756302186086,0.5745234443310361,3.1155720421402426,0.9029269355350071,0.2489949951610563,1.5929193502651373,-0.5976730634826884
0.0983125929339601,-0.657986254755314,-0.1398444314865561,-0.7041210575513779,-0.6304839576125434,-0.7462201058552537,0.2527608337913285,-0.4377401704602833,0.8475899404369023,0.6674186019521953,-0.5195217005728499
0.7905329269171313,-0.25679066159692887,-0.3233047075062094,-0.3914514686817843,-0.4904948193388279,0.5745234443310361,-1.0031821479359369,-0.47625847925174325,-0.29186611058796563,-0.19927241133113738,0.53395077837409
1.5519752942986196,-0.20557742729166142,-0.7430315019993662,-0.07009661345470207,-0.8698506925468349,0.5745234443310361,0.0034192124190038113,-1.320786772007782,-1.1042074753847133,-1.034091341302908,-0.4178461079446553
1.205865127307034,-0.1983144160346108,-0.39050302345591553,-0.2003756088170327,0.7827470727041819,-0.7462201058552537,-0.5599081543851373,1.5445154819718614,-0.47477741127067696,-0.47482472654375263,-0.2243453297349194
1.275087160705351,-0.667132250854089,-1.0101570315666826,-0.912567450131107,-0.7304911905771991,0.5745234443310361,2.59841904966431,-0.4164688656052981,-1.5023085415764967,-1.2459615582143309,-0.5978764366542337
-0.8707958746424795,-0.25679066159692887,-0.5353935743366186,-0.7128063239088666,-0.3295301500723403,1.8952669945173257,-0.6060825287133457,0.38264231678469085,-0.6895735369647935,-0.2176136004617439,-0.21265686894327404
1.4827532609003025,-0.25679066159692887,0.4009449379474645,0.1730908445549818,-0.19404929004123453,0.5745234443310361,0.6590953278795615,-0.4521126737406788,1.0664536775522266,0.22363010014564041,-0.502745612549252
-0.04013147386267415,-0.009170101709056631,0.21006434547677083,0.05149711555013987,-0.15519496870157248,-0.7462201058552537,0.7606789514016198,-0.3066629405430766,0.3177507495066379,0.1134277945571735,-0.48425734228413175
0.3752007265272286,-0.5391263751492213,-0.6033858261043711,-0.48698939861416013,0.1237503750855709,-0.7462201058552537,0.8714974497893196,0.9454695452449778,-0.5608533174743059,-0.6013199666391035,-0.5451615609324962
1.1366430939087169,-0.25679066159692887,-0.9816256307986347,-1.0341611791359488,-0.43799837807743947,-0.7462201058552537,2.349077428291985,1.0661985728003,-1.5264517835604414,-1.0886493962802453,-0.5706563117859591
-0.04013147386267415,-0.7138984098909864,-0.47352742201687564,-0.2785430060344311,0.24772905557482885,-0.7462201058552537,-0.4398547811317958,0.7620764033871316,0.0567675521910618,-0.5425722999314244,-0.4232272521322974
-1.2169060416340651,1.168934641194297,0.25049214620432875,1.3803428682459125,2.709814825659423,0.5745234443310361,-0.8923636495482369,1.407114350611281,-0.5364476489470573,-0.580030532216775,1.0189303833001764
1.4135312275019853,-0.5241742650853987,-0.16030371716593889,-0.8170295201987311,-0.8821471191912146,-0.7462201058552537,-0.5044989051912874,-1.027587705087714,0.46615295974490656,0.922550439249516,-0.34933078576551674
-0.8707958746424795,-0.9783577252303655,-0.6107588503496433,-0.999420113705994,-0.6805421014218586,-0.7462201058552537,-0.8923636495482369,-0.04278378031501552,0.295706919869123,0.1317069153658492,-0.2882237436028274
-1.770682308820602,0.532261739278704,-0.7727875494181581,-0.47830413225667145,-0.4283213207634305,-0.7462201058552537,-1.1417052709205617,-0.2520474280775737,-1.3662403788735042,-0.9163167004388607,4.082201952666056
0.5136447933238628,-0.9158026553232338,-0.9389109978731502,-0.7562326556963102,-0.4412864787765222,-0.7462201058552537,1.1854831952211358,0.17107906849726934,-1.1388477791008078,-1.123097314951943,-0.5907242969024872
-0.2477975740576255,-1.0568225040244053,-0.6969795766690454,-0.8170295201987311,-0.29959156110384577,0.5745234443310361,-0.08892953623741276,0.7419548987945779,0.19506634051213617,-0.46700411798044816,-0.5540093932091534
0.7905329269171313,-0.559503414325477,-0.8188538057199236,-0.5477862631165811,0.4884641177712544,-0.7462201058552537,1.8226895609504106,1.922799768311871,-1.0622192284561138,-0.966716177846822,-0.5781541859293324
1.205865127307034,0.7931493379069015,1.78109722040302,-0.035355548024747226,-0.5992819807659282,-0.7462201058552537,2.192084555576077,-0.913182578975766,1.2505458976798054,2.2590365812284863,-0.5034277371597591
-0.4554636742525769,0.15183803618743913,-0.44840158119036494,-0.5130451976866263,-0.49239195879098957,-0.7462201058552537,0.09576796107542039,-0.3480557499906156,-0.8173752635537181,-0.289085273165275,-0.3778365588722893
-1.2169060416340651,0.9192309866188975,-0.889787684799075,0.7463184241492367,-0.2841942785436228,-0.7462201058552537,-0.513733780056929,-0.8413200625737886,-1.5416725230720587,-1.3282020847728884,0.07128505796705518
-0.04013147386267415,-0.7858444884398028,-1.0180804953969969,-0.3740809359668069,-0.07867769667604617,1.8952669945173257,-1.104765771457995,0.31192960064514486,-1.489580854226265,-1.3750015995088525,0.6104735069399058
-1.3553501084306994,0.23602400428025877,-0.24677810167991532,1.1632112093086948,-0.9914980726030137,-0.7462201058552537,-0.8923636495482369,-1.584091032104627,-0.5861774789031173,-0.8772757259442701,0.45102564250514293
-0.04013147386267415,0.04278988397201147,0.5347967323688542,0.8592268867965899,-0.07320438762751032,0.5745234443310361,-0.19974803462511276,-0.6722994239963376,0.7466869345366117,-0.14592468863145405,-0.3229395439855938
1.0674210605103998,-0.5617246336138875,0.1891317468950313,-0.23511667424698757,-0.433210261477461,1.8952669945173257,-0.6707266527728373,-0.5113273872559082,1.4030157193392823,0.4196728949646619,-0.27543871665649916
-0.2477975740576255,0.7502301686373632,-0.24666710179199694,0.8244858213666351,-0.24390990089240722,-0.7462201058552537,0.5113373300292948,-0.8280973595558248,-0.844405197514004,-0.7889525038364762,-0.37054700481544467
1.1366430939087169,0.2786137244134144,-0.06094631044925198,0.7897447559366803,1.0134285303851391,0.5745234443310361,1.7118710625627105,0.4527801327930207,-0.36560796925631844,-0.6187611651017106,-0.5163979985893595
-0.10935350726099127,-0.8632804097827395,-0.2665031204950861,-0.9386232492035731,-0.10898665994105824,0.5745234443310361,-0.2643921586846043,1.8584109536156992,1.1630266454880058,1.0354216826810154,-0.49571439738599193
-0.8015738412441624,0.14534129921797467,-0.2665031204950861,0.19914664362744794,0.4040640461348483,-0.7462201058552537,-0.9015985244138787,0.32975150471283554,-0.5528493079035416,-0.5620307188567888,0.4247828081747261
-0.10935350726099127,0.24319525785191687,-0.7672983965100942,1.154525942951206,1.7602512618829431,-0.7462201058552537,-0.1443387854312627,0.8264652180833033,-1.2973534112562708,-1.2639924057352827,-0.30115058211201695
0.5136447933238628,0.41583661080867734,0.368846428105228,0.8244858213666351,-0.24712392673218647,0.5745234443310361,-1.0770611468610702,-0.8309718602119038,0.07133222534441988,-0.26714412136267107,1.9807409248600314
0.0983125929339601,1.5506719922123375,-0.7923772056939541,1.9535704478401674,0.6555461358352223,0.5745234443310361,0.7699138262672612,-0.4843070810887648,-1.507163432627616,-1.3343158144830907,-0.3231016928656096
-0.10935350726099127,-0.7430673483535051,-0.8022049950661753,-0.999420113705994,-1.0135456314207056,-0.7462201058552537,0.5482768294918616,-1.3529811793558677,-0.8593635104823175,-0.5106071141369664,-0.5505427051201383
1.5519752942986196,-0.25882275267741617,-0.20381228590946968,0.077552914622606,-0.1943229554936613,0.5745234443310361,0.9176718241175279,-0.3836995581259963,-0.06512957717352848,-0.417163255469866,-0.5202450494748863
-1.5630162086256507,-0.7839876154925917,-0.46292784469156856,-0.5998978612615133,-0.6738918251643895,-0.7462201058552537,-0.9939472730702953,-0.668275123077827,0.2517504738657456,-0.21404467195071195,0.031833960630607845
0.9289769937137655,0.244668261546143,0.486903798334101,-0.5998978612615133,-0.046716452521570154,-0.7462201058552537,1.240892444414986,0.8293397187393824,0.40356422916696294,1.7197870002920743,-0.49444853680742806
-0.04013147386267415,-0.6604351600024245,-0.524567697944041,-0.6867505248364004,-0.6097224206577592,-0.7462201058552537,-1.058591397129787,-0.40669556337462914,-0.18807641271133363,-0.22984105988214817,0.428296766784695
1.759641394493571,-0.473746095870311,-0.04368322224675263,-0.6520094594064456,-0.8283276186372667,-0.7462201058552537,-0.6799615276384788,-1.0028669994454336,0.62610193788854,0.7558969948648168,-0.23622397192482053
-0.6631297744475282,-0.2851196267798706,0.5449607784437956,-0.8257147865562198,-0.8621880598788848,0.5745234443310361,-0.31056653301281256,-0.9591745894730315,1.4048527051424082,2.795493087678004,-0.35794116612296434
-0.4554636742525769,-0.3739461910041358,-0.8453732683786694,0.2599435081298689,-0.03894476519964538,-0.7462201058552537,0.06806333647849534,-0.30781274080550824,-1.2238739791312216,-1.231251365916687,-0.4561049987700715
0.30597869312891146,-0.265429550062072,0.04108786117022075,0.24257297541489148,-0.03872665589169632,-0.7462201058552537,1.610287439040652,-0.2951649379187602,0.4057948547850448,-0.24188231433675964,-0.551528240516302
1.0674210605103998,1.026523785028399,-0.9998271370676564,1.7624945879754157,-0.7074930043984458,-0.7462201058552537,1.7765151866222024,-1.3960986891970542,-1.6545159366926698,-1.451221498840104,-0.4675230282092837
0.8597549603154484,0.7098780182312387,-0.46591715505341136,-0.05272608073972465,-0.17101200879784859,3.2160105447036154,-0.6984312773697622,-0.23997452532204153,-1.0649747071608031,-0.6726985368597381,0.23757725411014477
-0.04013147386267415,-0.5074104288078694,0.33413069203248114,-0.1743198097445666,0.16179193060787522,1.8952669945173257,0.8253230754611114,0.4412821301687043,1.5776605839079254,0.5462612375429091,-0.5396809287879631
1.275087160705351,-0.5591671321699695,-1.0189705790052823,-0.7128063239088666,-0.4557557679604709,0.5745234443310361,0.9084369492518861,0.04345123936735745,-1.5503325990010823,-1.325222805320201,-0.5488585553968558
1.6904193610952538,-0.6558665546081888,-0.5812517709893164,-0.38276620232429565,-0.31109991355063543,-0.7462201058552537,-0.8554241500856704,-0.13131840052225152,-0.34868145721322663,-0.6412609318016933,-0.1460373145172689
1.6904193610952538,-0.25381659002278495,-0.6476786898306124,-0.6433241930489569,-0.2838938638364475,0.5745234443310361,2.579949299933026,0.34929810917417314,-0.9021390370408283,-0.548965337090316,-0.5750991910983911
-0.7323518078458453,0.12783144367383648,0.5647307443966798,0.8158005550091464,1.316711580723441,1.8952669945173257,-1.0678262719954283,0.7321815965639091,0.6648098530258427,-0.09605279195990646,1.4743862499473235
1.3443091941036682,0.29932948610915094,-0.2665031204950861,0.7463184241492367,0.1792571363236541,0.5745234443310361,-0.28286190841588754,-0.36530275392709005,-0.6516529014574021,-0.782342227550826,-0.23854792265263977
-1.078461974837431,-0.6989780245588154,-0.8388842045084289,-0.24380194060447627,-0.5887263133151805,-0.7462201058552537,-0.9570077736077286,-0.7786559482712643,-1.0084217870788457,-1.1179766783926364,0.005182730985439417
-1.3553501084306994,-0.17320380285953077,-0.2945510463992074,-0.1048376788846569,0.33268880392597266,0.5745234443310361,-0.8923636495482369,0.6183513705831767,-0.3286058266504902,-0.4091254077798032,0.20190999707887894
0.02909055953564297,-1.100350056032463,-0.7400610824635189,-1.329460235290565,-1.051527515528571,1.8952669945173257,1.1116041962960026,-1.304689568333739,0.14966654852058806,1.092462470535592,-0.6053253913049921
0.02909055953564297,-0.4993333121293578,-0.2827765899785374,-0.31328407146438597,-0.5636766650607165,0.5745234443310361,-0.28286190841588754,-0.6843723267518699,0.13274003647749652,-0.2137653645020226,-0.4131960078601353
-0.3170196074559426,-0.35155926805954907,-0.648399407412731,-0.48698939861416013,-0.1751581432838636,-0.7462201058552537,-0.0519900367748461,0.30330609867690755,-0.8353514817700247,-0.6838087664853847,-0.43280502919763575
1.4827532609003025,-0.5468918573483547,-0.8726538359026967,-0.8604558519861747,-1.020638299199015,-0.7462201058552537,-0.8554241500856704,-1.434616997988514,-1.2003868035055363,-0.8878894089944689,-0.08617194801544617
0.7213108935188142,0.25799118462145443,0.6889957703292398,1.0589880130188303,-0.0047262954713936526,-0.7462201058552537,0.5205722048949366,-0.6849472268830856,0.6599549619747234,-0.12879383177850198,-0.43035355799468544
-0.04013147386267415,0.9224010194200897,-0.09756702347169886,1.3542870691734463,-0.3581353915733721,0.5745234443310361,-0.5876127789820623,-1.0724299153225478,-0.7597726372985457,-0.8142763791843187,0.15436409785771213
-0.8015738412441624,-0.40536734137752467,-0.07809618397733696,-0.24380194060447627,-0.7159169620092372,-0.7462201058552537,-0.28286190841588754,-1.0034418995766496,0.4134052245408535,0.029045910891997255,-0.3926476223329841
1.5519752942986196,-0.7380899819937576,-0.06563657684004331,-0.38276620232429565,0.08547630681045279,0.5745234443310361,0.5390419546262198,0.6488210775376152,1.3185143723954758,0.22369216846757153,-0.5494576817670835
-1.4245721418290165,0.11609695350868396,0.04827249828177219,0.8505416204391012,0.36403687285621417,1.8952669945173257,-0.8092497757574622,-0.23882472505960986,-0.07234630711438159,-0.5492136103780402,0.17752555381060894
1.205865127307034,-0.6929593548917017,-0.9092447144482266,-0.3306546041793634,-0.26602330402948005,0.5745234443310361,0.7606789514016198,-0.1088972954048348,-1.2112775050526416,-1.2044999191644319,-0.5555599762278804
-0.9400179080407967,-0.9347667237590042,-0.5639253659493424,-0.9386232492035731,-0.4581878925076022,0.5745234443310361,-0.30133165814717094,0.607428268090076,0.3366454606245076,0.12711385954295615,-0.5056758351911642
-0.524685707650894,-0.3874501890862588,-0.17354292914983402,-0.8865116510586408,-0.6552249606199095,-0.7462201058552537,0.2250562091944036,-0.2106546186300348,0.18168258680364513,1.1169794576983314,-0.47854035753482993
0.8597549603154484,-0.25679066159692887,-0.9854949930887517,0.2599435081298689,-0.8006832926721995,-0.7462201058552537,-0.4213850314005125,-1.2931915657094226,-1.5337997267729464,-1.3857704533638786,-0.3113098965165305
-0.524685707650894,1.0111551048343508,2.092019371239909,1.215322807453627,1.6127476406598844,0.5745234443310361,-0.28286190841588754,0.6465214770127519,1.2931902109666638,0.8199825372585603,-0.08288884543804212
-0.4554636742525769,0.1948550640523027,-0.16068778720066174,-0.23511667424698757,-0.5791644835600882,1.8952669945173257,0.3266398327164618,-0.7677328457781636,-0.4388249748380636,-0.104400981259624,-0.4118806781317362
0.1675346263322772,0.40171520064133337,-0.9835922309255477,-0.38276620232429565,-0.8636469230801676,0.5745234443310361,-0.9200682741451619,-1.219029448782582,-1.603867613835047,-1.3161918644792423,0.657650036508969
-1.4937941752273336,-0.9656692967880873,-0.2799394484771275,-0.24380194060447627,-0.4228871067795271,-0.7462201058552537,-1.1232355211892786,-0.4854568813511963,1.604034451509952,-0.27527507153563036,0.482483074885423
-1.2861280750323822,0.28960683200350773,-0.24170311384660853,0.23388770905740278,0.2216958577996129,0.5745234443310361,-0.8461892752200286,0.05322454159802626,-0.6129449863200995,-0.5521618556697621,0.3490752212667523
0.23675665973059432,-0.5661146043652846,-0.7209042215253582,-0.24380194060447627,0.6814394144317536,-0.7462201058552537,-1.0308867725328619,1.4674788643889418,-0.8172440502820661,-0.9400888677384286,0.37826751624179494
1.5519752942986196,-0.5626854049101381,-0.4008645763736791,-0.035355548024747226,-0.5007233228276516,0.5745234443310361,1.2963016936088356,-0.7619838444660054,-0.037443576854983056,-0.5967889791381413,-0.5641500192681737
0.7213108935188142,-0.5487916807014942,-0.568186745449256,-0.9646790482760392,-0.9102585282968899,-0.7462201058552537,1.240892444414986,-0.9856199955089591,-0.4645427760818308,0.1791891816430539,-0.56113350044266
1.205865127307034,0.6504519830105494,-0.6538170357451291,1.336916536458469,0.2737416770002384,0.5745234443310361,0.058828461612853725,-0.5492707959161522,-1.2548403112410638,-1.1998758291805733,-0.2899353761871295
0.7905329269171313,-0.7241984541126897,-0.4667785767188071,-0.6172683939764908,-0.29959156110384577,-0.7462201058552537,1.0192554476395859,0.2584638884420738,0.09862458584800944,-0.19942758213596476,-0.5689056535390091
0.02909055953564297,-0.3619029947963727,-0.8232211041269708,0.11229398005256083,-0.20984163851774285,-0.7462201058552537,0.2250562091944036,-0.4314162690169093,-1.1839851445490521,-1.1806346493819675,-0.4748983287925096
0.3752007265272286,-0.3079216556362995,-0.9951716558530087,-0.48698939861416013,0.5229891751116236,-0.7462201058552537,1.2224226946837027,1.8032205410189803,-1.5437719354184887,-1.3192332122538608,-0.5400942710176984
-0.5939077410492111,-0.726491908174707,-0.019309757421097994,-0.33933987053685205,-0.5832118515670318,-0.7462201058552537,-0.23668753408767926,-0.7010444305571286,1.4116757952683054,0.23970579552576599,-0.47138217155365914
0.30597869312891146,-0.9885772374409529,-0.4446954616931611,-0.8170295201987311,-0.3938147821378873,-0.7462201058552537,1.0838995716990778,0.45565463344909984,1.0370619047022074,0.18620290202125556,-0.5948005548489175
1.205865127307034,2.9829194117583495,4.845734034354431,2.7265591536566625,2.103104690534174,-0.7462201058552537,2.533774925604818,0.11301415524447159,1.4617992650393214,1.319942870412658,-0.39553771999780757
1.0674210605103998,0.0037091631959262875,0.3730723710212051,0.285999307202335,-0.5673968691057363,0.5745234443310361,0.751444076535978,-1.0011422990517864,0.5557716242831361,0.09021424215498457,-0.4821521551300286
-0.2477975740576255,0.5804606360042694,1.3207783401369235,1.0329322139463641,3.2444583532222975,-0.7462201058552537,0.040358711881570475,2.30108405465188,1.0210538855606788,0.3782733242366938,-0.296188276726314
0.3752007265272286,0.723701948030249,0.33476581463060634,1.5627334617531754,4.312932642530688,-0.7462201058552537,0.6867999524764865,2.4540074895552877,-0.21012024234884855,-0.5787270974562243,-0.39864823020800844
0.3752007265272286,0.31515280611140734,0.07850550648656138,1.1110996111637625,0.06153366617557981,1.8952669945173257,0.9730810733113777,-0.6452791178291942,-0.21038266889215226,-0.6183577210091592,-0.4693281025210525
-1.0092399414391138,0.3113473025315925,-0.16794199466450008,0.5899836297144399,-0.4455066881218406,0.5745234443310361,-0.3844455319379459,-0.9597494896042473,-0.52962455882116,-0.6381264815441785,-0.18680099329601343
-1.6322382420239678,0.024132325251275507,-0.286836945033547,-0.2003756088170327,0.8387085712729895,-0.7462201058552537,-1.0955308965923534,1.6405238038849035,-0.49301605603028725,-0.3233159527102141,1.7428981993667962
1.6904193610952538,0.1452946882660864,-0.29257558712631027,0.14703504548251567,0.8189244109340149,-0.7462201058552537,-0.24592240895332104,0.9604169486565891,-0.5901138770526736,-0.5645134517340282,-0.2862317858361252
1.205865127307034,-0.2764936722437856,-0.5215994931946898,-0.8257147865562198,-0.2010596524203179,0.5745234443310361,-0.28286190841588754,1.0707977738500265,-0.6471916502212385,0.003566864739327343,-0.3644661469862431
0.02909055953564297,-0.1707397673557864,-0.037992132922874594,-0.38276620232429565,0.2097595172768474,-0.7462201058552537,-0.7630754014292538,0.8931536333043383,0.12040598894222033,0.27008823911098395,-0.029961802029233195
0.8597549603154484,-0.40543762385995286,-0.6429942861099576,-0.5738420621890472,-0.023874646601346163,1.8952669945173257,-0.28286190841588754,0.8201413166399293,-0.7814228271211048,-0.6039578703211703,-0.3926630127351551
0.4444227599255457,-0.4717662285788504,-0.2665031204950861,-0.24380194060447627,-0.49873153216638005,-0.7462201058552537,-0.32903628274409585,-0.6194086119244823,0.12184933493039107,-0.2550097644251633,-0.3949451895142245
0.8597549603154484,-0.5457004716566364,-0.48262719803969706,-0.5564715294740699,-0.29959156110384577,-0.7462201058552537,1.9612126839350355,0.14750816311742077,-0.2626055510095979,-0.30575061760374495,-0.5802285922790935
-0.04013147386267415,-0.3187922569549378,-0.25646792288159004,-0.02667028166725852,-0.29959156110384577,3.2160105447036154,2.43219130208276,-0.45958637544648456,-0.08782947316930269,-0.4138426002465581,-0.5758983926968417
1.205865127307034,0.5387511551562487,1.129476547387309,1.006876414873898,-0.29959156110384577,-0.7462201058552537,2.4876005512766097,-0.9384781847492619,0.8527072580313253,0.2461609010065887,-0.5290252739134352
-0.8707958746424795,-0.29287534752311123,-0.3361248037161211,-0.582527328546536,0.0446363677144611,0.5745234443310361,-0.34750603247537926,1.0018097581041283,-0.27520202508817754,0.017966715427316045,-0.3477279853108523
-1.3553501084306994,0.10157581172252905,-0.8527056447776616,0.3033698399173125,0.2129797160215686,-0.7462201058552537,-0.8646590249513121,-0.020362675197598483,-1.3847414501764184,-1.245527079960814,0.2929876488406868
-1.4245721418290165,-0.9519246788182062,-0.9374121085415746,-0.9299379828460843,-0.8775585931843596,0.5745234443310361,-1.0124170228015785,-0.9045590770075287,-1.0968595321722083,-1.0198466614197466,-0.06922491659630631
-0.2477975740576255,-0.18629977208533416,-0.4366960437141891,0.29468457355982375,-0.5332051486322329,0.5745234443310361,-0.08892953623741276,-0.960899289866679,-0.5680700474151589,-0.7938869354299896,-0.3958862026755364
-0.1785755406593084,1.4504213521203118,-0.5576876152056216,2.4312600975020464,0.2972007734146581,0.5745234443310361,0.779148701132903,-0.8395953621801411,-1.3078504729884206,-1.2354409776470288,-0.33494405767896485
1.6904193610952538,0.37059763154621117,0.5210119012175851,0.285999307202335,-0.735869848416625,-0.7462201058552537,1.407120191996536,-1.2161549481265028,0.3068600479595325,0.25112636676106764,-0.4941154445318703
0.02909055953564297,0.5793148851188501,0.16735648719233284,0.5726130969994625,0.8564330389963304,-0.7462201058552537,-0.9385380238764451,0.48957374119083324,-0.29816434762725547,-0.31422294354732455,0.864179339813667
0.4444227599255457,0.7442012494415621,0.13982460654178588,-0.24380194060447627,0.6112329088918889,-0.7462201058552537,-0.7076661522354039,1.343300436046325,-0.431083391810603,0.35757353887270976,0.2666541210689051
-0.7323518078458453,-0.15104773834680915,0.3921760770834611,-0.582527328546536,0.013666903620659546,-0.7462201058552537,-0.6430220281759123,0.9293723415709351,0.8408980635826568,1.475827460942331,-0.1483128954096937
1.0674210605103998,0.5088327809175591,-0.2665031204950861,0.3554814380622447,0.31492318350301857,-0.7462201058552537,2.238258929904285,0.061273143435047805,-0.7625281160032351,-0.6374747641639031,-0.5223650773739399
0.7905329269171313,0.19211453531039424,0.6704611341149039,0.8158005550091464,0.22027403202798201,0.5745234443310361,0.9730810733113777,-0.3618533531397952,0.7242494650841412,-0.006115793481906614,-0.4809236712424516
0.8597549603154484,-0.6566962783590783,-0.21531862288256182,-0.15694927702958916,-0.9394152159727365,1.8952669945173257,-1.1140006463236367,-1.4150703935271762,0.6402729712269425,-0.2573373264975751,0.9309418051169742
0.02909055953564297,-0.6042909262529004,0.09501126798897838,-0.4696188658991827,-0.6734905863431624,-0.7462201058552537,-0.7723102762948955,-0.7815304489273434,1.302243926710643,0.645198142700902,-0.21292894926736833
-0.4554636742525769,-0.25679066159692887,-0.39872261726890434,-1.1557549081407907,-0.9920844985724996,-0.7462201058552537,0.6036860786857113,-1.1304948285753456,-0.4333140174286849,1.6433188276730983,-0.4984044198225925
-0.3170196074559426,0.3617186112661045,1.4140899008456926,-0.24380194060447627,0.8309142499662774,0.5745234443310361,0.3174049578508202,1.731932924748219,1.4541888952835125,2.278712239280609,-0.3881113012930853
-0.6631297744475282,-0.25721845740143157,0.2387759256403484,-0.8951969174161295,-0.12184482093515599,-0.7462201058552537,-0.2920967832815293,1.6020054950934433,0.7632198067647477,2.332028927819327,-0.3574426270240684
-0.6631297744475282,0.5002817455554511,1.500597898001785,-0.3653956696093182,0.4065249775717088,-0.7462201058552537,-0.9015985244138787,1.2392435122962617,1.342263974564465,2.7904965877625596,0.6468531197288002
-0.6631297744475282,0.7464729842642178,1.4233667295066375,-0.24380194060447627,3.590997006123877,-0.7462201058552537,-0.08892953623741276,6.612260138639308,0.9311727944791454,2.2927086458760466,-0.22645601346122637
-0.04013147386267415,-0.28542589245850786,0.475485401413057,-0.5130451976866263,-0.8266835682877252,-0.7462201058552537,-0.5968476538477039,-1.0833530178156485,1.2723273007740163,1.443800206825942,-0.2282951665206595
0.23675665973059432,-0.6709760681482829,-0.6793350240629951,-0.6606947257639343,-0.8431467057679262,0.5745234443310361,0.8068533257298282,-1.033911606531088,-0.5940502752022297,-0.5999854977175871,-0.5553818872884734
0.5828668267221799,0.0933344585486211,-0.6159918697135196,0.01675605012018503,-0.7815308262722857,-0.7462201058552537,0.8530277000580364,-1.2081063462894812,-1.0325650290627904,-0.8986272286885296,-0.4812303799714306
-0.8015738412441624,0.055196694411781856,0.4203954535186864,-0.15694927702958916,-0.6068664233046134,-0.7462201058552537,-0.5599081543851373,-0.862016467297558,0.5543282782949653,0.6440498787451787,-0.14612690864419292
1.3443091941036682,-0.5381531579967074,-0.6058820207669515,-0.6606947257639343,-0.9660554160672449,-0.7462201058552537,2.2936681790981353,-1.346082377781278,-0.567938834143507,-0.44093542276943387,-0.5860511112147105
-1.701460275422285,-0.09926614327218239,0.0067907197452229395,0.31205510627480115,0.5708044967920275,0.5745234443310361,-1.1232355211892786,0.42231042583858247,0.10426675652903995,-0.3244952508269029,2.108690682280205
-0.8707958746424795,-0.13847571526605273,-0.9703762090590817,-0.1048376788846569,-0.6330950964029914,-0.7462201058552537,-0.8000149008918204,-0.932154283305888,-1.5256645039305303,-1.3343158144830907,0.037990671156223635
-0.3170196074559426,-0.5018307806195351,-0.010959491204843833,-0.5998978612615133,-0.6857952435274646,-0.7462201058552537,0.6867999524764865,-0.6964452295074021,0.764138299666311,0.7061492348371309,-0.5313569198423399
-1.4937941752273336,1.4254437387817713,2.847564340727114,-0.0006144825947923895,0.9734672014258862,-0.7462201058552537,-1.086296021726712,1.4329848565159926,1.4923719573342078,3.543726708556048,3.5662051907932235
0.9981990271120826,1.11279065148117,2.6303090284092674,1.0242469475888754,2.732047571625374,-0.7462201058552537,-0.49526403032564575,1.8428886500728718,1.6714780731390146,1.4105936545928643,0.10783066723650812
-0.3170196074559426,0.5340209976669869,-0.9515489604641533,0.8765974195115673,0.3566088105760586,-0.7462201058552537,-0.8184846506231037,-0.2612458301770269,-1.5755255471582421,-1.3891221427481517,0.4050237304160585
-0.04013147386267415,-0.5084361137858071,-0.4270760534279186,-0.5912125949040247,-0.5329026762900769,-0.7462201058552537,-0.6153174035789872,-0.3428816488096732,-0.1859770003649039,-0.15265910156096613,-0.2907747027626687
-0.524685707650894,-0.3530290992806099,-0.6981819451732705,-0.6606947257639343,-0.6897664790401239,-0.7462201058552537,-1.0124170228015785,-0.6447042176979783,-0.9350735682254485,-0.6408264535481765,0.4928281734304292
-0.3170196074559426,0.09917668990047199,0.20491600912597793,0.03412658283516245,1.1306293612481277,-0.7462201058552537,0.5205722048949366,1.5985560943061488,0.17564677630765904,0.12410354592930342,-0.4491798674503471
1.4135312275019853,1.2188820587066633,-0.2665031204950861,0.6594657605743496,0.7817532350085267,0.5745234443310361,1.554878189846802,0.3274519041879722,-1.014195171031528,-0.7544425168428475,-0.4389348065194523
0.9981990271120826,0.33752508687215466,-0.8550406811522665,0.04281184919265116,1.2242702715826446,-0.7462201058552537,2.3029030539637763,1.7187102217302546,-1.4330279341443077,-1.206393002983327,-0.5347125771728359
0.9981990271120826,-0.934141258472672,-0.905682686354823,-1.1904959735707457,-0.9456951179336879,-0.7462201058552537,1.268597069011911,-0.8217734581124507,-0.9921513413940134,-0.5635203585831325,-0.5941085364084434
1.6904193610952538,2.4499585621943756,2.629827507768719,2.7265591536566625,0.10790041282960436,-0.7462201058552537,-0.8831287746825954,-1.002292099314218,0.5321532353857988,0.2642538168494713,1.7343933531956637
0.7213108935188142,1.023353020118015,0.8438397020046443,1.4150839336758674,1.3021641014102274,-0.7462201058552537,1.2039529449524191,0.24466628529289408,0.09468818769845308,-0.1857415171501821,-0.4257067558534877
-1.147684008235748,1.239579761708998,-0.748859517241322,1.1718964756661834,0.21350441294163502,0.5745234443310361,-0.9570077736077286,-0.5354731927669727,-1.442081649888287,-1.2518580487977746,1.4606244821203578
-0.5939077410492111,-0.5527755748877501,-0.85198427578775,-0.4435630668267166,-0.12805064803680405,-0.7462201058552537,-0.005815662446637814,0.3274519041879722,-1.1471142152148757,-1.0737529990168084,-0.4749236130246477
-1.5630162086256507,2.1304905144622044,0.04869695559965776,-0.24380194060447627,3.9665359664427733,-0.7462201058552537,-1.0308867725328619,7.276269790193579,-0.9862467441696791,0.2201853082784707,3.1390489757952014
-0.10935350726099127,2.3377821074016976,1.887238518157036,2.7265591536566625,1.5892021235762772,-0.7462201058552537,0.5944512038200699,-0.174435910363438,0.13037819758776278,-0.08953561815715289,-0.2025085476831683
-0.524685707650894,-0.40740211685838235,-0.8989985909913736,0.19914664362744794,-0.007382702231416063,0.5745234443310361,-0.6060825287133457,-0.21985302072948784,-1.3222839328701266,-1.2829232439242335,-0.2625437582660924
-0.1785755406593084,-0.7942930285150359,-0.9102622134208128,-0.4522483331842053,-0.16941322641788165,-0.7462201058552537,-0.9662426484733703,0.25616428791721046,-1.143833883423579,-1.1740554072572829,-0.04636632177184566
0.5828668267221799,0.6655195222903043,1.8390957040929077,1.6756419244005285,2.0095913535684575,-0.7462201058552537,1.8226895609504106,0.614327069664666,1.4859425070232657,0.3347323964021067,-0.4947953705134957
-0.04013147386267415,0.6144451446951122,-0.6461259942153391,-0.3740809359668069,0.22413415525168606,0.5745234443310361,-0.4860291554600041,0.9035018356662232,-1.237913799197972,-0.7554045758327778,-0.04005955482506276
1.4135312275019853,2.1243239587383145,1.0762691680145609,2.379148499357114,-0.29959156110384577,-0.7462201058552537,2.6261236742612346,-1.1908593423530067,-0.3007886130602929,-0.38569461625085566,-0.44781177062879035
-0.7323518078458453,-1.1367485727655995,-0.7636442593547678,-1.0862727772808811,-0.6180064590898664,0.5745234443310361,-1.0308867725328619,0.5114199461770342,0.17564677630765904,-0.19567244865914,-0.20594720325394347
1.275087160705351,-0.5551022178998032,0.15592454098919556,-0.0006144825947923895,1.305721752291776,-0.7462201058552537,-0.4860291554600041,1.9319981704113236,1.3017190736240356,0.09657624515291076,-0.36527414310021994
-0.3170196074559426,4.263671964284607,1.215547059069657,2.7265591536566625,3.7278955766566524,-0.7462201058552537,-0.7630754014292538,1.0207814624342502,-0.7739436706369481,-0.40952885187235466,1.9284459872546738
-1.147684008235748,-0.2252279701130941,0.6290829294174335,-0.2611724733194537,-0.6917212322717438,1.8952669945173257,-0.9200682741451619,-0.9517008877672258,1.4181052455792476,1.1286483022213574,0.2423262924943355
1.4135312275019853,-1.0546571690709812,-0.46501612779420437,-1.060216978208415,-0.5583412175558844,-0.7462201058552537,-0.5322035297882124,0.6695174822613846,1.2989635949193463,0.8540580459986722,-0.494806913315124
1.0674210605103998,1.3154145602491156,-0.5393394119016278,2.379148499357114,0.7179583200683753,0.5745234443310361,-0.5229686549225707,-0.572841701296001,-1.2715043967408517,-1.222313527558625,0.19649917140133577
1.6904193610952538,-0.9173644882660845,-0.8758153784849952,-0.6172683939764908,-0.8904105812735151,3.2160105447036154,1.379415567399611,-1.177061739203827,-0.8987274919778796,-1.0466912106548982,-0.5950044776776832
-1.147684008235748,-0.4591790752414601,-0.33019126041170743,-0.30459880510689724,-0.07254388679872084,0.5745234443310361,-1.0493565222641452,0.21764597912575068,-0.04072390864628011,-0.29715415501630316,0.6011958427169016
0.30597869312891146,0.45938807838367246,0.4058393555405658,1.2240080738111156,2.8335465899510024,-0.7462201058552537,-0.07045978650612951,1.6824915134636582,0.07697439602545039,-0.41548741077772927,-0.28444594952707014
-0.5939077410492111,0.7028160929655801,-0.33919593089675826,0.24257297541489148,2.3796384861239925,-0.7462201058552537,-0.753840526563612,2.8621865827185196,-0.9256262126665136,-0.6651882699060887,0.3365540297862124
-0.04013147386267415,-0.25679066159692887,-0.7965907718618652,-1.3207749689330763,-0.6503339622708985,-0.7462201058552537,-1.0216518976672202,1.9814395816958845,-1.1793926800412364,0.6197501307091973,0.6366190519423132
-1.147684008235748,-0.25679066159692887,-0.5721182520428202,-0.6259536603339795,-0.29959156110384577,0.5745234443310361,-0.513733780056929,0.2757108923785484,-0.758460504582027,-0.40800817798504546,-0.2683074638791275
-0.9400179080407967,-0.13209928824046727,-0.9345064389403464,0.6420952278593721,1.4784951887122284,0.5745234443310361,-0.8461892752200286,1.0914941785737962,-1.4653063989706685,-1.3606327829818288,0.12292480416570499
-0.3862416408542597,-1.20123177424796,-0.9713995707018046,-1.4076276325079633,-0.878645024454144,0.5745234443310361,-0.07045978650612951,0.846586722675857,-0.8800952074033136,-0.22655143881980583,-0.5812954769438752
0.0983125929339601,0.48175401419808966,1.2728187019441726,1.3456018028159575,-0.3020380890958416,-0.7462201058552537,1.1393088208929276,-1.024713204431635,1.0970263698471137,0.1450826387419768,-0.46715255924273924
-0.2477975740576255,-1.1795818412232808,-0.9553796291313691,-1.3034044362180988,-0.8686654947979792,0.5745234443310361,0.4374583311041618,0.08369424855246484,-0.8270850456559568,-0.5494308495047985,-0.5984854568544286
0.3752007265272286,-0.7653251760439093,-0.6734417377601857,-1.0689022445659038,-1.001066075263048,1.8952669945173257,0.8899671995206029,-1.2569728574428258,-0.44000589428293047,0.10355893137014675,-0.5681960460674824
-0.04013147386267415,-0.7155844573600731,-0.10765277032992795,-0.4088220013967617,-0.7776727606835622,1.8952669945173257,-0.6799615276384788,-1.0362112070559513,1.1161835075082867,0.18918218147394286,-0.3270081067309387
-1.6322382420239678,1.0890512788226336,-0.509271730994689,-0.1830050761020553,0.1504831687542088,0.5745234443310361,-1.0493565222641452,0.43495822872533035,-1.2028798556669218,-0.6588883352300935,2.3447800012403883
1.4827532609003025,-0.29694611866681325,-0.8181720423238233,-0.1048376788846569,-0.4418461554912597,0.5745234443310361,-0.28286190841588754,-0.6251576132366405,-1.2031422822102256,-1.1259524577607682,-0.3689387077885764
1.275087160705351,1.1071392565920235,1.9202806573281386,1.1632112093086948,-0.15533900315021812,0.5745234443310361,1.6656966882345021,-0.8539678654605366,1.0261712031551016,0.7358799610420733,-0.454891355627445
-0.04013147386267415,-0.5727179852403782,-0.8652392518402344,-0.7128063239088666,-0.8395972854263005,-0.7462201058552537,0.696034827342128,-0.9879195960338224,-1.16771469886422,-0.9731092150057136,-0.5395479117406282
-0.04013147386267415,0.05408998934993393,-0.2665031204950861,-0.49567466497164886,0.10208142110431882,-0.7462201058552537,-0.8277195254887454,0.9190241392090502,-0.4854056862744787,0.027835578614343076,0.18325078341821666
-1.147684008235748,-0.5285800982026218,-0.48123305508122766,-0.13089347795712303,0.1725554191916686,0.5745234443310361,-0.5044989051912874,0.3970148200650863,-0.2838621010172014,-0.649795326067204,-0.3505873021713338
1.6904193610952538,-0.4178734746310046,-0.771935768588098,-0.7475473893388215,-0.5684668392956755,1.8952669945173257,0.696034827342128,-0.20260601679301324,-1.0467360624011928,-0.7292738122998325,-0.5228608681867339
-0.04013147386267415,-0.4647977692533656,0.15075575043370396,-0.8344000529137086,-0.3054064375591698,-0.7462201058552537,-0.8369544003543872,0.7775987069299586,1.040211023221852,1.799979272226909,-0.06924305528457926
-0.1785755406593084,-0.3099757099925455,-0.421098344675143,-0.8865116510586408,-0.8747951894053431,0.5745234443310361,0.08653308620977876,-0.9413526854053411,-0.42124239643671274,0.4149557024979069,-0.44869506978196094
0.23675665973059432,1.6685615831026845,2.724609556429291,2.7265591536566625,3.1335271361453576,1.8952669945173257,1.4348248165934605,0.6884891865915065,1.1554162757321969,0.3094085210542639,-0.3945411914572361
0.5136447933238628,-0.7715747041428881,-0.9468117927122698,-0.790973721126265,-0.8503628316450748,1.8952669945173257,1.5456433149811608,-0.9540004882920892,-1.2741286621738892,-1.1264800384971816,-0.587188901660923
0.5828668267221799,-0.640140605128463,-0.8355925106490991,-0.6085831276190021,-0.7143120067243283,-0.7462201058552537,0.779148701132903,-0.7568097432850631,-1.0467360624011928,-0.9681127150902691,-0.5509390079760412
-0.1785755406593084,0.1113414162341009,0.8975108837259721,0.14703504548251567,-0.21549601944457614,-0.7462201058552537,0.6036860786857113,-0.4636106763649952,1.1757543328382376,0.8319617233912409,-0.4567376542307432
0.30597869312891146,-1.1092183387110877,-0.6107759172338185,-0.9820495809910166,-0.7410406851230048,-0.7462201058552537,0.3543444573133867,-0.3187358432986087,0.8801308318065667,0.08658324532202176,-0.586746427598507
-1.3553501084306994,-0.4338783577128674,-0.7968444300564396,-0.23511667424698757,-0.6510623650540496,-0.7462201058552537,-0.9108333992795203,-0.8936359745144281,-1.090823721676222,-1.0574600645099246,0.082651969284771
0.3752007265272286,-0.8306439581506949,-0.62313872517308,-0.5130451976866263,0.0019918827404370306,-0.7462201058552537,-0.28286190841588754,0.7396552982697145,-0.15592916115662472,-0.6168370471218501,-0.48564522676562266
-1.078461974837431,0.04000323235100946,1.0046040185470453,-0.7388621229813327,-0.4894536560386177,-0.7462201058552537,-0.6522569030415539,0.0014835297886024773,1.4694096347951298,3.45295178773198,-0.07209742523007724
-0.5939077410492111,0.8919177009216034,1.613898949089662,0.555242564284485,-0.19119329268808877,0.5745234443310361,-0.28286190841588754,-0.6642508221593162,0.9629264062188987,1.0736868031514684,-0.10896348465901888
0.9289769937137655,-0.5876049375861162,-0.7446045215377792,-0.6172683939764908,-0.2873342295240985,0.5745234443310361,-0.3752106570723041,0.28835869526529634,-0.8562143919626727,-0.7748940289191076,-0.4094632856764502
-1.6322382420239678,-0.4724851598053564,-0.1106971897910542,-0.02667028166725852,-0.5272585835381469,0.5745234443310361,-0.28286190841588754,-0.8074009548320552,0.472844836599152,-0.22409974010353179,-0.40732511908912356
1.6211973276969367,-0.20243399445777688,-0.3487751430551902,0.19046137726995924,-0.49791876634902227,0.5745234443310361,0.12347258567234526,-0.871789769528227,-0.3957870217362492,-0.6516884098860991,-0.4376062850177638
0.7213108935188142,-0.6470914938333409,-0.17815893505222902,-0.7475473893388215,-0.8417578021559857,-0.7462201058552537,-0.7076661522354039,-0.9660733910476212,0.7145396829819027,0.6851701420244575,-0.2831157790537204
1.205865127307034,-0.5876229962795179,-0.46362576300093405,-0.5391009967590924,-0.7337875218162047,-0.7462201058552537,-0.28286190841588754,-0.8602917669039105,-0.15133669664880936,-0.28871286323368894,-0.4325027177264199
-0.3170196074559426,-0.41542359323830486,-0.23351283338430243,-0.16563454338707786,-0.8189077656958392,-0.7462201058552537,0.751444076535978,-1.212130647207992,0.10072399819443947,-0.27577161811107836,-0.5260609725238587
-1.3553501084306994,1.9829680719180327,-0.3595096920751963,0.5465572979269964,-0.25230505161346944,0.5745234443310361,-0.7630754014292538,-0.7286396368554879,-1.2371265195680607,-0.8038178669389474,0.9211985812282976
1.4827532609003025,-0.8269167902544198,-0.4568212874773477,-0.6693799921214231,-0.4112182588042465,-0.7462201058552537,-0.28286190841588754,0.07909504750273816,0.3882122763836937,-0.10533200608858884,-0.4848306347650011
1.205865127307034,-0.5053307506299046,-0.5988967144400424,-0.9386232492035731,-0.8812808548643598,0.5745234443310361,2.053561432591452,-0.9080084777948235,-0.5882768912495473,0.020294277499728133,-0.5795426200680436
-1.078461974837431,0.021388868072599307,0.16736013507597333,-0.1048376788846569,-0.14681422142537473,-0.7462201058552537,-0.8461892752200286,-0.1514399051148052,0.21186163928357615,0.22325769021405453,0.20523652257669403
-0.04013147386267415,1.2716939754507772,0.8030105037950711,2.092534709559987,2.3200534923542557,3.2160105447036154,0.8714974497893196,0.5602864573303789,-0.1020005065077049,-0.45099049092225374,-0.3662750688985546
1.1366430939087169,-0.5844981102118298,-0.47330281660986684,-0.3740809359668069,-0.45659939830253843,1.8952669945173257,-0.4213850314005125,-0.42681706796718283,-0.1805972562271771,-0.46753169871686157,-0.3951864890339768
0.02909055953564297,-0.04830621874733348,-0.3944611074874322,-0.6693799921214231,-0.7808909017933028,-0.7462201058552537,-0.9385380238764451,-0.8689152688721479,-0.6071716023674172,0.030938994710892346,0.4224209310986997
1.4827532609003025,2.920434868370043,1.9385988958736564,-0.24380194060447627,2.1646753020602403,0.5745234443310361,-0.28286190841588754,4.090173262995509,-0.08573006082287266,3.069493694842345,0.334623633628194
-0.3170196074559426,-0.3037483892057228,-0.2665031204950861,-0.0092997489522811,-0.9018428012260208,-0.7462201058552537,-0.11663416083433781,-1.3823010860478744,-0.12706224139321257,-0.43863889485798735,-0.41152944716790535
-0.8707958746424795,-0.6493014874474746,-0.28400762042565236,-0.5391009967590924,-0.299749998997356,-0.7462201058552537,-0.12586903569997943,0.11818825642541403,0.43702361343819074,0.05632493838066599,-0.47442837186907405
-1.701460275422285,0.3986330209431763,-0.6154397364682159,0.08623818098009471,1.282628914903912,-0.7462201058552537,-1.0678262719954283,1.71526082094296,-1.1433090303369715,-0.9230200792074074,1.8132427807754008
-1.2861280750323822,-0.7402170032328024,-0.2767660502729972,-0.6520094594064456,-1.0399821256521298,1.8952669945173257,-0.5783779041164206,-1.5352245209512825,0.6990565169269817,0.255688388422995,-0.3843571424778049
0.7213108935188142,1.1889202459892507,0.879260261309362,0.7463184241492367,-0.10237753638320228,-0.7462201058552537,-0.19974803462511276,-0.6544775199286472,0.015435371620721889,0.22108529894647008,-0.09244848381510752
0.7905329269171313,-0.5498539711390299,-0.8819087772617986,-0.6085831276190021,-0.761748723568292,-0.7462201058552537,0.17888183486619533,-0.8712148693970112,-1.2211185004265324,-1.0632324184495063,-0.4969516757890952
-0.6631297744475282,-0.10271730600308783,0.11287534502125252,0.3033698399173125,0.4360911346087052,-0.7462201058552537,-0.8554241500856704,0.26133838909815293,0.2867844173967957,-0.20476545782202957,0.15783793149059233
0.3752007265272286,0.49765347355631023,1.2586672584870318,0.5899836297144399,2.1000984858274405,-0.7462201058552537,-0.753840526563612,1.8405890495480088,1.0581872414381588,0.6997872318392047,0.24768874833648416
0.5136447933238628,-0.934658371598594,-0.7111535588358221,-0.7475473893388215,-0.06376395833627659,3.2160105447036154,0.031123837015928687,1.2076240050793914,-0.23570683032096365,-0.5844684172348406,-0.5427232815028353
-0.04013147386267415,0.35912133188942336,-0.3606599479559856,0.9026532185840335,0.04551292021621913,1.8952669945173257,0.4928675802980116,-0.5751413018208641,-0.8058284956483532,-0.9050513000083866,-0.4147009693295698
-1.2861280750323822,-1.1512323769829642,-0.7357108509406469,-0.9473085155610618,-0.3102213034138968,-0.7462201058552537,-1.0401216473985035,1.1737048973376583,0.40763184058817115,-0.3830256784078232,-0.20049185534154845
-0.04013147386267415,-1.0488976660578215,-0.36628381199563126,-0.9038821837736182,-0.37817058337998594,0.5745234443310361,-0.7630754014292538,0.7689752049617213,1.7331483108153953,0.621239770435541,-0.41779059256539575
0.5828668267221799,-1.0011312018283078,-0.4432245828966823,-1.0862727772808811,-1.0066690153153648,-0.7462201058552537,0.4928675802980116,-1.269045760198358,1.1052928059611815,1.055593887308586,-0.5785394956408274
0.652088860120497,-0.25679066159692887,-0.18425480917864545,-0.43487780046922786,-0.5180280330149396,0.5745234443310361,0.6590953278795615,-0.4883313820072754,-0.031014126544041388,0.09257283838836207,-0.502745612549252
-0.04013147386267415,-0.04866617243338111,0.6405451009421634,0.6594657605743496,-0.399045290258706,-0.7462201058552537,-0.32903628274409585,-0.932154283305888,1.0682906633553533,0.07022824249320686,-0.2977031320257155
-0.524685707650894,0.14050376571389195,0.19312357385022252,0.9373942840139883,1.7683274791820043,-0.7462201058552537,-0.12586903569997943,1.0472268684701778,0.11213955282815236,-0.46461448758610524,-0.32618472021479084
0.9981990271120826,0.09884333618173255,-0.09992941897360763,-0.035355548024747226,-0.29959156110384577,0.5745234443310361,1.915038309606827,-0.45268757387189473,-0.27362746582835523,-0.20290340816409988,-0.5366808996790612
-0.3862416408542597,-0.3795353566119655,-0.12160996398321125,-0.3740809359668069,-0.38151218258856573,-0.7462201058552537,-0.07969466137177114,-0.279642634375933,0.27628735566464585,0.1183311919897216,-0.43271213712738943
-0.5939077410492111,-0.12571895663252478,0.6918877603668158,-0.31328407146438597,-0.29959156110384577,0.5745234443310361,-0.947772898742087,-0.1922578144311287,1.306442751403503,1.3340634136519576,0.40066439900112594
0.23675665973059432,-0.7027430180966749,-0.8803717154335563,-0.999420113705994,-0.49609364412118345,-0.7462201058552537,-0.28286190841588754,0.6833150854105644,-1.123102186502583,-0.7728768084563505,-0.4576764687631735
-1.6322382420239678,-0.25679066159692887,-0.5242340468724926,-0.3740809359668069,-0.2399674722694768,3.2160105447036154,-1.0216518976672202,-0.00311567126112389,-0.6687106267721457,-0.5523790947965204,0.6366190519423132
1.3443091941036682,2.0422725770128562,2.362146457635576,1.7711798543329045,-0.280941157639211,0.5745234443310361,-0.8923636495482369,-1.090826719521454,0.6077320798572777,0.6020916931198317,1.550570939322598
0.0983125929339601,-0.15666692043150934,0.7648334472737108,-0.24380194060447627,-0.31977078735910525,-0.7462201058552537,0.7052697022077697,-0.3032135397557817,1.5006383934482757,1.2998637682679837,-0.49543517151803246
1.6904193610952538,-0.25679066159692887,0.9608725380567674,0.11229398005256083,-0.5219149054933924,-0.7462201058552537,1.1947180700867777,-0.8694901690033636,2.116684703853821,0.954950103297491,-0.5344987605141032
-0.6631297744475282,0.5539104521213964,0.8801855209384669,0.37285197077722215,-0.33479358035284956,-0.7462201058552537,0.0495935867472121,-0.7464615409231784,0.5451433492793344,0.5476888089473219,-0.30301227111748613
-1.147684008235748,0.7976322865256776,-0.7372867366733491,0.8244858213666351,-0.29959156110384577,-0.7462201058552537,-0.7630754014292538,-0.8832877721525434,-1.3724074026411421,-1.2048412949350524,0.3977083424698554
-0.8015738412441624,-1.0500736774565087,-0.46301526361738227,-0.9386232492035731,-0.5368553930879104,0.5745234443310361,0.06806333647849534,0.3257272037943246,1.2815122297896475,0.4352830779303051,-0.5641104439483055
-0.10935350726099127,-0.4492099443745233,0.21970361743371247,-0.7822884547687763,-1.0237041753201874,1.8952669945173257,-0.6707266527728373,-1.466236505205384,1.1529232235708113,1.763979645506937,-0.23389397496757694
-1.701460275422285,0.29628952470773023,1.0171673298049762,-0.14826401067210046,-0.29959156110384577,-0.7462201058552537,-1.058591397129787,-0.3589788524837161,1.0432289284698457,1.4724447373970924,1.5624473828836176
-1.5630162086256507,-0.3591048734646966,0.2158280016287833,0.285999307202335,0.6107082119718222,-0.7462201058552537,-0.8738938998169536,0.5022215440775811,0.9284173157744561,-0.08084605308681461,0.05102689145227125
1.3443091941036682,-1.0938186658945792,-0.778730863839466,-0.9386232492035731,-0.8914003036992092,-0.7462201058552537,2.644593423992518,-0.9442271860614202,-0.0773324114371528,-0.5289172691066074,-0.6213402040783463
-1.4937941752273336,0.349313265044718,-0.3573124935895794,0.1644055781974931,-0.631611541581941,0.5745234443310361,-0.8646590249513121,-1.0425351084993253,-0.7966435666327222,-0.6489884378821011,0.4324857044613058
-0.10935350726099127,-0.25679066159692887,-0.5881516126137906,-0.9038821837736182,-1.0328256711894201,0.5745234443310361,-0.28286190841588754,-1.4616373041556576,-0.788508343790306,-0.0232776844958244,-0.3601579336928071
0.3752007265272286,-1.090593968940387,-0.8297839073593731,-1.1296991090683246,-0.9491416565262809,1.8952669945173257,1.0931344465647193,-0.9453769863238518,-0.3518305757328715,-0.3593776477521173,-0.6041243902784346
0.7905329269171313,-0.10603839733422162,-0.2665031204950861,-0.16563454338707786,-0.5150609233728387,-0.7462201058552537,1.998152183397602,-0.7039189312132077,-0.34671325813844844,-0.3228194061347662,-0.5526951627951951
0.3752007265272286,-0.29826684364911143,0.08127985227673103,-0.5043599313291376,-0.8525295212797018,-0.7462201058552537,1.425589941727819,-1.144867331855741,0.5395011785983038,0.687094260004318,-0.547484962003095
1.6904193610952538,-0.3914645878221798,-0.5804291732283804,-0.9646790482760392,-0.08587118856840749,-0.7462201058552537,0.6036860786857113,2.085496505445948,-0.6622811764612039,0.14030337795329095,-0.5136469642012954
-1.0092399414391138,-0.811498326635318,-0.9176369313263467,-0.41750726775425046,-0.8344202758149788,0.5745234443310361,-1.086296021726712,-1.1465920322493885,-1.154068518612425,-1.1966172422791965,0.41720963099215885
-0.2477975740576255,-0.8420590046717551,-0.5695642123682259,-0.7562326556963102,0.32908588507485004,-0.7462201058552537,0.6129209535513531,2.345351364755498,0.05073174169507571,-0.23440308154407583,-0.5650575033390416
-0.10935350726099127,-0.6908120786316793,-0.36254264675916675,-0.9473085155610618,-0.9972244707541698,0.5745234443310361,-0.5506732795194956,-1.3190620716141344,0.32050622821132724,0.7714140753475633,-0.37995603711412257
-0.10935350726099127,0.17209061680106125,0.13601074419562814,0.39022250349219956,-0.1785573562719015,-0.7462201058552537,-0.8554241500856704,-0.5653679995901953,-0.0024096333239329542,-0.2375375318015905,0.3088051346719202
1.205865127307034,-0.7349006703171769,-0.2617600900730661,-0.730176856623844,-0.9132112344941261,-0.7462201058552537,0.8068533257298282,-1.1759119389413955,0.7276610101470902,0.4468277858094684,-0.561896974321785
1.1366430939087169,-0.5554460651836276,-0.9324672719852989,-0.23511667424698757,-0.281681906232246,-0.7462201058552537,-1.104765771457995,-0.24457372637176805,-1.3409162174446925,-1.2606717505119749,0.981144747341518
1.4827532609003025,0.6916460589874295,0.2950008864731532,1.814606186120348,1.3612017642751102,1.8952669945173257,0.8530277000580364,0.06299784382869539,-0.23150800562810386,-0.6713019996162909,-0.42160191573159694
-0.10935350726099127,-0.25679066159692887,0.03334418589076046,-0.6693799921214231,-0.6591282941782075,-0.7462201058552537,-0.5876127789820623,-0.556744497621958,0.3770591482932845,0.9658741279573446,-0.2250587848069888
1.4135312275019853,-0.6461526858128491,-0.5389634193235376,-0.15694927702958916,0.19312971136321358,-0.7462201058552537,0.23429108406004526,0.4683024363358477,-0.2506651432892773,-0.7162394646943252,-0.5162451938820906
-1.2861280750323822,-0.25679066159692887,-0.6209497344256542,-0.6693799921214231,-0.4853260402674287,-0.7462201058552537,-0.9662426484733703,-0.11119689592969814,-0.8500473681950346,-0.4640248385277609,0.37109833711621626
0.30597869312891146,-0.8562414239384292,-0.4527150733137145,-0.9733643146335279,-0.9534565170807093,-0.7462201058552537,-0.6984312773697622,-1.1391183305435828,0.49055862827215496,0.5737575041583364,-0.3706058181380267
-1.4937941752273336,0.36987528381014256,1.012728637103822,0.9026532185840335,-0.1080133985952095,-0.7462201058552537,-0.28286190841588754,-0.7234655356745456,0.931435221022449,0.22307148524826145,-0.22312124310510542
-1.078461974837431,-0.4686186471262115,-0.4943002954077841,-0.191690342459544,0.5325119098020836,-0.7462201058552537,-0.9847123982046536,1.0989678802796017,-0.39316275630321174,-0.6319196493510798,0.26978441893904015
-1.147684008235748,-1.20123177424796,-0.7135278099595626,-1.3989423661504747,-1.054655120699163,0.5745234443310361,-0.3198014078784542,-1.2213290493074451,0.8513951253148068,2.17906154842041,-0.5634497559693937
-0.04013147386267415,-0.8882841350157932,-0.48362945406992836,-0.5477862631165811,-0.4364654400168533,1.8952669945173257,-0.9570077736077286,-0.1778853111507332,0.484391604504517,-0.3175125646096669,-0.13694598409197786
-0.04013147386267415,0.7690653858553483,-0.2665031204950861,1.8493472515503029,0.6233811858176613,-0.7462201058552537,-0.8184846506231037,-0.47108437807080084,-0.8724848376475048,-1.0149742981481642,0.5226690639255351
-0.524685707650894,-0.40624733662626206,-0.5899419417919315,-0.07009661345470207,-0.3319108337449553,-0.7462201058552537,0.18811670973183697,-0.47625847925174325,-0.6684482002288419,-0.8292348447696865,-0.47692106736355383
-1.0092399414391138,-0.5820614067845853,-0.17565974391380096,-0.9907348473485054,-0.4256546258285048,-0.7462201058552537,-0.6522569030415539,0.9236233402587769,0.5581334631728698,1.548354295118689,-0.29449643180194596
-1.2861280750323822,0.24144356459195088,0.05233155052119581,1.1805817420236722,1.2594640602917255,-0.7462201058552537,-0.7261359019666872,0.3688447136355111,-0.18322152166021455,-0.6599745308638858,0.09397930528261851
1.205865127307034,-0.8083190204510274,-0.0689625347492821,-0.9559937819185504,-0.524575427523376,-0.7462201058552537,0.012654087284645435,0.42346022610101397,1.5918316172463278,1.721649049950004,-0.5201037875692455
-1.701460275422285,-0.45163786249146415,0.27109135427763686,-0.6433241930489569,0.18431274547111734,-0.7462201058552537,-1.0493565222641452,1.5174951758047184,1.272458514045668,1.4051316422629376,0.6096885964291854
0.0983125929339601,-0.8231949911588861,-0.3181790401466112,-1.1296991090683246,-0.8601119061834064,-0.7462201058552537,-0.7076661522354039,-0.5015540850252393,0.8353871061732779,1.816830821631172,-0.3527029328126243
-0.4554636742525769,0.4735731820507171,-0.0888696871833615,1.1979522747386495,0.33176492581965955,3.2160105447036154,-0.5322035297882124,-0.44406407190365743,-0.5314615446242861,-0.7690285724966294,-0.04189595959839391
0.8597549603154484,-0.19679455735209922,0.2664177639263452,-0.24380194060447627,-0.7781069216644798,0.5745234443310361,1.3055365684744775,-1.113822724770087,0.7019432089033228,0.5484336288104936,-0.5344822707974914
-1.6322382420239678,1.761581180705709,0.510115672783369,2.2054431722073398,0.9802285899723102,-0.7462201058552537,-1.0308867725328619,-0.3566792519588529,-0.5608533174743059,-0.6409505901920384,2.761359712003619
-0.04013147386267415,1.577599944438263,2.8808020325176593,1.996996779627611,0.8306467574187928,-0.7462201058552537,-0.024285412177921226,-0.38082505746991724,1.361421112225638,0.7668520536856357,-0.10601292469995222
-1.2169060416340651,-0.25679066159692887,-0.5263436961507372,0.6768362932893269,0.5090096030530702,-0.7462201058552537,-0.781545151160537,0.023329734774803757,-0.6726470249217018,-0.9946469227157659,-0.04434248388636069
0.9981990271120826,0.16616565711051876,-0.9161186300425413,1.0503027466613415,0.9047956915815877,0.5745234443310361,1.4163550668621774,0.14578346272377318,-1.4882687215097463,-1.3697257921447183,-0.5106909076700248
-1.2169060416340651,0.5977711138117969,-0.9945384874782622,-0.31328407146438597,-0.5511250916787359,-0.7462201058552537,-0.8923636495482369,-0.6608014213720212,-1.6295854150788138,-1.3440915751872209,0.67123756299707
1.759641394493571,1.16031796004131,-0.2665031204950861,1.362972335530935,0.16103266330001434,3.2160105447036154,0.021888962150287062,-0.6510281191413524,-0.9984495784333032,-0.9336337622576061,-0.19500023005260755
1.205865127307034,-0.38398121169834903,-0.772893338043733,-0.5391009967590924,-0.7477897278595451,0.5745234443310361,-0.28286190841588754,-0.8913363739895649,-1.0689111053103593,-0.8828308407570934,-0.3879711387018852
-1.6322382420239678,-0.25679066159692887,0.43478557279116375,-0.01798501530976981,-0.5573947054647842,-0.7462201058552537,-1.0308867725328619,-0.8579921663790474,1.1299609010317333,0.4750999064490328,0.6949530734281226
1.6904193610952538,-0.4177443793768221,-0.04597005444467929,-0.5043599313291376,-0.40390336644802666,1.8952669945173257,1.370180692533969,-0.16523750826398495,0.5053857279688168,0.4502725776766384,-0.554916327622801
-0.9400179080407967,0.011215478741105402,-0.6177309982391347,-0.5304157304016037,-0.7979939637524868,-0.7462201058552537,-0.5968476538477039,-1.0097658010200237,-0.9979247253466957,-0.5921959233152484,-0.13146260366134283
0.30597869312891146,0.09043164560249468,0.8072929889074766,-0.40013673503927305,0.563067789264774,-0.7462201058552537,1.0100205727739444,1.6347748025727453,1.0789189383591546,1.7337834068875118,-0.4930776916997693
-1.0092399414391138,-0.1741072256024111,-0.9708259409993337,-0.8430853192711972,-0.7263800358858554,3.2160105447036154,-0.7446056516979705,-0.5165014884368506,-1.520678399607759,-1.1647141248066695,-0.054667245114212386
-0.8015738412441624,-0.41039693152629864,-0.2551146883325178,-0.3306546041793634,0.34291936504977705,-0.7462201058552537,-0.23668753408767926,1.040328066895588,0.0466641302738675,-0.15166600841007047,-0.40546013214033205
1.759641394493571,-0.9071820695878897,-0.5955136932081412,-0.6433241930489569,0.5403432685384472,-0.7462201058552537,1.5733479395780856,2.405715878533159,0.1318215435759335,-0.43801821163867743,-0.5978236695610759
-0.7323518078458453,-0.6525320412752025,-0.2665031204950861,-0.22643140788949884,0.08918416504558878,-0.7462201058552537,-0.2736270335502459,0.39414031940900723,0.4918707609886738,-0.27074408403466843,-0.44862031639998756
-1.701460275422285,-0.9686250656324322,-0.8978445569453851,-0.9907348473485054,-0.4474696718933831,-0.7462201058552537,-1.104765771457995,0.8391130209700512,-0.9161788571075787,-0.8409657576146429,0.3164112912877107
-1.147684008235748,-0.6389977826798114,-0.9942376673594784,-0.730176856623844,-0.7487424128555873,0.5745234443310361,-0.7446056516979705,-0.725190236068193,-1.4676682378604022,-1.2638062007694895,-0.2522332881259709
-1.770682308820602,-0.509208244946929,-0.06866614420349032,-0.2003756088170327,-0.20618727879210388,-0.7462201058552537,-1.1417052709205617,-0.1502901048523737,0.6476209144394472,-0.0045020171117011384,1.7364391773699643
-0.6631297744475282,0.32382585967217514,0.5984874779166472,-0.24380194060447627,-1.0454245701759557,-0.7462201058552537,-0.7353707768323288,-1.5863906326294905,0.45841137671744603,1.049076713505832,0.14205782235034561
0.652088860120497,-0.2570139549004771,-0.08081333616328569,0.19046137726995924,-0.7275672912696919,-0.7462201058552537,0.21582133432876183,-1.180511139991122,0.16331272877238284,-0.34482262625930094,-0.45875654520124465
-0.7323518078458453,-0.44859009192532934,-0.531431712139903,-0.32196933782187465,-0.7502671203762509,-0.7462201058552537,-0.6060825287133457,-1.027587705087714,-0.4990518665262735,-0.6025613330777232,-0.27618625047623285
0.7213108935188142,1.0676717381261855,0.5870702535296306,-0.24380194060447627,0.2850689575687307,0.5745234443310361,-0.4767942805943624,0.766675604436858,-0.1758735784477096,1.0318527541699831,0.07703337317791938
-1.5630162086256507,-0.367415777011841,-0.6664733680358933,0.08623818098009471,0.006979589933538763,-0.7462201058552537,-0.947772898742087,-0.1031482940926766,-0.8602820033838807,-0.9850573669774285,0.2250555129723844
-0.04013147386267415,-0.18186660689161138,0.7539654899377087,0.5899836297144399,-0.24132962662666874,0.5745234443310361,-0.28286190841588754,-0.734963538298862,1.5403960147587934,0.22648524295446576,-0.3437737512673491
0.3752007265272286,-1.172171431982249,-0.8271906529356433,-1.2339223053581891,-1.0625831882796173,-0.7462201058552537,0.751444076535978,-1.4673863054678158,-0.047022145685569915,-0.030663814805611964,-0.6053385830782816
0.30597869312891146,-0.4775757590534605,0.41173225099869953,-0.4522483331842053,-0.03490768536760511,-0.7462201058552537,0.031123837015928687,0.5361406518193146,1.6616370777651244,1.1760064318547,-0.4675763449596619
0.7213108935188142,-0.46805833955796383,0.1138446398171605,-0.6693799921214231,-0.49580557522389207,-0.7462201058552537,0.8992020743862447,-0.1376423019656258,0.9659443114668917,1.1418067864707262,-0.5395512096839505
1.205865127307034,-0.34349069265494364,0.4400257576407625,0.19046137726995924,0.35196267078974514,0.5745234443310361,0.6313907032826365,0.26938699093517443,1.3444946001825462,0.2516849816584463,-0.5102742674969674
-0.2477975740576255,0.0540365453789207,0.20031251025320745,-0.191690342459544,-0.6653896774243332,0.5745234443310361,0.8160882005954696,-0.9419275855365569,0.22235870101572602,0.3770009236371085,-0.48223570302752833
0.0983125929339601,-1.07673514193656,-0.826178234943842,-1.1731254408557683,-1.0009467324341703,-0.7462201058552537,0.5021024551636534,-1.158090034873705,-0.37334955228377875,-0.22940658162863117,-0.5879600707411335
0.30597869312891146,0.9888838551420936,2.4395171576799735,2.466001162932001,4.0825433690169834,-0.7462201058552537,-0.4398547811317958,1.4036649498239857,1.6538954947376638,0.28126053705856147,0.02273493500423136
-0.2477975740576255,-0.2796368610412726,0.514412879711895,-0.07878187981219077,-0.4298316248392295,0.5745234443310361,-0.4213850314005125,-0.6240078129742088,1.3330790455488335,0.660870393988476,-0.31715769968428575
-0.5939077410492111,-0.46072114123612795,-0.27457627783621996,-0.460933599541694,0.5192813168764877,-0.7462201058552537,0.28970033325389516,1.7169855213366072,0.08524083213951837,-0.03299137687802405,-0.4956775703522256
1.759641394493571,1.9743367485812064,-0.2665031204950861,2.7265591536566625,1.7283064788083122,-0.7462201058552537,2.903169920230484,-0.09682439264930265,-1.1712574571988204,-1.115618082159259,-0.4686729111143447
-0.7323518078458453,-0.6196437440811232,-0.13291605820075092,-0.24380194060447627,-0.3194950642716979,-0.7462201058552537,-0.6337871533102706,-0.3026386396245658,0.7604643280600584,-0.05362909392007698,-0.31835705173918205
-0.10935350726099127,-0.8928695789214439,-0.6066941960032002,-0.7996589874837537,-0.7634112926326593,-0.7462201058552537,-0.6430220281759123,-0.6883966276703806,0.051125381510031286,-0.2604717767550901,-0.4093830357222729
0.23675665973059432,-0.6756947559268708,-0.32525906116661496,-0.31328407146438597,0.35945451975430104,-0.7462201058552537,-0.49526403032564575,1.0351539657146458,0.3880810631120418,-0.28123363044100513,-0.39570811373612924
-0.04013147386267415,-0.8828460279379047,-0.38733835411621087,-0.7388621229813327,-0.03959292021855105,-0.7462201058552537,-0.753840526563612,1.2455674137396358,0.8124247836342002,0.17006513831919887,-0.3502685009835062
-1.5630162086256507,0.3287863875205076,-0.7088770188810241,0.4423341016371318,0.6015373328630539,-0.7462201058552537,-0.8923636495482369,0.3257272037943246,-1.242112623890832,-1.119031839865463,0.5074941273849404
1.5519752942986196,-0.46894101920707176,0.0775808982652496,-0.8604558519861747,-0.3027850105938185,-0.7462201058552537,-0.20898290949075438,0.8707325281869213,0.8869539219324639,1.7138905097086305,-0.42386045725018956
1.275087160705351,-0.4178766471041697,-0.16293748915439024,-0.8865116510586408,-0.2202368104399996,-0.7462201058552537,-1.0493565222641452,1.2357941115089666,0.2555556587436498,1.1470515596738944,0.6477094856781715
1.5519752942986196,1.2037657121474443,0.229349664031701,2.3096663684972043,0.002094764489469658,-0.7462201058552537,2.1736148058447933,-0.995968197870844,-0.5704318863048926,-0.8120729537557687,-0.47758725191466944
-1.078461974837431,0.5778596960816287,0.7889780074009229,1.5540481953956866,1.1481357196635196,-0.7462201058552537,-0.9200682741451619,0.042876339236141696,0.41511099707232796,-0.27971295655369594,0.7743384167977423
0.4444227599255457,0.32157096336093455,0.5699404433615686,-0.460933599541694,-0.23189537024037693,0.5745234443310361,0.9453764487144529,0.13945956128039924,0.42390228627300336,1.4795825944191556,-0.4664605408022651
-1.4937941752273336,-0.15167662014270397,-0.6198818164898937,0.22520244269991407,0.05508915341617608,1.8952669945173257,-1.0124170228015785,-0.15833870668939523,-0.9149979376627118,-0.9725506001083347,0.6817937299147071
0.02909055953564297,-0.8938894070258462,-0.9494458252638381,-1.2339223053581891,-1.0359450458200894,0.5745234443310361,0.9453764487144529,-1.2983656668903647,-1.1971064717142395,-0.6925293657166883,-0.5824629488799887
1.1366430939087169,0.48060118625714815,-0.978492750159226,0.5726130969994625,-0.7719978034069224,-0.7462201058552537,-0.9015985244138787,-1.3161875709580553,-1.6033427607484392,-1.3973772295649731,0.6345396986775685
-0.04013147386267415,1.9764601092742917,1.0854222291948454,0.7984300222941689,0.8859889078584235,0.5745234443310361,2.2936681790981353,0.3165288016948716,-0.23400105778948946,0.3603045450376732,-0.43778382429995055
-1.770682308820602,-0.25679066159692887,-0.7574162797279411,-0.6259536603339795,-0.39969138764263096,-0.7462201058552537,-1.1417052709205617,0.03022853634939347,-1.1060444611878395,-0.7951903701905403,2.3049738253395677
0.8597549603154484,-0.19684409674075523,-0.38973983408569657,0.5639278306419737,0.3384110868071673,-0.7462201058552537,-0.218217784356396,-0.07842758845039623,-0.47477741127067696,-0.8381416489667831,-0.36611951590518355
1.6904193610952538,0.004436879732735794,-0.02637896507173887,-0.28722827239191984,-0.20381894092937294,-0.7462201058552537,3.3556787886469257,-0.04680808123352613,-0.06998446822464784,0.1599480018444482,-0.5755020898409389
-1.4245721418290165,-0.6107315348509811,0.1385121501205522,-0.24380194060447627,-0.7125691898957156,1.8952669945173257,-0.8554241500856704,-0.9976928982644914,1.4345069045357313,0.35558735257091817,-0.12124227730536577
0.9289769937137655,-1.1815121691260855,-0.8777378131635463,-1.1123285763533473,-0.4491137222429245,-0.7462201058552537,0.8068533257298282,1.438158957696935,-0.3278185470205788,-0.5961062275969006,-0.6074140887424834
-1.4245721418290165,-1.20123177424796,-1.009857123418809,-1.2599781044306553,-0.9770617055787555,0.5745234443310361,-1.104765771457995,-0.8694901690033636,-1.1381917127425483,-0.9834746247681884,-0.05781238372929792
-1.147684008235748,-0.3662361050671942,-0.9976080512801964,-0.8083442538412424,-0.26389365182450464,-0.7462201058552537,-1.0955308965923534,0.8230158172960085,-1.5387858310957176,-1.248289120286743,1.1567321967386646
-1.4937941752273336,1.396630117313751,3.108561165215249,2.179387373134874,3.4437135518437483,-0.7462201058552537,-1.0308867725328619,1.2277455096719454,1.7403650407562483,0.7814381093394178,2.387723070897989
-0.04013147386267415,-1.1478224564032058,-0.5201571460595421,-1.0689022445659038,-0.7489090812890201,-0.7462201058552537,-0.03352028704356285,-0.1387921022280573,1.6531082151077525,0.6831529215617004,-0.5740553920368658
-0.8015738412441624,-0.8988157697785535,-1.0440161663917016,-0.7388621229813327,-0.839825682909153,-0.7462201058552537,0.14194233540362866,-0.9677980914412687,-1.5407540301704958,-1.3787256988247114,-0.5456815366629875
-1.078461974837431,-0.6953279721640938,-0.31146797650053365,-1.0689022445659038,-0.855607743210758,-0.7462201058552537,-0.6430220281759123,-0.6119349102186766,0.47507546221723385,1.4722274982703338,-0.339861840829816
-0.10935350726099127,4.144522413474895,5.052364755287721,2.7265591536566625,3.181453570114716,0.5745234443310361,-0.28286190841588754,0.7155094927586503,0.8974509836646138,1.4183832289952032,0.6023017530443312
1.205865127307034,-0.25679066159692887,-0.22884653880029177,-0.14826401067210046,-0.26545539677481994,-0.7462201058552537,2.552244675336101,-0.3026386396245658,-0.1145969805862848,-0.2838404999621066,-0.5747380663045932
-0.524685707650894,-0.4631505235714527,0.12428123491267183,-0.2611724733194537,0.37329623026915065,-0.7462201058552537,0.5021024551636534,0.9558177476068628,0.9770974395573012,0.3578218121604337,-0.514448914085848
-1.770682308820602,0.024395640523984272,-0.1175103941790662,0.04281184919265116,0.42176999514336333,-0.7462201058552537,-1.1417052709205617,0.5447641537875519,-0.23177043217140758,-0.28657150612706994,2.938305914049575
1.3443091941036682,1.7962812041134952,-0.8580804104772837,0.32942563898977856,0.2914887787083666,0.5745234443310361,1.2316575695493441,0.05552414212288961,-1.5729012817252046,-1.2548373282504621,-0.3629875690633874
0.0983125929339601,0.08267543678645951,0.32552728874788667,0.8418563540816124,2.7156749700843217,-0.7462201058552537,0.21582133432876183,2.087796105970811,0.3745660961318989,-0.31242296221132587,-0.4100239360412505
0.5828668267221799,-0.9475649685800765,-0.9560896636256834,-1.0862727772808811,-0.4786181502305014,-0.7462201058552537,-0.8646590249513121,1.1495590918265939,-1.1755874951633323,-0.9471956905995266,-0.29777238883548496
0.5828668267221799,-0.6730547701806583,0.0550322872307623,-0.2959135387494085,0.9476747469434065,0.5745234443310361,-0.28286190841588754,2.080897304396221,1.427027748051575,0.2985465647163415,-0.4511844673331183
0.7905329269171313,-0.1180423036820161,0.5952351290880116,-0.21774614153201013,0.6902872448485595,0.5745234443310361,0.33587470758210347,1.4243613545477556,1.1262869294254814,0.996535878991252,-0.4547182136030214
-1.2169060416340651,-0.8825832007379907,-0.5850695417822317,-0.9646790482760392,-0.6642291712952452,-0.7462201058552537,-0.6614917779071956,-0.06865428621972741,0.10164249109600249,0.1255621514946815,-0.3979897408579783
-1.5630162086256507,-0.7394595142555199,-0.8699937470394102,-0.3914514686817843,0.07808322432496831,-0.7462201058552537,-0.8831287746825954,0.6505457779312624,-1.0644498540741956,-1.1228800758251845,-0.15605701598780283
1.4135312275019853,-0.3144332788260005,-0.1422912494384312,-0.8257147865562198,-0.6277411301833336,1.8952669945173257,1.739575687159635,-0.23882472505960986,0.13037819758776278,0.9964738106693211,-0.5590953714694447
-1.4937941752273336,1.6055792054638447,-0.20190665755197687,0.346796171704756,0.5066618415401457,-0.7462201058552537,-1.0124170228015785,0.3061805993329867,-1.0539527923420455,-0.565506544884924,2.3309473276319923
-0.6631297744475282,-1.0297176254104226,-0.2665031204950861,-1.0081053800634827,-0.8236053463566689,-0.7462201058552537,-0.19051315975947097,-0.5900887052324756,2.065117888094635,1.3266772833421703,-0.5395808911738518
-0.8015738412441624,-0.857932840208257,-0.2926192314484378,-0.5912125949040247,-0.6193315760174066,1.8952669945173257,-0.513733780056929,-0.5475460955225048,1.0505768716823503,0.1187656702432386,-0.44189526030848597
0.7213108935188142,0.20521123664538957,1.2220310419591125,0.7810594895791915,0.5573660827333858,-0.7462201058552537,-0.8738938998169536,-0.0013909708674766218,1.4708529807833006,0.4917652508875028,0.3769351471395638
0.9981990271120826,1.4147871573835826,2.99157692418448,2.7265591536566625,0.6855032435185424,-0.7462201058552537,1.1947180700867777,-0.6791982255709275,1.622666736084518,0.4365865126908558,-0.3913432857489928
-1.5630162086256507,-0.04994565526453212,0.07813798220977967,0.11229398005256083,0.30664326034087275,-0.7462201058552537,-0.9200682741451619,0.2941076965774545,0.1596387571661305,-0.1017010092556263,0.358443578931121
0.0983125929339601,-0.6607436220086376,-0.19917647721016898,-0.730176856623844,-0.6492187241113849,-0.7462201058552537,0.5205722048949366,-0.45268757387189473,0.6947264789624698,0.5929676497959766,-0.5392648382721261
-0.04013147386267415,-0.2851716065325,-0.08130814552280968,-0.04404081438223594,-0.15160439566033382,-0.7462201058552537,-0.18127828489382933,-0.21755342020462448,0.2043824827994193,-0.17115546149640032,-0.39341714244153353
-1.0092399414391138,0.1750351599711296,-0.524390775587476,0.12097924641004955,0.9773479009993966,-0.7462201058552537,-0.1443387854312627,1.2208467080973555,-0.9370417673002266,-0.8263797019608611,-0.3141604188614857
0.652088860120497,-0.7617593162062631,-1.0364224451861783,-0.47830413225667145,-0.8415067706883461,-0.7462201058552537,-0.3844455319379459,-1.1333693292314246,-1.5533505042490754,-1.3957013848728363,-0.4495206549269904
0.3752007265272286,0.7663006975101053,0.4686951265793569,0.3815372371347108,1.0229306887257927,-0.7462201058552537,1.3517109428026857,0.8989026346164966,-0.09714561545658554,0.11255883805013979,-0.4590143344376087
0.7213108935188142,0.6953644415734007,0.5086130052865944,1.276119671956048,1.9945438689549455,0.5745234443310361,0.8807323246549611,0.9178743389466187,-0.0018847802373255188,-0.36176727814646037,-0.4241853046674415
-1.2861280750323822,5.206718896997747,-0.2665031204950861,2.7265591536566625,2.115185065505585,1.8952669945173257,-0.9754775233390118,0.11933805668784554,-1.4475926072976655,-1.115618082159259,4.8023694387108815
0.4444227599255457,-0.6616570502438079,-1.0451645983306708,-0.9386232492035731,-0.5945226710556788,0.5745234443310361,-1.0678262719954283,0.11933805668784554,-1.5987502962406237,-1.3425709012999116,0.48649172499374516
-0.8707958746424795,0.15201056992034448,0.9980615392377827,0.285999307202335,0.4101320116927926,0.5745234443310361,-0.947772898742087,0.24639098568654166,1.2502834711365016,0.7700175381041161,0.6024534584371596
0.7905329269171313,-0.7025673118906044,-0.7345110880675936,-0.30459880510689724,-0.10302157613214656,-0.7462201058552537,0.2527608337913285,0.1613057662666002,-0.7085994613543151,-0.9349992653400877,-0.5257586610526429
-1.3553501084306994,0.8443859997063116,1.5238383041123844,1.3456018028159575,1.384500365161039,0.5745234443310361,-0.7630754014292538,0.3573467110111947,0.9246121308965518,0.3204256481970143,0.418356765611118
-0.2477975740576255,-1.073138045440057,-0.8408766003839427,-1.1731254408557683,-0.8754371715193067,-0.7462201058552537,-0.28286190841588754,-0.47050947793958503,-0.45640755323941473,-0.298085179845268,-0.5386728574457634
0.5136447933238628,-0.8416565886525736,-0.8364009077201487,-0.5651567958315585,-0.6525911878446744,0.5745234443310361,1.554878189846802,-0.6521779194037839,-0.8541149796162426,-0.9922262581604574,-0.5926123694545352
-1.2861280750323822,-0.32881507582928526,0.5130154797144607,-0.3914514686817843,0.3837901686704786,-0.7462201058552537,-0.28286190841588754,1.2564905162327362,1.4527455492953416,1.213619834944878,-0.3759078116859322
-0.4554636742525769,-1.004679735081744,-0.9088572570929805,-1.0775875109233923,-0.8069570217282093,-0.7462201058552537,-0.15357366029690447,-0.37565095628897494,-0.9109303262415037,-0.7748319605971766,-0.5384238627249256
1.1366430939087169,0.8412884457151235,1.4260576950993096,0.22520244269991407,1.2828881769114742,0.5745234443310361,-0.9939472730702953,1.4600051626831363,0.828301589504077,1.326304873410584,1.4397963210680267
0.652088860120497,1.7749026395626364,3.3140959576776816,-0.24380194060447627,2.2437605025416207,-0.7462201058552537,0.5852163289544281,4.229873994880953,1.4964395687554157,5.14325839887854,-0.2646088204431068
-0.2477975740576255,-0.5315043863517124,0.11272122193744076,-0.9386232492035731,-0.5928950817859827,0.5745234443310361,-0.9385380238764451,0.12508705800000375,1.1296984744884297,2.193554501591296,0.08231612872311118
-1.0092399414391138,-0.3081664241428118,-0.6461610399545997,0.11229398005256083,0.6691985439318516,-0.7462201058552537,-0.8369544003543872,0.8028943127034548,-0.8625126290019626,-0.9687023641486134,0.012800980060078626
-0.2477975740576255,0.8071284748546076,-0.2665031204950861,0.7897447559366803,-0.29959156110384577,-0.7462201058552537,-0.7169010271010455,-0.871789769528227,-0.8866558709859073,-0.7955317459611607,0.3082747154542414
0.9981990271120826,-1.20123177424796,-1.0199586343456273,-1.3381455016480537,-0.78586420554154,-0.7462201058552537,0.040358711881570475,1.0265304637464083,-1.2060289741865668,-0.9096753899922452,-0.5869855284893777
-1.4937941752273336,0.6883925657383537,1.0661990549433629,0.48576043342457537,-0.6158130202004907,0.5745234443310361,-0.8646590249513121,-1.1207215263446768,0.6110124116485748,0.6200915064798177,0.6234179344801478
-0.8707958746424795,-0.40596425440537043,-0.1746835441952875,0.03412658283516245,-0.827774114827471,-0.7462201058552537,-0.03352028704356285,-1.2811186629538902,0.21002465348044985,-0.3518053124765369,-0.44552244830585574
-0.7323518078458453,-0.5719268192402654,-0.011349293628144476,-1.0689022445659038,-0.8280786448046077,-0.7462201058552537,-0.781545151160537,-0.4894811822697071,0.9403577234947766,2.606991593973598,-0.18919914774858565
0.23675665973059432,-0.554802053131099,-0.2665031204950861,-0.9473085155610618,-0.6490314793281454,0.5745234443310361,-0.2643921586846043,-0.05543158320176343,0.2753688627630828,1.0685040982702307,-0.4295428135946066
-1.2169060416340651,0.08517070894906088,-0.8001294795562812,0.20783190998493664,1.0229780143303475,0.5745234443310361,-0.8277195254887454,1.1438100905144357,-1.3028643686656494,-1.1718830159896985,0.199160611662476
-0.4554636742525769,1.097810721268053,1.868871033182371,0.5639278306419737,0.015922071559454746,-0.7462201058552537,0.058828461612853725,-0.4377401704602833,0.9885129941910143,1.3053568147588763,-0.2179632597489427
0.02909055953564297,-0.18582634147453267,0.0953987253442243,0.02544131647767374,0.12506931910816915,0.5745234443310361,1.1023693214303611,0.1296862590497304,0.37824006773815155,-0.005246836974872896,-0.5237452666543454
-0.04013147386267415,1.3506446307118818,2.429634910616262,1.875403050622769,2.1863175067867435,-0.7462201058552537,-0.49526403032564575,0.6062784678276445,1.2235159637195194,0.5789402090395736,0.17479705536858087
-0.524685707650894,-0.7458317926623508,-0.6075987408644892,-0.4435630668267166,-0.7081493899572738,0.5745234443310361,-0.7353707768323288,-0.8735144699218743,-0.2740211056433108,-0.6425333324012786,-0.30409949309942236
0.9981990271120826,1.957612202163646,0.8854786001008531,1.3890281346034012,-0.9171927581816889,0.5745234443310361,0.5852163289544281,-1.5306253199015558,-0.36534554271301445,-0.14555227869986817,-0.2437190977820919
0.1675346263322772,-0.8405840486863504,-0.44174875340097713,-0.6433241930489569,-0.7632425665642458,0.5745234443310361,1.2778319438775525,-0.846494163754731,0.47940550018174577,-0.1109802233843087,-0.5865545972285902
-0.6631297744475282,-0.8095648262593483,-1.0357055057692586,-1.1731254408557683,-0.986989794360404,1.8952669945173257,-0.34750603247537926,-1.081628317422001,-1.5385234045524139,-1.2080688476754635,-0.4689537859539653
-1.2861280750323822,-0.804746083557859,-0.9946958676010387,-0.9212527164885956,-0.2595376385704632,-0.7462201058552537,-0.9108333992795203,1.2444176134772043,-1.4077037727154962,-1.1965551739572657,-0.15601304341017147
-0.04013147386267415,-0.5047619017877508,0.3048586406038502,-0.0006144825947923895,0.7561192184195573,1.8952669945173257,-0.005815662446637814,1.1064415819854074,1.5016880996214905,0.28731219844683287,-0.4667925337633822
1.3443091941036682,-0.24701383141108066,0.006478955975517462,-0.7475473893388215,0.1837962790909735,-0.7462201058552537,2.524540050739177,1.8992288629320224,0.31132129919569596,1.1249862712274288,-0.5736667843820484
-1.2861280750323822,-0.6908486840912773,-0.1658789861842306,-0.3480251368943408,-0.6260765034839856,-0.7462201058552537,-0.9108333992795203,-0.7763563477464009,0.8719956089641506,0.012566771419320385,-0.08271625307083892
-0.3170196074559426,-0.012300356577485672,0.16140522559595114,0.6247246951443948,-0.31225424677478153,0.5745234443310361,-0.31056653301281256,-0.8263726591621773,0.24492738373984807,-0.3476157007461954,-0.2964927868264114
-1.2169060416340651,-0.29820681069537064,0.4176687907789607,0.285999307202335,-0.02144457968919561,0.5745234443310361,-1.0493565222641452,-0.30436334001821325,1.190843859078203,0.1387206357440506,0.7824793898889747
0.30597869312891146,1.8972837203456654,2.945437449646787,0.2686287744873576,1.6427068059781855,-0.7462201058552537,-0.6614917779071956,1.8509372519098932,1.1202511189294952,2.9287537748638326,0.6118899735968572
-0.4554636742525769,-1.0238478179456745,-0.3727332702720605,-0.24380194060447627,-0.37265612163183703,0.5745234443310361,-0.18127828489382933,-0.3969222611439602,1.5434139200067865,-0.41517706916807434,-0.5393610282856948
-1.2861280750323822,-1.042972706367279,-0.8261851398664473,-1.1644401744982795,-1.019619769883592,-0.7462201058552537,-0.513733780056929,-1.2684708600671424,-0.46204972392044524,-0.2541408079181293,-0.4953285380172764
-0.4554636742525769,-0.9465705202609959,-0.560418837799898,-0.9907348473485054,-0.9503494882599239,-0.7462201058552537,-1.086296021726712,-1.1120980243764393,0.39018047545847184,0.27539508063608337,0.22706505977013927
-1.2169060416340651,-0.1884019016118523,-0.5029017444689995,0.4423341016371318,0.5532117177074481,1.8952669945173257,-1.1140006463236367,0.2688120908039587,-0.6843250060987186,-0.9120029520646572,1.742300172311009
0.7213108935188142,-1.1361438505730395,-0.6315794067909956,-0.9646790482760392,-0.018127672100383536,-0.7462201058552537,0.5298070797605784,2.3378776630496922,0.9257930503414189,-0.022160454701066763,-0.5958888761452946
-0.10935350726099127,-0.8565840510402669,-0.5786413193998526,-0.8430853192711972,0.4351137579928952,0.5745234443310361,-0.34750603247537926,3.1295151437338755,0.0561114858328025,-0.1150146643098228,-0.47998595602446203
0.02909055953564297,-0.38624098873753615,-0.2665031204950861,-0.24380194060447627,-0.29959156110384577,0.5745234443310361,-0.23668753408767926,-0.2675697316204009,-0.013693974685993981,-0.2550097644251633,-0.40042197405821484
-0.4554636742525769,3.511986416566678,1.9526471563363939,2.7265591536566625,2.048599997531668,1.8952669945173257,-0.7630754014292538,0.082544448290033,-0.27284018619844375,-0.05837732054779742,1.5964722641403506
-0.3170196074559426,-0.01406962045805877,-0.42835476692547747,-0.5738420621890472,-0.25861376046415024,0.5745234443310361,-0.28286190841588754,0.27341129185368507,-0.6860307786301929,-0.1778898744259124,-0.30708083386283097
0.23675665973059432,-0.7085257045675798,-0.8175345746576435,-0.3740809359668069,-0.4716324794711859,-0.7462201058552537,1.5271735652498772,-0.45613697465918956,-0.9390099663750048,-1.040949890876282,-0.5820408121347274
-1.078461974837431,-0.22580511619275692,-0.6397754196418796,-0.4088220013967617,-0.779586361215569,-0.7462201058552537,-0.8369544003543872,-1.0396606078432462,-0.9052881555604733,-0.7227256043361133,0.05594247597424091
-1.2861280750323822,0.7825386353514092,0.4542816869078921,1.2240080738111156,0.5810391731857932,0.5745234443310361,-0.7630754014292538,-0.2422741258469049,-0.12365069633026393,-0.38020156975996344,0.39104264935815625
-0.3170196074559426,-0.29027147916370216,-0.628880624304808,0.285999307202335,-0.3403286184508049,-0.7462201058552537,-0.28286190841588754,-0.7113926329190133,-0.8416497188093147,-0.9996434226312104,-0.36747936786843444
1.5519752942986196,-0.25679066159692887,0.7124188311849814,0.2686287744873576,-0.39703292324762784,0.5745234443310361,0.5482768294918616,-0.7752065474839692,1.650615162946367,0.47748953684337603,-0.4937927957434999
1.4827532609003025,-0.018968163061471786,0.3875045712371069,-0.24380194060447627,0.7648991468820018,-0.7462201058552537,2.9216396699617677,1.6152281981114076,0.6124557576367452,0.731007597770491,-0.5692337988995834
0.8597549603154484,-0.49229579050343136,-0.6066023475043945,-0.460933599541694,-0.6262246532025927,1.8952669945173257,0.9176718241175279,-0.6889715278015964,-0.6200305029893006,-0.6276679692988072,-0.5428139749442001
0.4444227599255457,0.7340464068762645,1.553741439410824,0.00807078376269632,-0.4116771114049321,-0.7462201058552537,0.3820490819103117,-0.6533277196662156,1.0848235355834892,1.8685647679606494,-0.350535634392617
0.5828668267221799,-0.7397979927386032,-0.8081428376620222,-0.5912125949040247,-0.5928662748962534,4.536754094889905,1.554878189846802,-0.48488198121998055,-0.8804888472182691,-0.9219338835736152,-0.5850161066687117
0.0983125929339601,0.06053133005720653,0.5381004121315742,0.42496356892215437,-0.5650203007030825,-0.7462201058552537,0.34510958244774526,-1.0442598088929727,0.7245118916274452,0.14831019148238803,-0.43232023152924964
1.3443091941036682,-0.602326433254471,-0.06454299343724054,-0.5391009967590924,-0.5619708856617555,0.5745234443310361,-0.6614917779071956,-0.4728090784644484,0.8895781873655018,0.47792401509689275,-0.2961772835819061
-0.2477975740576255,0.26665423268993205,0.29213325908703325,0.8244858213666351,1.1750392970355517,0.5745234443310361,0.040358711881570475,0.582707562447796,0.11660080406431614,-0.33219172274634523,-0.34740588617970236
1.5519752942986196,-0.6067405636092028,-0.9085650355570637,-0.41750726775425046,-0.29959156110384577,1.8952669945173257,1.1947180700867777,-0.06348018503878497,-1.2579894297607088,-1.180976025152588,-0.5644688204560012
-1.078461974837431,0.1475215203916353,0.8207526372885054,1.093729078448785,1.6451348152553553,-0.7462201058552537,-1.086296021726712,0.7798983074548219,1.0039961602459355,-0.04593262200063466,1.7672441666296388
-1.0092399414391138,-0.6810357365186256,-1.0341879861748047,-0.9038821837736182,-0.46383815816447416,0.5745234443310361,-1.0770611468610702,0.47692593830408503,-1.5650284854260923,-1.3190159731271023,0.5274769156323077
-0.5939077410492111,-0.4140462518118283,-0.2665031204950861,-0.7388621229813327,0.3824403601231707,0.5745234443310361,-1.0308867725328619,2.4131895802389645,0.028163058970953364,0.45505183846532427,0.5339546259746327
-0.6631297744475282,1.3847301704712152,2.6569208606930537,2.47468642928949,2.6847219670703653,-0.7462201058552537,-0.5599081543851373,0.5677601590361847,1.3783476242687298,0.3873973675605488,0.2640905197929948
0.23675665973059432,-0.7145438861618989,-0.8607763267691823,-0.9559937819185504,-1.0148728059832266,-0.7462201058552537,1.2870668187431942,-1.3788516852605797,-1.058020403763254,-0.7601528024604983,-0.5763765944785832
-0.3862416408542597,-0.37708376696448453,0.20381486939277693,-0.07009661345470207,0.4235889444662602,-0.7462201058552537,-0.6337871533102706,0.709760491446492,0.9441629083726808,0.23300241675721933,-0.23430621788287126
0.5136447933238628,1.6315908010178317,3.109501928349826,0.3554814380622447,0.4689186430900359,-0.7462201058552537,-0.8184846506231037,0.25099018673626805,1.4846303743067473,2.9052298808519885,0.9543835862522714
-0.1785755406593084,0.4621613080028218,0.5910059291330697,0.5205014988545302,-0.29959156110384577,1.8952669945173257,-0.9939472730702953,-0.7706073464342427,0.29872482511711634,0.1252518098850265,1.1113618407958106
0.7905329269171313,-0.6155536940620326,-0.8747422492868911,-0.3653956696093182,-0.5026945371391168,-0.7462201058552537,-0.1628085351625461,-0.524550090273872,-1.1660089263327456,-1.1388626687224135,-0.46193411359233344
-0.7323518078458453,0.2008561630988094,0.7555663897296602,-0.24380194060447627,-1.0528135373914789,0.5745234443310361,-0.28286190841588754,-1.5996133356474542,0.830401001850507,1.2858983958335115,-0.2600818435759546
-0.524685707650894,0.5015744063520575,1.3638672719802367,1.215322807453627,-0.5478513944245177,-0.7462201058552537,-0.9570077736077286,-1.2052318456334021,1.1778537451846673,0.2879018475051773,0.9065403224748718
0.0983125929339601,-0.7465109459560936,-0.30137050430203155,-0.6346389266914682,-0.8145702711566236,0.5745234443310361,0.5575117043575031,-0.9804458943280168,0.6442093693764985,0.17251683703547294,-0.5514380967321576
-1.078461974837431,-0.9746200637690059,-0.5276112054342573,-1.2512928380731667,-0.8467208177293196,0.5745234443310361,-0.23668753408767926,-0.021512475460030316,0.6275452838767107,1.73902818009068,-0.5231296505675059
-0.3862416408542597,1.3315407294204467,0.16904662985191837,0.7550036905067253,1.3455267009924992,-0.7462201058552537,0.3543444573133867,0.8235907174272242,-0.673565517823265,-0.404966830210427,-0.26712680016972457
-1.5630162086256507,0.03606643718943651,-0.7480215462564723,0.4944456997820641,-0.8375952065901257,-0.7462201058552537,-0.9015985244138787,-1.3782767851293638,-1.2093093059778637,-1.167134789361978,0.35641424447343223
1.6211973276969367,1.2741121321118252,0.7162025984911051,0.08623818098009471,0.2260971390232286,-0.7462201058552537,-0.28286190841588754,0.20902247715751338,-0.17849784388074705,0.6953803809821046,-0.025387004983906898
-1.0092399414391138,0.22628621991798178,-0.2665031204950861,0.06886764826511729,0.23686680051196404,-0.7462201058552537,-1.1232355211892786,0.2440913851616783,-0.6067779625524614,-0.4885107915295351,2.719741316247164
-1.3553501084306994,0.45274418746662387,0.5303998600480073,-0.2698577396769424,0.16338248244791956,0.5745234443310361,-0.28286190841588754,0.5942055650721123,0.23456153527935006,0.9940221119530473,-0.20500014386320733
-0.9400179080407967,-0.9288927676755014,-0.6044008497273441,-1.0167906464209715,-1.0431056155527603,1.8952669945173257,-0.09816441110305439,-1.463362004549305,0.16160695624090868,0.2013165384114509,-0.5298294224268694
0.9981990271120826,-0.0014895441761907458,0.708538525243943,-0.7041210575513779,-0.06949035648743263,1.8952669945173257,1.9335080593381102,1.0552754703071994,1.0900720664495642,2.592095196710161,-0.5439110907561033
0.7905329269171313,0.22116023539226615,0.1512458696571189,-0.24380194060447627,-0.29959156110384577,-0.7462201058552537,1.1947180700867777,-0.2675697316204009,-0.02943956728421879,0.3747974982085584,-0.49356688662591863
0.5136447933238628,-0.6023369268195558,-0.39483514584214346,-0.999420113705994,-0.678455659551477,0.5745234443310361,1.5087038155185937,-0.034160278346778226,0.04836990280534196,0.8561373347833601,-0.5735524556802067
-0.5939077410492111,-0.24824621521754883,0.4648390530082162,0.40759303620717696,-0.4017387344483802,0.5745234443310361,0.3174049578508202,-0.8430447629674359,1.1673566834525175,0.08766944095581426,-0.46988875288585286
-1.6322382420239678,0.5792533879467257,-0.2665031204950861,0.1817761109124705,-0.0047900821557937765,1.8952669945173257,-1.104765771457995,-0.20260601679301324,-0.7949377941012479,-0.5528446072110028,2.8066794994821964
-0.3170196074559426,-0.7839227018109044,-0.9722447071723765,-0.3740809359668069,-0.03949003846951842,-0.7462201058552537,-0.2643921586846043,0.388391318096849,-1.3462959615824193,-1.2986575635337387,-0.47869151327043785
-0.04013147386267415,-0.5540233329872494,-0.726738620563685,-1.060216978208415,-0.927686696583017,1.8952669945173257,-0.569143029250779,-0.9430773857989885,-0.8425682117108778,-0.12007323254719827,-0.32975474386123976
-0.7323518078458453,-0.20916378618668238,-0.9513154959111603,-0.40013673503927305,-0.04560738726699836,-0.7462201058552537,-0.6337871533102706,0.4205857254449349,-1.479477432309071,-1.2584683250834248,-0.17611895487490667
-1.4937941752273336,-1.1600235441600353,-0.5912547890578408,-1.1644401744982795,-0.5733475494697835,-0.7462201058552537,-0.28286190841588754,1.1294375872340403,1.325993528879632,0.8220618260432484,-0.557672858583069
-0.10935350726099127,-0.46030286285112054,-0.7553767219282179,-0.24380194060447627,-0.6209715110969867,-0.7462201058552537,-0.7169010271010455,-0.8355710612616303,-0.9829664123783822,-0.9920710873556301,-0.20149497976876468
-1.2169060416340651,-1.0757226349240776,-0.7754240573193397,-1.0081053800634827,-0.7592096020021668,-0.7462201058552537,-0.5968476538477039,-0.33310834657900423,-0.12233856361374534,-0.4051530351762201,-0.48627073668242926
1.275087160705351,-0.25679066159692887,-0.4441907509351842,-0.6085831276190021,-0.5307339290204691,-0.7462201058552537,-0.28286190841588754,-0.31471154238009813,-0.5184714307307507,-0.16435898024495715,-0.3601579336928071
-1.4937941752273336,0.4495907491404496,0.442765839381023,0.2512582417723802,-0.46054388456044937,-0.7462201058552537,-0.8184846506231037,-0.84936866441081,0.13090305067437022,0.19725106332497108,0.36276388468340576
1.0674210605103998,-0.2888816918809624,-0.03907047338332238,0.31205510627480115,-0.13048894548887738,0.5745234443310361,2.386016927754552,-0.4601612755777003,0.2912456686329595,-0.37371543011817526,-0.5732765277555697
-0.10935350726099127,-0.7671637462613214,-0.9808313041359128,-0.7562326556963102,-0.7978663903836863,-0.7462201058552537,-0.6799615276384788,-0.8349961611304145,-1.381198691841818,-1.2239893722507618,-0.3463708816337034
1.275087160705351,0.055873407341551655,-0.036367782450377126,0.39022250349219956,0.9426767515754012,-0.7462201058552537,2.552244675336101,0.7902465098167069,-0.13834658275527387,-0.4153012058119363,-0.5575618278245498
0.9981990271120826,-0.8042109117385354,-0.8348994127574014,-1.0081053800634827,-0.8481755656606411,1.8952669945173257,1.3609458176683276,-0.6883966276703806,-0.8932165345685009,-0.6075578329931676,-0.5855668632035449
-0.3170196074559426,0.06553749271183776,0.40912219025391144,-0.24380194060447627,-0.8041586381545218,0.5745234443310361,0.6129209535513531,-1.1598147352673525,0.5227058798268639,0.7635934667842591,-0.4628459949209645
1.3443091941036682,-0.8522838856830839,-0.44126150037185125,-0.582527328546536,-0.6843487261360658,-0.7462201058552537,-0.5229686549225707,-0.7096679325253659,0.5175885622324408,-0.1925069642406596,-0.4375826497572869
-1.701460275422285,2.017700308130265,-0.2665031204950861,1.0242469475888754,0.03783794173838509,-0.7462201058552537,-1.0770611468610702,-0.6332062150736619,-1.1783429738680216,-0.859275912584284,4.103075735267678
-0.3862416408542597,-0.7027500951521973,-0.3564568043127616,-0.40013673503927305,-0.5226782880712144,0.5745234443310361,-0.6430220281759123,-0.5320237919796779,0.36629966001783093,-0.24632019935482505,-0.342473811941121
-1.3553501084306994,0.40688681997334786,1.1482410002709973,1.093729078448785,2.7324735020663686,0.5745234443310361,-1.0216518976672202,1.7532042296032038,1.0499208053240907,0.20410961289834512,1.2865491397365114
0.5828668267221799,1.3876159008695292,0.4036158401801138,0.32942563898977856,1.0876330206924119,0.5745234443310361,0.2065864594631202,1.0483766687326097,-0.49892065325462165,0.0868935869316768,-0.2200964794212858
-0.8707958746424795,-0.926593944812743,-0.8799075222403008,-1.2339223053581891,-0.29959156110384577,0.5745234443310361,-0.13510391056562104,3.3778720004191096,-0.9021390370408283,-0.3160539590442887,-0.525464594439733
-1.2861280750323822,1.3052685029941216,0.7515122881894627,2.683132821869219,1.2836104067896834,-0.7462201058552537,-1.0401216473985035,-0.33138364618535676,-0.16537651671555972,-0.6217094103934325,2.434231217287055
0.652088860120497,0.38898333372033206,1.0613132359331283,-0.2959135387494085,-0.4688999402168794,1.8952669945173257,-0.5599081543851373,-0.5234002900114405,0.9663379512818476,1.8755474541778852,-0.043139284230921664
-1.4937941752273336,0.45827917699424875,0.5746608047923939,0.5205014988545302,-0.5872118939694202,-0.7462201058552537,-0.8369544003543872,-1.0971506209648283,0.2828480192472397,0.1094243877926251,0.41426841520583896
-0.7323518078458453,0.6537298798993572,0.6444677483897436,0.3554814380622447,0.04613021071041489,-0.7462201058552537,-0.1443387854312627,-0.2692944320140483,0.1811577337170377,0.3185015302171535,-0.22278870048676797
-0.3862416408542597,-1.0779677697794254,-0.715498057970116,-1.207866506285723,-0.937777338528137,-0.7462201058552537,-1.0031821479359369,-0.7384129390861569,0.1861438380398089,0.4408071585821627,-0.20588289335915755
-0.10935350726099127,1.397762690233715,0.12435601652730226,2.0577936441300317,3.4183799499619543,-0.7462201058552537,0.40975370650723675,1.307081727779728,-0.7347109024130379,-0.8231211150594844,-0.2715427462783575
0.02909055953564297,1.9474863999296288,-0.8052391222841729,1.484566064535777,2.155870681978028,-0.7462201058552537,-1.0770611468610702,0.8701576280557055,-1.543640722146837,-1.3158194545476565,4.010048449345139
0.7213108935188142,-0.39840620314395947,-0.2665031204950861,-0.33933987053685205,0.28219238386577855,-0.7462201058552537,-0.6337871533102706,0.9437448448513306,0.00428224353031243,-0.160883154216822,-0.24169471023938652
0.7905329269171313,-1.0628194544521574,-0.7243268483510706,-1.268663370788144,-0.6607414800030391,0.5745234443310361,2.0997358069196603,1.3605474399827997,0.08497840559621465,0.7301696754244227,-0.6152560483058225
-1.2861280750323822,0.08594796487452623,-0.31922233486779816,-0.33933987053685205,-0.260782507733758,-0.7462201058552537,-1.0678262719954283,-0.08820089068106535,-0.5881456779778954,-0.24628916519385963,1.4219769836401244
1.759641394493571,-0.6966208769970974,0.0026669175711801735,-1.121013842710836,-0.6271732229286734,-0.7462201058552537,-1.0308867725328619,0.6200760709768243,1.3652262971035423,3.099255455208253,0.2446551901371382
0.9981990271120826,0.24881273168183585,1.4236933453740221,0.9634500830864544,0.8831699479349298,-0.7462201058552537,2.1551450561135104,0.18660137204009633,1.6663607555445918,0.5117512505492805,-0.5352732275376362
0.7905329269171313,-0.742947770518818,-0.6740036421223834,-0.8604558519861747,-0.2569079810651893,0.5745234443310361,1.4625294411903855,1.017906961778171,-0.4772704634320625,-0.34398470391323266,-0.5831450734904957
-1.078461974837431,-0.43426027467467393,0.19499428675001335,0.077552914622606,-0.06194295137839901,-0.7462201058552537,-0.8831287746825954,-0.19398251482477594,1.060942720142848,0.07001100336644836,0.024842320787216002
-0.04013147386267415,3.0901311900839405,5.142928938488947,2.023052578700077,2.5681013892719204,1.8952669945173257,2.2197891801730014,0.7684003048305056,1.5445948394516533,2.03658371542783,-0.3662453874086534
-1.4937941752273336,-0.964644099882944,-0.44282435794869446,-1.2252370390007006,-0.29959156110384577,-0.7462201058552537,-0.947772898742087,3.2651915747008085,0.9340594864554869,1.9710395674687082,-0.20887137966643127
1.6211973276969367,0.3874363869977179,1.1377035672491376,1.1718964756661834,3.4430118983153455,-0.7462201058552537,1.8503941855473354,2.275788448878384,1.0644854784774491,0.14812398651659522,-0.5149128247798592
-1.147684008235748,-0.7194914800811731,-0.6745380570757188,-0.999420113705994,-0.8443895172962403,3.2160105447036154,-1.0124170228015785,-0.687246827407949,-0.514010179494587,-0.08227362449122728,0.14890929960253743
-0.524685707650894,2.816520021772251,-0.19377630660662196,1.840661985192814,1.866178310686936,-0.7462201058552537,-0.49526403032564575,0.4044885217708918,-1.2417189840758764,-0.9701920038749573,0.5875066296430278
-0.04013147386267415,-0.35916026972688825,-0.34239421287857913,-0.9473085155610618,-0.9880371305655562,-0.7462201058552537,1.4994689406529527,-1.2857178640036169,-0.2071023371008555,0.833730670566274,-0.5548008996065186
0.652088860120497,0.012930810577870528,0.30054905692725825,0.14703504548251567,-0.46867565800398825,-0.7462201058552537,-0.13510391056562104,-0.8120001558817818,0.42954445695403387,0.13148967623909072,-0.34763729186948755
-1.2861280750323822,-0.1867051165412834,-1.0119068431801022,-0.08746714616967949,-0.27515097280365475,1.8952669945173257,-1.0770611468610702,-0.37277645563289585,-1.5917959928430743,-1.3925669346153215,1.182423175219807
1.5519752942986196,0.48386273270733554,0.3821209463915006,0.8939679522265447,1.139629456653502,-0.7462201058552537,0.5852163289544281,0.4861243404035384,0.026719712982782917,-0.2906990495354806,-0.41221706835061633
-1.078461974837431,0.014830389894612826,0.7817523315984158,0.5118162324970414,1.558100970843714,0.5745234443310361,-0.34750603247537926,1.3513490378833464,1.1744422001217185,0.31738430042239585,-0.27553380735562705
-1.078461974837431,-0.9983277116958907,-1.021013133280853,-0.9733643146335279,-0.9227874676940832,-0.7462201058552537,-1.058591397129787,-1.0235634041692032,-1.404817080739155,-1.2556131822745993,0.02774176262478615
1.4135312275019853,-1.1019519109444744,-0.6709777226425769,-1.1296991090683246,-0.45166724725391433,0.5745234443310361,-0.09816441110305439,1.5364668801348402,0.5210001072953897,0.31614293398377596,-0.5615199094685958
-1.0092399414391138,0.9835753313911825,0.5588930883193882,-0.21774614153201013,-0.46237517969323016,1.8952669945173257,-0.569143029250779,-0.5762911020832958,-0.15107427010550536,0.9427536780380522,0.15124864073252775
-1.078461974837431,5.168224107611628,-0.7246182881976361,2.3009811021397155,1.1344627352170833,0.5745234443310361,-0.5229686549225707,-0.2928653373938968,-1.613052542850678,-1.3143918831432437,1.3234998463773935
-1.078461974837431,-0.25679066159692887,0.1674368709139827,-0.5912125949040247,-0.6730090997576896,-0.7462201058552537,-0.7446056516979705,-0.6745990245212009,0.6285949900499256,1.0474939712965923,-0.08980573189946064
-1.5630162086256507,-0.6541658649552627,-0.013463372479380942,-0.7822884547687763,-0.09958532571445665,0.5745234443310361,-0.9200682741451619,1.2231463086222187,1.176935252283104,1.18544081678821,-0.04182725244584485
0.7905329269171313,-0.3084404770170027,-0.7844624707280654,-0.24380194060447627,-0.5141267570916225,-0.7462201058552537,-0.8184846506231037,-0.6470038182228416,-1.132287115518214,-1.035922356799872,-0.016648554494107733
-1.2861280750323822,-0.31137721102235666,-0.6503647047240582,-0.40013673503927305,-0.7404131064539058,0.5745234443310361,-1.0401216473985035,-0.9660733910476212,-0.8684172262262968,-0.7464046691527847,0.700295741610337
-0.2477975740576255,-0.6901836849085792,-0.20324621253739705,-0.2959135387494085,-0.6164570599494349,-0.7462201058552537,-0.6891964025041205,-0.7941782518140913,0.7653192191111777,-0.10623199675658826,-0.3118925331701465
0.5136447933238628,-1.0403027041441961,-0.4437913076765479,-0.8865116510586408,-0.40781904581620854,-0.7462201058552537,1.6379920636375775,0.6120274691398027,1.3148404007892232,0.3506218868164392,-0.6085650709619851
-0.3170196074559426,-0.8925943058652664,-0.9953651239675146,-0.9038821837736182,-0.482712843842,0.5745234443310361,-0.28286190841588754,0.41253712360791334,-1.3654530992435931,-1.2062378321784994,-0.49919262827663524
-0.04013147386267415,-0.7628347846092542,-0.05528388306826385,-0.6433241930489569,-0.7176453753929853,0.5745234443310361,0.7329743268046948,-0.7326639377739986,1.444610326452926,0.7109595297867825,-0.5616650189747794
-0.6631297744475282,-0.33751302110257986,-0.906964526609788,0.03412658283516245,-0.5346578389285735,0.5745234443310361,-0.28286190841588754,-0.8499435645420258,-1.3625664072672516,-1.2698888963187265,-0.3778096256684901
0.0983125929339601,1.227212729201991,0.14988742384570305,2.622335957366798,0.3523062958315141,-0.7462201058552537,0.8899671995206029,-0.8453443634922992,-0.6502095554692315,-0.9025685671311472,-0.373069931457046
-1.701460275422285,-0.17406451923288002,0.5543708851391779,-0.8604558519861747,-0.20575517544616695,-0.7462201058552537,-1.0678262719954283,1.1823283993058955,1.169849735613903,3.019342490722108,1.0966211334593263
-0.524685707650894,-0.4708889177304834,0.26206544789853603,-0.23511667424698757,-0.01105558067188075,-0.7462201058552537,-0.19051315975947097,0.23086868214371434,1.3052618319586367,0.528944175724164,-0.4281928554613228
1.5519752942986196,0.8026140455405768,1.942343578712203,1.484566064535777,2.0082230263063234,1.8952669945173257,-0.5044989051912874,0.7546027016813258,1.405902411315623,0.5174925703278969,0.0289477105663271
0.5828668267221799,-0.14095292873525245,0.5898555429707217,0.10360871369507213,-0.2543297644344316,0.5745234443310361,0.12347258567234526,-0.48775648187605963,1.1632890720313096,0.5210614988389286,-0.42818570991745764
-0.8707958746424795,-0.7105180177153038,-0.1068704295705962,-0.5130451976866263,-0.6053190817991627,-0.7462201058552537,-0.28286190841588754,-0.5964126066758495,1.1014876210832774,0.35152187748443864,-0.45937655854584736
0.5828668267221799,-1.0553687792055675,-0.998636233340587,-0.7996589874837537,-0.7304459226076249,-0.7462201058552537,-0.15357366029690447,-0.5900887052324756,-1.25877670939062,-1.2537200984557042,-0.5481824770157732
-0.04013147386267415,0.6946340406362208,-0.5540889779942543,0.885282685869056,-0.6181216866487829,-0.7462201058552537,0.12347258567234526,-1.2115557470767762,-1.1561679309588548,-1.0608117538941977,-0.300156252200327
-0.7323518078458453,-0.4097690258759931,-0.6933427669610113,-0.7822884547687763,-0.2869659128625617,-0.7462201058552537,-1.0678262719954283,0.678140984229622,-0.8848188851827811,-0.5015761732960078,0.8016816648833849
0.7213108935188142,0.6512433930470594,-0.6387829347285425,0.4510193679946205,1.5366645296152757,-0.7462201058552537,-0.28286190841588754,1.4151629524483023,-1.2383074390129276,-1.0505394466146194,-0.1615931635115955
0.1675346263322772,0.8315794576477301,1.8066046559146403,-0.14826401067210046,-0.20040943976643152,0.5745234443310361,1.379415567399611,-0.19513231508720777,1.2286332813139422,2.585174578814856,-0.45580873352828
0.0983125929339601,-0.5581573095578575,-0.011971778915086502,-0.3653956696093182,-0.7472444545896723,1.8952669945173257,-0.28286190841588754,-0.9994175986581388,0.9020434481724298,0.28836735991965967,-0.4260590861317593
-0.6631297744475282,0.10639284616923694,1.1662113870550808,-0.4696188658991827,-0.29959156110384577,-0.7462201058552537,0.12347258567234526,0.009532131625624019,1.579103929896096,2.5782849950805162,-0.3902873942286189
1.4135312275019853,-0.5889378643882804,-0.16664308752535986,-0.9646790482760392,-0.6827396555811955,-0.7462201058552537,2.8754652956335596,-0.1376423019656258,0.5969725915818241,1.4545380265200025,-0.5972124507319996
1.205865127307034,1.292273076764014,0.5472383606510623,0.7550036905067253,0.9877677645414215,0.5745234443310361,-0.4860291554600041,0.4573793338427474,-0.333723144244913,-0.07498059666433653,0.1484234026197106
-0.04013147386267415,-0.4477664690843729,-0.23355843192980885,-0.8517705856286859,-0.7548597616530673,1.8952669945173257,-0.1443387854312627,-0.5935381060197704,0.15399658648509998,0.8349720370048936,-0.4330397328307434
-0.6631297744475282,-0.15711228685661913,0.7179171038021466,-0.7562326556963102,-0.1537875463748061,0.5745234443310361,-0.9662426484733703,0.9822631536427904,1.419811018110722,2.8634579001924347,0.448515907636831
1.0674210605103998,-0.5630690301267258,0.033714055235596875,-0.3567104032518295,-0.29959156110384577,0.5745234443310361,1.3886504422652524,-0.14109170275292066,1.0268272695133613,0.35099429674802507,-0.5670884867683916
-0.3862416408542597,0.5276221192928482,0.6360333202866403,1.3542870691734463,0.8276343798071172,-0.7462201058552537,0.0034192124190038113,-0.10372319422389235,0.2875716970267069,-0.30329891888747085,-0.2946052639315837
-0.8015738412441624,0.051682326253970505,0.5815967344085975,-0.0006144825947923895,0.6593774521691971,-0.7462201058552537,-0.4121501565348708,0.9609918487878049,0.8040271342484804,0.6417223166727666,-0.2370121803788633
1.5519752942986196,1.861224658241202,0.72996840853482,1.1024143448062738,0.11516592194628841,-0.7462201058552537,0.40975370650723675,-0.5941130061509862,-0.4377752686648487,-0.11970082261561239,-0.21289761880580593
0.7213108935188142,2.420229072127212,1.968659281013314,2.7265591536566625,-0.29959156110384577,-0.7462201058552537,0.040358711881570475,-1.2299525512756826,0.1416625389498238,-0.05074291695028622,0.004088363459637967
0.5136447933238628,0.15159961262725696,-0.27209389301884995,-0.5304157304016037,0.03124733689535484,-0.7462201058552537,-0.8646590249513121,0.8437122220197779,-0.5651833554388176,0.06647310901638209,0.32115538275691796
-0.04013147386267415,-0.30151472406104896,0.1824527325123668,-0.2698577396769424,-0.5316824987465499,-0.7462201058552537,1.2224226946837027,-0.658501820847158,0.7418320434854924,0.4593035185175969,-0.539551759341171
-0.8015738412441624,0.3663645761982909,-0.9422105086259953,0.2599435081298689,1.2127989565655066,0.5745234443310361,-0.6614917779071956,1.3111060286982388,-1.5484956131979564,-1.3380399137989496,0.05573250691605101
1.4827532609003025,-0.20049146473510632,-0.9849148493083514,-0.6172683939764908,-0.9441560069681599,1.8952669945173257,1.6656966882345021,-1.307564068989818,-1.5416725230720587,-1.2726819708056207,-0.5486892609729749
-0.04013147386267415,-0.5533051338699354,0.21097188681390722,-0.5391009967590924,-0.9833395499047263,3.2160105447036154,-0.6153174035789872,-1.4225440952329818,1.4297832267562645,1.0072116303633816,-0.3058583962046782
-1.4937941752273336,-0.13405572803778526,-0.4924362268674813,0.37285197077722215,0.3530100069948971,-0.7462201058552537,-0.8554241500856704,0.09231775052070214,-0.706762475551189,-0.8801308687530955,0.14062211769068061
-1.2169060416340651,-0.4343247002835665,0.2797682363612759,-0.15694927702958916,-0.11333855792513832,0.5745234443310361,-0.8831287746825954,-0.04163398005258401,1.2450349402704266,0.444655394541884,0.024804394439008896
0.0983125929339601,1.3406454833680743,-0.16019154474399308,1.5974745271831303,0.859928960828459,1.8952669945173257,0.34510958244774526,-0.19800681574328688,-0.9552804120598369,-0.9074719645636952,-0.2637073826016632
1.759641394493571,0.5163376322443542,-0.8498494821686976,0.01675605012018503,-0.42340768842963217,-0.7462201058552537,2.1459101812478685,-0.6757488247836326,-1.4541532708802594,-1.19494139758706,-0.5185053843723442
-0.6631297744475282,-0.9570648174549663,-0.6432363492458175,-1.060216978208415,-0.6009239734804889,0.5745234443310361,-0.9015985244138787,0.4832498397474593,0.09350726825358635,0.1907338895222175,-0.2649430120331054
1.6904193610952538,-0.6296138510936491,0.06911233639379587,-0.32196933782187465,-0.2801942361412342,0.5745234443310361,0.6313907032826365,-0.1462658039338631,1.3166773865923491,0.3575425047117441,-0.5421780215402061
0.23675665973059432,1.4806930910623213,-0.1517400497567146,1.545362929038198,-0.2804781897685642,0.5745234443310361,1.4717643160560274,-1.0488590099426993,-0.9849346114531603,-0.8919548840809486,-0.41242593809436545
0.4444227599255457,2.255945721742279,3.439828735649314,2.6397064900817755,-0.29959156110384577,-0.7462201058552537,-0.4767942805943624,-1.2207541491762293,1.1686688161690362,0.6942941853483124,0.4034258768763775
-1.0092399414391138,-1.0789958951213365,-0.4285821082452166,-0.912567450131107,-0.46261180771600524,3.2160105447036154,-0.9108333992795203,0.5073956452585237,1.6343447172615349,0.46436208675497237,-0.3325013809915408
0.5136447933238628,0.9464481219756472,1.8838199300596397,0.00807078376269632,-0.29959156110384577,-0.7462201058552537,-0.6707266527728373,-0.4854568813511963,1.168012749810777,2.2890466148821185,0.2814377016685803
-0.7323518078458453,0.8219212291509799,1.8436792698872138,2.023052578700077,0.7455347440790805,-0.7462201058552537,-0.8184846506231037,-0.4469385725597365,1.2788879643566098,0.16091006083437845,0.5491246156002437
-0.5939077410492111,-0.5263374037112469,-0.40454763603501265,-0.7041210575513779,-0.5192029425888922,-0.7462201058552537,-0.07969466137177114,-0.1416666028841364,-0.10593690465726095,0.06687655310893367,-0.45916384120155546
1.6904193610952538,-0.8690338118859658,-0.47997310212810573,-0.9299379828460843,-0.22339939540526255,0.5745234443310361,2.1643799309791514,1.4088390510049282,0.4357114807216718,0.35946662269160484,-0.6039941215172016
1.6904193610952538,-0.2185721214125768,-0.5331954638800916,-0.7128063239088666,-0.567771358672215,1.8952669945173257,2.893935045364843,-0.2572215292585161,-0.7156849780235164,-0.21258606638533384,-0.5787714509878331
-0.8707958746424795,2.2035398815633065,0.5716552092357274,2.7265591536566625,3.856075947776403,-0.7462201058552537,-0.49526403032564575,1.0926439788362277,-0.6601817641147739,-0.7163015330162562,0.414925255584208
1.275087160705351,-1.109168555286034,-0.9270525098471899,-1.060216978208415,-1.0478320031033193,-0.7462201058552537,1.0931344465647193,-1.4673863054678158,-0.8169816237387625,-0.8656379155822103,-0.6057849047412401
-1.2169060416340651,-0.5931111308188569,-0.23364767479744294,-0.4435630668267166,0.0027573229532398312,-0.7462201058552537,-0.5322035297882124,0.598229865990623,0.4379421063397537,0.017314998047040824,-0.35802196573436207
-1.770682308820602,-0.37084204803021986,-0.06266172773120397,-0.23511667424698757,0.17061301176993268,0.5745234443310361,-1.1417052709205617,0.5499382549684944,0.38270131897431503,0.042452668429090276,2.048089324760277
-0.04013147386267415,0.7209409202309657,2.0321349317078754,0.29468457355982375,1.4062927772411302,1.8952669945173257,0.031123837015928687,1.5025477723931067,1.6149251530570574,1.8793025876547098,-0.2705335756217169
-0.524685707650894,-0.2170129728700966,-0.09656685194640514,-0.7388621229813327,-0.4069116287897407,0.5745234443310361,-0.19974803462511276,0.2297188818812828,0.0778928889270134,0.8558269931737054,-0.3751866614127773
1.3443091941036682,-0.7338044588204136,-0.094619012363929,-0.3740809359668069,-0.29959156110384577,-0.7462201058552537,0.5667465792231449,-0.11982039789793544,1.2173489399518813,0.16326865706775598,-0.5504591572226386
-0.04013147386267415,-0.0731252084276155,-0.2692438536431397,0.14703504548251567,1.20675568262733,-0.7462201058552537,-0.03352028704356285,1.4939242704248696,-0.38214084148445443,-0.5371413217624632,-0.38785516102838236
0.4444227599255457,-0.3227146539690691,0.38478533454622066,-0.7562326556963102,-0.708266675151171,0.5745234443310361,-0.569143029250779,-0.5826150035266697,1.183758342409002,2.0619075907756725,-0.2573951190826763
1.3443091941036682,-0.25679066159692887,0.3846740740951849,0.46838990070959796,1.0529145456638616,0.5745234443310361,2.2013194304417185,0.8264652180833033,1.0360121985289925,-0.03857752585181279,-0.5673842023529628
-0.9400179080407967,-0.25679066159692887,0.029310799118379034,0.10360871369507213,0.9133492801961607,-0.7462201058552537,-0.28286190841588754,1.1599072941884785,0.3694487785374758,-0.15331081894124163,-0.3601579336928071
-1.2861280750323822,-0.730147573406567,-0.3014880182678796,-0.24380194060447627,0.16792162521523918,0.5745234443310361,-0.9108333992795203,0.5591366570679474,0.5969725915818241,-0.307767838066502,-0.10800653143831564
0.652088860120497,0.6893245407397202,-0.09595778565999785,0.4336488352796431,1.2217620145412291,0.5745234443310361,1.7949849363534853,1.0684981733251633,-0.6557205128786101,-0.49872103048718247,-0.4917706068296761
-0.524685707650894,1.0552893313261473,1.9761057840576313,0.42496356892215437,1.0724003489306413,0.5745234443310361,0.28046545838825354,0.9029269355350071,1.1333724460946824,1.605953697870645,-0.286549487709512
-1.2169060416340651,-0.4115980786739098,-0.5936091071031171,-0.32196933782187465,-0.09746596168438468,1.8952669945173257,-0.9570077736077286,0.19637467427076546,-0.671334892205183,-0.7019637506501983,0.22094352730662856
-1.770682308820602,0.21861713209579017,-0.8097441282986495,0.6420952278593721,-0.29959156110384577,3.2160105447036154,-1.1417052709205617,-0.8194738575875874,-1.349576293373716,-1.246333968145917,3.375762155700531
-1.2861280750323822,0.047029528302659156,-0.5878424544752568,0.45970463435210923,-0.7270034992849931,-0.7462201058552537,-1.104765771457995,-1.2437501544248621,-0.9690578055832836,-1.001691677254933,1.9504234815548454
0.23675665973059432,-0.29264766156441124,0.11456652993330661,-0.32196933782187465,0.2579575590636527,-0.7462201058552537,-0.3844455319379459,0.8632588264811158,0.5935610465188755,0.4301934755319642,-0.3346719773548706
1.6211973276969367,-0.23534059438165525,0.06391279939047707,-0.1743198097445666,-0.03588094671345386,0.5745234443310361,-0.5414384046538541,0.1084149541947449,0.3992341912024513,0.15848939627906983,-0.24672847106374052
-0.8015738412441624,-0.25679066159692887,-0.37384209661721823,0.45970463435210923,-0.7752941346459278,-0.7462201058552537,-0.2736270335502459,-1.3000903672840123,-0.3866020927206179,-0.7884249231000627,-0.3629133653386344
-0.524685707650894,-0.5848065722180429,-0.9365682748865884,-0.7128063239088666,-0.6669658258195131,0.5745234443310361,-1.058591397129787,-0.5239751901426563,-1.3389480183699147,-1.136504072489036,0.5179508063456864
-0.5939077410492111,-1.1960513696056418,-0.6839330511103047,-1.09495804363837,-0.4651118342174981,1.8952669945173257,-0.2643921586846043,1.259939917020031,1.0110816769151365,0.14275507666956472,-0.567097281283918
1.3443091941036682,0.039126653611834525,0.7560107801260099,0.5205014988545302,1.9869717722261442,-0.7462201058552537,1.2501273192806275,1.826216546267613,1.0908593460794753,0.28501567053538623,-0.5122250009721402
-1.078461974837431,0.03310066285280139,-0.739909174166203,0.6507804942168608,-0.2962067515606723,-0.7462201058552537,-0.7723102762948955,-0.8188989574563716,-1.1957943389977206,-1.1836139288346548,0.07419769157791474
1.3443091941036682,-0.5903857323335824,-0.3293226732605893,-0.49567466497164886,-0.2273253629483476,1.8952669945173257,1.453294566324744,0.20557307637021852,0.19112994236258013,-0.08817011507467105,-0.5711185735083091
-1.770682308820602,-0.23291584873787946,-0.49246111064517195,0.08623818098009471,0.885044453402304,0.5745234443310361,-1.1417052709205617,1.1484092915641622,-0.6294778585482356,-0.7735595599975914,2.358748440182222
-0.04013147386267415,-0.5824240448710034,-0.13751343384026748,-0.32196933782187465,0.8746472238450669,0.5745234443310361,-0.6891964025041205,2.019382990356128,0.654181578022041,0.02718386123406758,-0.27075453782431474
-0.7323518078458453,1.3338710329784595,0.33057778364817875,-0.05272608073972465,1.1817636481523242,-0.7462201058552537,-0.09816441110305439,1.8601356540093466,-0.5376285683919242,0.3813767403332431,-0.11547527374900823
1.0674210605103998,-0.18047462328129563,-0.020167922047529104,-0.07009661345470207,-0.7990515881325421,-0.7462201058552537,0.4651629557010865,-1.209256146551913,0.16514971457550917,-0.06672550984751524,-0.4769705365133891
0.3752007265272286,-0.04643397150709113,-0.9552438757473185,0.7289478914342592,-0.09672521309134968,0.5745234443310361,0.3081700829851784,-0.6412548169106834,-1.5147738023834247,-1.3845601210862242,-0.44161108752554307
-0.10935350726099127,0.5369865279672248,0.062008213285452835,0.48576043342457537,0.9331128641853282,0.5745234443310361,-0.33827115760973764,0.6672178817365213,-0.3919818368583447,-0.36837755443211045,-0.15811493262095216
0.0983125929339601,-0.9502222809104987,-0.5498410174948755,-0.6954357911938892,-0.29959156110384577,-0.7462201058552537,0.5852163289544281,0.4228853259697982,0.445027623008955,-0.2745302516724586,-0.5761803668509031
-0.3862416408542597,-1.1575487710548087,-0.7168265390230562,-0.9907348473485054,-0.9544935651109583,-0.7462201058552537,-0.28286190841588754,-1.1281952280504823,0.5541970650233135,-0.24206851930255244,-0.5571314462209825
-1.2169060416340651,-0.25679066159692887,-0.971017324608902,-0.8604558519861747,-0.5282935739334153,-0.7462201058552537,-0.9662426484733703,0.14635836285498893,-1.5066385795410087,-1.15720385785302,0.37109833711621626
0.7213108935188142,-1.0397738772712029,-0.9804495791692446,-1.121013842710836,-0.8739988846678306,-0.7462201058552537,0.17888183486619533,-0.5900887052324756,-1.1885776090568676,-1.0092640125305132,-0.5690743983056695
-0.04013147386267415,1.5469777692297013,0.5651502510153389,-0.24380194060447627,1.9992229309009493,-0.7462201058552537,0.1973515845974786,3.7975490962066574,-0.43541342977511494,0.9988324069026986,-0.19418673736642678
0.5136447933238628,0.6692974497572222,1.0030032490366523,0.1557203118400044,-0.5228017461700536,3.2160105447036154,-0.9754775233390118,-0.8901865737271332,0.5616762215074703,0.9436536687060513,1.1524069440713962
-0.04013147386267415,-0.6033723732533863,-0.9003875226874993,-0.790973721126265,-0.6832376032465134,-0.7462201058552537,-0.11663416083433781,-0.46303577623377945,-1.2388322920995352,-1.0101019348765816,-0.46730316532112676
-1.2861280750323822,-0.9745605188880597,-0.8095308573872381,-0.6954357911938892,0.3452300891330499,0.5745234443310361,-0.513733780056929,2.1222901138437598,-0.5416961798131322,-0.8581276486285608,-0.47557330785915153
0.652088860120497,4.123244391919733,1.745808115190919,2.7265591536566625,1.1171395063149696,1.8952669945173257,-0.40291528166922913,-0.4383150705914992,-0.5208332696204844,-0.15691078161323874,0.7773923123142427
-1.770682308820602,2.8934022245296673,-0.5246711415015612,2.7265591536566625,2.8295218559288466,-0.7462201058552537,-1.1417052709205617,0.51889364788284,-1.4328967208726557,-1.238606462065509,9.400334535876743
-0.3862416408542597,0.3682287702374216,-0.7406289797774117,0.29468457355982375,-0.5891337250413498,1.8952669945173257,-0.7076661522354039,-1.0316120060062246,-1.292760946748455,-1.122973178308081,0.11808837028347188
1.275087160705351,1.5281252254275064,-0.2665031204950861,1.302175471028514,3.5502537758719757,0.5745234443310361,2.579949299933026,2.1884036289335795,-1.087805816428229,-0.9215614736420291,-0.4779181455613457
-0.04013147386267415,1.016724015421203,-0.6201883689972555,0.5812983633569512,-0.0236236151337065,-0.7462201058552537,1.1393088208929276,-0.4912058826633545,-1.2930233732917589,-1.0604703781235774,-0.4202673480004841
0.02909055953564297,0.5130526583000239,0.7642071838215696,-0.24380194060447627,1.301775208398884,0.5745234443310361,-0.947772898742087,2.564388314748725,0.45329405912302295,1.2989327434390192,0.8647746185833521
0.9289769937137655,1.7578291210969073,-0.9203516081626824,0.3989077698496883,0.18188062092398607,-0.7462201058552537,1.5364084401155191,-0.13649250170319396,-1.616857727728582,-1.3276745040364748,-0.3970861043876531
0.23675665973059432,-0.911280416844489,-0.6235011684690768,-0.6780652584789117,-1.0091608112769352,-0.7462201058552537,0.2250562091944036,-1.4518640019249887,0.038660120703103235,-0.4599283292803158,-0.5532145888684659
-0.04013147386267415,-0.3399748602787483,-0.061390440282484735,-0.5130451976866263,-0.9345674279583189,0.5745234443310361,-0.9939472730702953,-1.320786772007782,0.33152814303008454,0.43680375181761427,0.41647803723181664
0.4444227599255457,-0.40880215366980965,-0.8935459169197149,-0.5043599313291376,-0.6396363180064859,-0.7462201058552537,1.1393088208929276,-0.6797731257021433,-1.3102123118781541,-1.127069687555526,-0.5452011362523645
0.8597549603154484,0.1624299479403376,1.0345461080315033,-0.5564715294740699,-0.6379428844174089,-0.7462201058552537,0.3266398327164618,-0.6268823136302879,1.2841364952226848,2.656584183196456,-0.4162020831984615
1.4827532609003025,-0.5232503432851435,-0.6097314499786042,-0.22643140788949884,-0.7180034038796189,-0.7462201058552537,1.379415567399611,-1.0155148023321818,-0.5937878486589261,-0.7817525784924817,-0.5636377387387679
0.8597549603154484,-0.9740246149595438,-0.8284812220550337,-0.6867505248364004,-0.5163366570608432,-0.7462201058552537,1.7857500614878434,-0.16293790773912162,-0.6213426357058194,-0.9064168030908684,-0.605867353324299
-1.078461974837431,-0.6291352957185038,-0.3223588633908475,-1.0862727772808811,-0.7993766944594852,-0.7462201058552537,-0.3844455319379459,-0.31931074342982463,0.28953989610148506,1.5275614072718084,-0.41705130360396786
-0.04013147386267415,2.770077943070995,4.2687319937394665,0.7463184241492367,-0.3822673346264651,-0.7462201058552537,0.2712305835226119,-0.9419275855365569,1.2924029313367527,3.189471761134942,-0.04738758488733481
1.1366430939087169,0.5727014987514666,-0.2665031204950861,-0.41750726775425046,-0.6330518860683978,-0.7462201058552537,1.379415567399611,-0.7384129390861569,-0.7919198888532547,-0.07268406875288987,-0.47641263443469084
-1.5630162086256507,0.5635496457791561,0.8018916457699024,0.6681510269318383,2.4328489267236675,-0.7462201058552537,-0.8738938998169536,2.073423602690416,0.44450276992234755,0.21034747925240935,0.5838854878750823
-0.04013147386267415,-0.18381230908744703,-0.7628825030816931,-0.14826401067210046,-0.8045269548160586,-0.7462201058552537,-0.9293031490108037,-1.1937338430090858,-1.1497384806479132,-1.0365740741801475,0.29753496302499344
-1.147684008235748,0.8811491068170447,-0.28319570575252073,1.5627334617531754,3.749153003641774,-0.7462201058552537,-0.7446056516979705,2.023982191405855,-0.9294313975444178,-0.9808987894080523,0.39378818717401654
1.4827532609003025,0.8186123396397119,-0.7297117760122627,-0.24380194060447627,0.06284849492821686,-0.7462201058552537,-0.5599081543851373,0.3734439146852378,-1.3679461514049787,-0.9533714886316598,0.08941934898224273
-1.5630162086256507,-0.5156166407405633,0.2705740062084769,-0.5304157304016037,-0.687278798348515,-0.7462201058552537,-1.0955308965923534,-0.7625587445972213,1.4551073881850758,1.1006244548695165,0.9324264292692543
0.8597549603154484,-0.3925234617501533,-0.8969273747729131,-0.22643140788949884,-0.11350934162853246,-0.7462201058552537,1.379415567399611,0.0400018385800626,-1.3234648523149937,-1.2093102141140832,-0.5532332772139593
-1.770682308820602,-1.0867406342266976,-0.2665031204950861,-1.1036433099958585,-0.46005828270501536,-0.7462201058552537,-1.1417052709205617,1.333527133815656,2.5179348885652497,1.8561511035744518,0.4356297437619506
0.9981990271120826,-0.9545714975835433,-0.9459247055798318,-0.9646790482760392,-0.8124406189516483,0.5745234443310361,2.3583123031576263,-0.6211333123181297,-1.128219504097006,-1.020560447121953,-0.6112539940841449
-0.7323518078458453,-0.3020625857730334,0.5829857963862818,0.3554814380622447,-0.2962931722298597,0.5745234443310361,-0.5506732795194956,-0.6912711283264596,1.520976450554316,0.253981509569893,-0.2616313272802409
-1.4937941752273336,0.28966100808371287,0.7727728054541729,-0.22643140788949884,-0.14567017637613183,-0.7462201058552537,-0.8461892752200286,-0.016338374279087874,0.7297604224935201,1.276526079221933,0.349104353099433
-1.3553501084306994,0.5103946138604099,0.5591419260962949,-0.33933987053685205,-0.6867746777782551,1.8952669945173257,-0.9200682741451619,-0.8982351755641546,0.21343619854339846,1.1770615933275266,0.7296457882076325
0.0983125929339601,1.6273750722541214,3.241514928853279,1.423769200033356,1.0424761634070112,-0.7462201058552537,0.33587470758210347,0.031953236743041055,1.5905194845298087,1.4423105670995984,-0.2234653285250711
-0.04013147386267415,-0.18960939370579385,0.5017471671489121,-0.06141134709721336,-0.5105691062100741,0.5745234443310361,-0.6522569030415539,-0.7619838444660054,1.1089667775674337,0.6197501307091973,-0.15418818143846852
-0.7323518078458453,-0.31097772343994323,0.17258051712866657,0.31205510627480115,1.0717768855315035,-0.7462201058552537,-0.6337871533102706,1.0529758697823361,0.741175977127233,-0.14660744017269497,-0.21139925322301611
-0.6631297744475282,3.059531466223932,0.45039369435489696,2.7265591536566625,1.327721985504913,0.5745234443310361,-0.8738938998169536,-0.3204605436922563,-0.926282279024773,-0.7740561065730394,2.0253840843003057
-0.8707958746424795,-0.6322965432093925,-0.29017345574903164,-0.13957874431461176,0.8000929355910831,-0.7462201058552537,-0.6153174035789872,1.4404585582217981,0.3811267597144927,-0.37700505118051764,-0.3324128861790577
1.1366430939087169,-0.25679066159692887,-0.5354420390764141,-1.0167906464209715,-0.5749442742147698,-0.7462201058552537,-1.0216518976672202,0.43208372806925127,-0.6897047502364454,0.43937958717775,0.6366190519423132
-0.2477975740576255,0.31563428992332043,-0.6950630046606309,1.2500638728835818,1.6015129536655213,0.5745234443310361,-0.4860291554600041,0.6085780683525078,-1.220462434068273,-1.2201411362910404,-0.1231495878601275
0.5828668267221799,-0.430799594524273,-1.0488791861291828,-0.3480251368943408,-0.6470252852220092,-0.7462201058552537,0.3912839567759535,-0.8165993569315083,-1.6375894246495781,-1.4281010489208112,-0.5012895705724325
-1.2169060416340651,-1.0370365210024597,-0.5736104970149076,-0.7996589874837537,-0.9084745587686641,1.8952669945173257,-0.5229686549225707,-1.119571726082245,0.6943328391475142,-0.17664850798729254,-0.4916254973234924
-1.770682308820602,-0.5622602935060059,-0.20558724186369712,-0.7736031884112876,-0.5312853751952841,-0.7462201058552537,-1.1417052709205617,-0.05025748202082131,0.4393854523279245,0.6857908252437672,1.6169469955999691
-0.1785755406593084,-0.19889961531538528,0.6546294493966306,0.4162783025646657,1.03102542473968,3.2160105447036154,-0.7723102762948955,0.8644086267435473,1.4030157193392823,0.2740295775536015,-0.030311933678623126
1.0674210605103998,0.15088629423788946,0.2627207641382425,0.3207403726322899,0.5540676938593996,1.8952669945173257,2.1551450561135104,0.3918407188841439,0.20044608464986297,-0.05642216840697149,-0.5412831795854072
1.6211973276969367,0.31547932681102214,1.3887354158838567,-0.3740809359668069,-0.6740091103582867,-0.7462201058552537,-0.8646590249513121,-0.8516682649356733,1.4997199005467123,2.634239587301301,0.41343458520250354
1.275087160705351,0.27868791147819966,0.16590423865873238,1.0676732793763188,2.2953351233316774,-0.7462201058552537,-1.0124170228015785,1.3915920470684537,-0.06355501791370588,-0.5365206385431533,1.0856829547735167
-1.4245721418290165,-0.698241278675305,-0.45430476889162713,-1.0775875109233923,-0.34609616930157394,1.8952669945173257,-0.9847123982046536,1.7014632177937805,0.07868016855692456,0.9715844135749956,0.07823217557559536
-0.10935350726099127,-0.22877357492976258,-0.5112937007840026,-0.6433241930489569,-0.9222854047588039,-0.7462201058552537,-0.20898290949075438,-1.243175254293646,-0.6675297073272788,-0.25892006870681544,-0.3751267487757545
-1.701460275422285,-0.5979913706924709,-0.43505879536739117,-0.12220821159963433,-0.29959156110384577,-0.7462201058552537,-1.0493565222641452,-0.3819748577323489,-0.06171803211057986,-0.5908614543937322,0.44486838232230674
0.23675665973059432,0.6585854720968417,0.08843817251344746,0.9547648167289657,0.3147256505448759,0.5745234443310361,-1.1417052709205617,-0.34345654894088895,-0.4369879890349376,-0.5559480233075522,4.366728165201661
0.9981990271120826,-0.2304369270138987,0.2753949450025336,-0.4088220013967617,-1.0604309020898548,-0.7462201058552537,-0.9847123982046536,-1.604212536697181,0.7801463188078395,0.8456167542160579,0.46847725925260303
-0.3862416408542597,0.5692125103789764,1.7005562489118986,-0.035355548024747226,-0.7431044930085993,0.5745234443310361,0.5575117043575031,-1.1339442293626405,1.472558753314775,2.1536135364287055,-0.39868175929845234
-0.3862416408542597,-0.2990911985992598,-0.2624043323802926,-0.2611724733194537,-0.0611343008310025,0.5745234443310361,-0.6430220281759123,0.17740296994064328,-0.12509404231843468,-0.23263413436904268,-0.20041380401625272
0.7213108935188142,-0.27491085217076533,-0.452323316667035,0.12966451276753826,1.3165490275599694,0.5745234443310361,1.5364084401155191,1.6778923124139313,-0.5167656581992763,-0.7443874486900277,-0.5497011799157174
0.0983125929339601,0.2348640992837948,0.4833637878240991,0.39022250349219956,0.4458998805614759,-0.7462201058552537,-0.015050537312279602,0.18947587269617544,0.41038731929286043,0.120627719901168,-0.3392242384541608
1.4827532609003025,-0.42498249892134593,-0.32155059660135643,-0.9559937819185504,-0.26890605063737427,0.5745234443310361,0.17888183486619533,1.3634219406388783,-0.0732648000159446,0.9299365695593033,-0.47856893971029035
-1.3553501084306994,-0.25679066159692887,1.6031499388166524,1.3716576018884237,0.7677037033606313,-0.7462201058552537,-1.0216518976672202,-0.16121320734547434,3.321222537618018,0.35937352020870833,0.6366190519423132
-0.2477975740576255,0.19679564148379483,0.27225984957662874,0.46838990070959796,-0.6814906711479395,-0.7462201058552537,0.8530277000580364,-1.1925840427466543,0.16291908895742727,-0.15014533452276124,-0.4709193601740887
-1.2169060416340651,-0.5406069439717643,-0.4194496315511892,-0.8083442538412424,-0.6763712753160759,0.5745234443310361,-1.0031821479359369,-0.4158939654740822,-0.11879580527914457,0.23259897266466803,0.2782485904758633
0.1675346263322772,0.45966676794941275,0.47449369818907156,0.6247246951443948,1.0214142117450515,-0.7462201058552537,-0.4306199062661541,0.6177764704519609,0.16003239698108607,-0.05853249135262508,-0.12197002346516536
-0.7323518078458453,-0.40547764582911344,-0.9586466997761252,-0.2003756088170327,-0.3068262056958201,-0.7462201058552537,0.0034192124190038113,-0.3227601442171195,-1.4491671665574881,-1.3051126690145614,-0.4514466538272455
-1.6322382420239678,-0.6082230847229244,-0.35893098139194046,-1.0515317118509262,-0.29959156110384577,0.5745234443310361,-1.104765771457995,1.7457305278973982,0.15137232105206253,1.2064199096008832,0.8962358985641747
1.4135312275019853,0.14431366194885836,-0.31383779805128204,-0.43487780046922786,-0.06353350321844334,0.5745234443310361,2.912404795096126,0.44530643108721524,-0.6200305029893006,-0.13441101491325613,-0.5608707642913123
-1.078461974837431,0.8078288593149171,-0.8123881925302293,0.3207403726322899,-0.7996338988320668,-0.7462201058552537,-0.6614917779071956,-1.304114668202523,-1.4517914319905256,-1.2048723290960177,0.21610929205327706
0.5828668267221799,-0.7055989760545159,-0.0678636098025773,-0.4261925341117392,-0.20617287534723935,-0.7462201058552537,1.3055365684744775,0.1388846611491835,1.196486029759233,0.28321568919938767,-0.5761556322759854
-0.3862416408542597,-0.9010077046992856,-0.4067434014234851,-0.7214915902663553,0.1174190322501031,0.5745234443310361,-0.4675594057287208,1.6152281981114076,0.8107190111027258,0.09247973590546554,-0.4659240753551622
-0.6631297744475282,-0.26928190863017226,-0.6487846499814811,0.3641667044197334,-0.19473859775975322,0.5745234443310361,-0.6522569030415539,-0.5711170009023535,-0.894135027470064,-1.0407016175885582,-0.18267251791364575
1.6904193610952538,-0.17200973276744191,-0.15907229587414828,-0.3306546041793634,-0.9749258804688381,-0.7462201058552537,2.053561432591452,-1.4472648008752622,-0.09110980496059945,0.002915147359051848,-0.5584539214932468
-0.1785755406593084,1.7462559389903836,0.27901872655470883,1.1458406765937172,1.0350625045717199,0.5745234443310361,-0.4767942805943624,0.19752447453319696,-0.7268381061139255,-0.4794177823666455,0.26342543455631984
1.275087160705351,-0.8947069289568695,-0.7787932687060304,-1.1296991090683246,-0.8073685487243397,-0.7462201058552537,2.312137928829418,-0.2382498249283941,-0.5729249384662782,-0.14247989676428433,-0.6072810716951484
-1.4937941752273336,-0.7720691218838593,-0.06323679053081932,-0.7041210575513779,-0.8672148621366191,0.5745234443310361,-1.1232355211892786,-1.0678307142728214,1.457075587259854,0.8412099033589578,0.8458636619157499
-0.5939077410492111,-1.0973174157229622,-0.7190221741299699,-1.355516034363031,-0.7440942154342932,-0.7462201058552537,-0.015050537312279602,1.5956815936500695,0.2474204359012337,1.5200821744791244,-0.5665388295479992
-0.6631297744475282,-0.3803587354165246,-0.21559416837897932,-0.6693799921214231,-0.2921367495689416,1.8952669945173257,0.3266398327164618,0.3843670171783381,0.08314141979308834,0.4218452862322464,-0.48854246997431133
1.6904193610952538,1.4601181383678388,-0.27194928048881534,2.7265591536566625,-0.62817117589429,-0.7462201058552537,2.275198429366852,-1.4133456931335289,-1.0773087546960791,-1.118193917519395,-0.46728887423339655
1.0674210605103998,-1.0379594666571252,-0.838917817150545,-0.999420113705994,-0.6906409739069013,-0.7462201058552537,2.1551450561135104,-0.08245188936890716,-0.5332985304274125,-0.6337816990090095,-0.6142452286775206
1.1366430939087169,-0.5674863329546227,-0.9613453519807544,-0.8951969174161295,-0.6969764320123305,-0.7462201058552537,1.998152183397602,-0.33368324671022015,-1.4070477063572366,-1.1122974269359511,-0.5823909437841174
0.23675665973059432,0.041416447127892136,0.3871357441447392,-0.06141134709721336,0.6573280477284673,-0.7462201058552537,-1.058591397129787,1.0610244716193575,0.5232307329134713,0.46721722956379774,1.2603079543777556
0.5828668267221799,-0.08858174172469946,-0.4838382954083478,0.21651717634242534,0.7404750196616562,-0.7462201058552537,-0.28286190841588754,0.7563274020749734,-0.7246074804958437,-0.8164177362909377,-0.32337487250414465
-1.078461974837431,-0.08757435947656075,0.12820205841843169,-0.07878187981219077,0.03509305667419456,0.5745234443310361,-0.40291528166922913,0.10956475445717673,0.29137688190461136,0.14111026613839356,-0.2764154575371365
-0.5939077410492111,0.13226338868557277,-0.9861327213180486,-0.3740809359668069,-0.539357477224384,-0.7462201058552537,-0.28286190841588754,-0.588364004838828,-1.5843168363589175,-1.3218090476139968,-0.27508143946324404
-0.8015738412441624,0.1473348325476853,-0.8537312212068805,0.2599435081298689,1.0385481382289454,1.8952669945173257,-0.1720434100281877,1.085745177261638,-1.3958945782668275,-1.2404685117234386,-0.31091029571730516
-1.2169060416340651,-1.0078204835152582,-0.8662598775702268,-1.0862727772808811,-0.6032573315485489,-0.7462201058552537,-0.7723102762948955,0.5786832615292853,-0.719096523086465,-0.5963855350455899,-0.394707737595015
-0.3862416408542597,-0.5366308589502227,-0.4777981817890077,-0.2003756088170327,-0.13211241948861213,-0.7462201058552537,-0.3844455319379459,-0.023237175853677582,-0.26418011026942023,-0.6024061622728957,-0.3944043268093584
-1.770682308820602,-0.5863059318431795,0.08352499437590899,-0.6259536603339795,0.10821111571168295,-0.7462201058552537,-1.1417052709205617,1.2748873204316424,1.2174801532235329,0.9619948578366578,1.5627876207030407
-0.8707958746424795,-1.0558502630174806,-1.0589842146580832,-1.2773486371456326,-0.9105239632093939,-0.7462201058552537,-0.9939472730702953,-0.3515051507779105,-1.5483643999263044,-1.2563580021377712,-0.20367821824816348
-1.6322382420239678,-0.8941061113466664,-0.20448818663543358,-0.8430853192711972,-1.0120559036947132,0.5745234443310361,-1.104765771457995,-1.4133456931335289,1.5229446496290941,0.8863956417247162,0.4362992262563886
-0.3862416408542597,0.3217007907243092,1.304582779025509,0.5118162324970414,1.632410400535,-0.7462201058552537,0.6129209535513531,1.4364342573032878,1.379528543713597,0.8257238570371767,-0.43399723570866694
0.1675346263322772,-0.25679066159692887,1.1421647986599277,0.9634500830864544,1.3661586069435023,-0.7462201058552537,0.21582133432876183,0.6413473758318095,2.456658290703825,0.2859466953643511,-0.4587241154252415
-0.1785755406593084,0.8407039785435412,1.0430855430708303,1.2066375410961383,0.49390244702511915,0.5745234443310361,0.5759814540887866,-0.308387640936724,0.4380733196114056,0.058342158843423045,-0.37001383731166404
-1.0092399414391138,1.3161271465292912,0.4771933926461693,2.2228137049223173,0.79295705747818,-0.7462201058552537,-0.2643921586846043,-0.4808576803014698,-0.4051031640235321,-0.6626434687069183,-0.028209494810622026
0.9981990271120826,1.3695042515695992,0.5264925858243407,2.292295835782227,0.9295222911440895,-0.7462201058552537,1.8873336850099018,-0.41704376573651386,-0.3883078652520924,-0.6516573757251336,-0.45103001365418804
-0.04013147386267415,-0.23568297744709596,0.30658395928425475,-0.5477862631165811,-0.05330911499958091,-0.7462201058552537,-0.015050537312279602,0.6925134875100175,0.847721153708554,1.2128750150817063,-0.4195154169229872
-1.0092399414391138,0.3514153945712361,-0.03864171677400332,-0.24380194060447627,-0.057272119972317764,-0.7462201058552537,-0.7723102762948955,0.1613057662666002,-0.3894887846969594,0.08850736330188255,0.21758951894779385
-0.10935350726099127,2.2907223725788235,2.494654788624788,2.7265591536566625,2.7429077690532577,-0.7462201058552537,-0.3936804068035875,0.47060203686071106,0.540288458228215,0.1998579328460725,0.30817192955402806
-1.4245721418290165,-0.259189051309794,-0.5256853834351829,-0.5912125949040247,-1.0062513154142925,-0.7462201058552537,-1.0308867725328619,-1.4639369046805206,-0.6693666931304051,-0.35174324415460595,0.6924977546246295
-0.524685707650894,0.7491359094317782,0.6881159789640825,1.1979522747386495,0.9853150636444836,0.5745234443310361,-0.7353707768323288,0.11991295681906129,0.1479607759891139,-0.19778277160479357,0.31945639228868494
-0.04013147386267415,-0.25679066159692887,-0.46870361702852986,-0.7736031884112876,-1.005111385635011,-0.7462201058552537,-1.1417052709205617,-1.4150703935271762,-0.5645272890805582,0.03965959394219604,2.3049738253395677
-1.4245721418290165,0.4944536683146449,1.0027967527662878,0.47707516706708664,0.6235313931712492,-0.7462201058552537,-1.0308867725328619,0.31825350208851916,0.7575776360837172,0.5662782713656522,1.4640763294644223
-1.147684008235748,-0.9946064006731514,-0.2665031204950861,-0.7562326556963102,-0.5890226127523945,-0.7462201058552537,-0.5414384046538541,-0.24572352663419972,1.8311646247393445,0.49480659866212123,-0.4747471730569017
-1.078461974837431,2.3749368929301298,0.1736109139755532,2.7265591536566625,-0.14053637709940375,-0.7462201058552537,-0.6799615276384788,-1.1408430309372304,-0.9558052651464444,-0.9059202565154204,0.833151739379734
0.9981990271120826,0.4993853998680933,0.6439145728919714,-0.24380194060447627,0.6894333263315888,-0.7462201058552537,0.9084369492518861,1.4812764675381218,0.324705052904187,1.1175691067566762,-0.44608969455730074
-0.524685707650894,-0.13226938160939963,0.796108447384101,0.5378720315695076,1.3267919344936578,0.5745234443310361,-0.9662426484733703,1.0541256700447679,1.4989326209168012,0.30903611112267804,0.46781052504426696
1.6904193610952538,-0.22956498496627276,-0.17673795409269002,-0.24380194060447627,-0.8674761817791621,1.8952669945173257,-0.042755161909204475,-1.271920260854437,-0.05227067655164486,-0.11970082261561239,-0.4131630284269117
0.652088860120497,0.12641212798702114,0.6190932000678852,0.4510193679946205,-0.8394491357076936,-0.7462201058552537,-0.13510391056562104,-1.374252484210853,0.7457684416350487,0.20842336127254882,-0.32615833666821203
-0.1785755406593084,2.1546530462336944,3.052642626608247,0.45970463435210923,0.6731862405243565,-0.7462201058552537,0.16041208513491192,0.3929905191465754,0.9924493923405702,2.6267293203476516,-0.09155639014641061
-0.04013147386267415,0.06691336991993045,0.7979078962713436,-0.24380194060447627,-0.5936522914588628,-0.7462201058552537,2.912404795096126,-0.7872794502395015,1.1055552325044853,1.3497356649395316,-0.5647535428961645
-0.4554636742525769,-0.8687102196231189,-0.27847547460325395,-0.6606947257639343,-0.14182651423227283,-0.7462201058552537,-0.9293031490108037,0.7471289999755203,1.1436070812835284,0.2680710186482269,-0.1699298145732877
0.9289769937137655,-0.03633330502199861,0.3947878314885107,0.4423341016371318,0.21515463619611847,0.5745234443310361,-0.7353707768323288,-0.12959370012860424,0.6510324595023961,-0.009746790314869417,-0.008165694611791131
-1.0092399414391138,-0.10210379850022429,0.21326757815781808,-0.3567104032518295,0.16515616380124223,-0.7462201058552537,-0.513733780056929,0.7540278015501101,0.4543437652962378,0.6459429625640738,-0.22363956986393552
-0.524685707650894,-0.6307176277187295,-0.13138668298446535,-0.4696188658991827,-0.07221878047177775,-0.7462201058552537,0.41898858137287825,0.49072354145326474,0.7941861388745899,0.2366334135901821,-0.5288823630361332
-0.4554636742525769,-0.9976407492374336,-0.9158993661794347,-1.1644401744982795,-0.7047933873038296,0.5745234443310361,-0.5783779041164206,0.42346022610101397,-0.9516064404535846,-0.6651262015841577,-0.46602026536873087
-0.8707958746424795,-0.7845659817542411,-0.949263561363371,-0.460933599541694,0.6808200663025775,-0.7462201058552537,-0.5599081543851373,2.056751498885157,-1.2738662356305854,-1.241368502391438,-0.4052287264505468
-1.2861280750323822,-1.0083212462025595,-0.8669929719004116,-0.877826384701152,-0.5100855619896207,-0.7462201058552537,-1.0216518976672202,0.248690586211405,-0.7213271487045468,-0.857320760443458,-0.0993444833021511
-0.1785755406593084,0.9157861688343222,1.5766225289828326,1.7016977234729946,2.2174742156637848,-0.7462201058552537,-0.28286190841588754,0.7488537003691677,0.8999440358259995,0.1565342441382439,-0.10374393969417227
-0.2477975740576255,-0.34790726337364886,0.08866134482331166,-0.32196933782187465,-0.6423277045611795,-0.7462201058552537,-0.9108333992795203,-0.8252228588997456,0.6474897011677954,0.38879390480399606,0.13797661748893172
-0.3862416408542597,-0.051579478944592305,-0.9319380682943071,0.06018238190762858,0.5753107173996567,1.8952669945173257,-0.28286190841588754,0.7442544993194412,-1.4761971005177739,-1.3044919857952513,-0.31528336856274747
-1.6322382420239678,-0.6557550299746134,0.058497776689250845,-0.9212527164885956,-0.44317538768876125,1.8952669945173257,-0.9662426484733703,0.6028290670403497,1.376116998650648,1.9394157574448705,0.06123237706329779
-0.8015738412441624,-0.7534323062568956,-0.29256099559174825,-0.6433241930489569,-0.5917757283565077,0.5745234443310361,-0.7169010271010455,-0.4187684661301613,0.6911837206278693,0.20631303832689524,-0.3193937052568422
0.7213108935188142,-1.0612873939497798,-0.5380569202388699,-1.0341611791359488,-0.9942758798268947,-0.7462201058552537,1.7672803117565605,-1.253523456655531,0.9841829562265022,0.48838252734226417,-0.6116634887133374
-1.5630162086256507,-0.25679066159692887,1.545759479160703,1.0589880130188303,2.6011408341562583,-0.7462201058552537,-0.8738938998169536,1.6784672125451479,3.213627654863482,0.5338475731567118,0.1101161419588999
1.5519752942986196,-0.24396044800780742,-0.664874031622645,-0.13957874431461176,-0.10026640289305273,1.8952669945173257,1.0838995716990778,-0.03933437952772067,-0.9403220990915235,-0.9020409863947338,-0.5279820245091303
-1.147684008235748,-1.1329020710710351,-0.5267960337221609,-1.0081053800634827,-0.8745276968578582,1.8952669945173257,-0.8738938998169536,-0.7936033516828755,1.4986701943734975,0.4409312952260249,-0.39586201775783914
0.7213108935188142,-0.3978500441944662,-0.9923349051962744,0.12966451276753826,0.4187041190221911,-0.7462201058552537,0.3174049578508202,0.42978412754438794,-1.521990532324278,-1.3843739161204314,-0.48994629451519356
-0.5939077410492111,-0.9488078459516297,-1.0490699183309584,-0.999420113705994,-0.7928889713654876,0.5745234443310361,-1.0031821479359369,-0.48488198121998055,-1.5439031486901407,-1.3388468019840525,-0.08951716185875462
1.4135312275019853,-0.9176295117935745,-0.41336027150270216,-0.9907348473485054,-0.7150733316671697,0.5745234443310361,-0.7169010271010455,-0.19915661600571838,0.8512639120431545,0.7619176220921225,-0.38543447062977404
-1.4937941752273336,2.670094522834035,3.082031670876492,2.7265591536566625,1.2619682020631797,0.5745234443310361,-0.8000149008918204,-0.35725415209006867,0.6758317678446001,0.4796929622719259,1.383928061872898
1.4135312275019853,-0.29583209251304543,-0.532470577288098,-0.30459880510689724,-0.10419648570609917,-0.7462201058552537,-0.28286190841588754,0.15958106587295293,-0.6513904749140984,-0.6162784322244712,-0.3686952096399425
-0.3170196074559426,-0.052155160805871285,1.0011768318667822,0.08623818098009471,0.8081670952551636,0.5745234443310361,-0.28286190841588754,1.0391782666331564,1.6596688786903462,1.0417216173570103,-0.31540924006621734
-0.3170196074559426,-0.8440788939323765,-0.6003100087876245,-0.6259536603339795,-0.4598998448115051,1.8952669945173257,-0.7353707768323288,-0.1175207973730721,-0.04872791821704438,-0.46691101549755176,-0.3450786375085607
-0.04013147386267415,0.350479270951115,-0.07355548081580685,1.0589880130188303,1.0901988915132859,-0.7462201058552537,-0.9754775233390118,0.3079052997266343,-0.43357644397198863,-0.7185359926057717,0.8959451298945873
1.6904193610952538,0.2835361825837649,-0.17143028339574184,-0.24380194060447627,-0.02463802917916827,-0.7462201058552537,2.2290240550386433,0.21879577938818218,-0.5159783785693651,-0.11169400908651503,-0.5355650955216645
-0.9400179080407967,2.6645724672354683,-0.4025984936369507,-0.24380194060447627,1.9630929182756711,-0.7462201058552537,-0.11663416083433781,3.7337351816417015,-1.3448526155942488,-0.4602076367290053,0.14100962603105724
0.652088860120497,0.7148036488747541,-0.09721265763233465,0.09492344733758341,0.6612416694616682,-0.7462201058552537,1.2593621941462692,0.8166919158526345,-0.6693666931304051,-0.2993886146058187,-0.45635784109145205
1.4135312275019853,1.5222075868288831,-0.6332200424583169,1.1632112093086948,-0.27449458724482656,-0.7462201058552537,1.859629060412977,-0.9580247892106,-1.3783119998654765,-1.1649623980943933,-0.43901010955864606
-1.2861280750323822,2.0145588275875594,0.6301418579256514,1.0416174803038527,-0.5304252837733712,-0.7462201058552537,-0.753840526563612,-1.1586649350049207,-0.5625590900057802,-0.1655382783616459,0.9047297515908994
0.0983125929339601,0.5016849548400436,-0.4928537792627616,-0.11352294524214562,-0.9268965647504464,-0.7462201058552537,-0.28286190841588754,-1.4024225906404282,-1.0279725645549749,-0.6757709187953219,-0.19429776812494598
1.0674210605103998,0.020547674611035766,-0.11828166100591775,-0.23511667424698757,-0.6315539278024827,-0.7462201058552537,0.012654087284645435,-0.8597168667726948,-0.22927738001002196,-0.04087405376325918,-0.38181497783348983
-0.524685707650894,0.5608759830101132,-0.2665031204950861,1.2674344055985594,0.3663085018748546,-0.7462201058552537,-0.8831287746825954,-0.4446389720348732,-0.7866713579871797,-0.9144236166199656,0.6146855302197731
1.6211973276969367,-0.15380437349094084,0.10604507374906527,-0.191690342459544,-0.7821542896714233,0.5745234443310361,2.37678205288891,-1.1408430309372304,0.3484546550731761,0.24007820545735184,-0.5653075973743201
1.1366430939087169,-0.6916232556163723,-0.09737941802732963,-1.1470696417833022,-0.664443165333233,0.5745234443310361,1.3609458176683276,0.5545374560182207,1.0665848908238789,2.914198753371016,-0.5765420413019212
1.4135312275019853,0.5963178770657537,0.46823627493000364,1.6843271907580173,2.7791036259979167,-0.7462201058552537,0.6406255781482783,1.174279797468874,0.03223067039216157,-0.5294758840039864,-0.406671576654077
0.5828668267221799,-1.1776024620046148,-0.9408326508623497,-1.1731254408557683,-0.62943250613743,-0.7462201058552537,-0.3936804068035875,0.8770564296302953,-0.7399594332791128,-0.7649320632491843,-0.5502799689687907
-0.9400179080407967,0.2021327174931925,0.07545131590854091,0.5031309661395528,0.6059777091513021,-0.7462201058552537,-1.086296021726712,0.27341129185368507,-0.1161715398461071,-0.36465345511625125,1.8441219737598282
1.5519752942986196,2.1804552585587804,2.5072881913612406,2.7265591536566625,-0.6793383849581769,-0.7462201058552537,0.8899671995206029,-1.4420906996943197,0.615998515971346,0.20587856007337824,-0.2797199967461359
0.30597869312891146,-0.6294959815137433,-0.8070944619600502,-0.6085831276190021,-0.7786130998697204,-0.7462201058552537,-0.28286190841588754,-0.9120327787133343,-0.980079720402041,-0.9095822875093487,-0.44165945736093765
-0.04013147386267415,1.0541884831378348,-0.8337796427613221,0.03412658283516245,0.8760937412364653,-0.7462201058552537,-0.7261359019666872,1.2242961088846502,-1.499815489415111,-1.1781208823437626,0.4268143412612965
0.652088860120497,-0.5146002291457237,0.0850164576586451,-0.4435630668267166,-0.5496806319223179,1.8952669945173257,0.8622625749236779,-0.5452464949976417,1.018823259942597,0.579591926419849,-0.5422808074404194
-0.8707958746424795,0.39388602494249925,1.237072178179863,0.5986688960719286,0.4562662455940034,4.536754094889905,-0.8277195254887454,0.0256293352996671,1.1798219442594455,0.6709564963022613,0.3571920094402874
0.4444227599255457,-0.25679066159692887,0.50140739284411,0.4162783025646657,0.6870567579289353,-0.7462201058552537,0.9546113235800945,0.4539299330554522,1.2548759356443169,0.11805188454103226,-0.5221864387773124
1.6904193610952538,-0.0020354535969966054,0.7935570133406785,0.21651717634242534,0.16104912437985974,0.5745234443310361,-0.28286190841588754,-0.010589372966929675,1.2245656698927343,0.6257086896145722,-0.304449075091592
-1.4245721418290165,-0.6189099266343806,-0.548662490515872,-0.3567104032518295,-0.3476291073621602,-0.7462201058552537,-0.9200682741451619,-0.23365062387866758,-0.3188960445482515,-0.605757851657169,-0.018471217836929073
-0.2477975740576255,-0.3081949764012983,0.5847272699799518,-0.0092997489522811,-0.10736112830634263,-0.7462201058552537,-0.45832453086307906,-0.18248451220045955,1.5402648014871412,0.6573945679603409,-0.3091211614649278
0.4444227599255457,2.050620330055996,0.46548446784946995,1.9883115132701221,-0.37492157774553553,0.5745234443310361,0.23429108406004526,-1.1897095420905752,-0.6861619919018448,-0.6140129384739901,-0.1342268298226965
-1.078461974837431,-0.872819792553995,-0.2665031204950861,-1.2252370390007006,-1.0097760441361503,3.2160105447036154,-0.7076661522354039,-1.1437175315933095,1.2030466933418271,2.9043919585059204,-0.3723125038073452
-0.1785755406593084,-0.2469398883826926,-0.1455843763949053,-0.41750726775425046,-0.29959156110384577,0.5745234443310361,-0.218217784356396,-0.06348018503878497,0.028163058970953364,0.13605169790101834,-0.3763772189521473
0.652088860120497,-0.8740485158145033,-0.37959689362324667,-1.060216978208415,-0.45191210581661195,0.5745234443310361,-0.5506732795194956,1.1340367882837665,0.8073074660397772,1.1720030250901514,-0.43572865595290317
0.4444227599255457,-0.527460703248113,0.21441249249470526,-0.730176856623844,0.04276186224708651,-0.7462201058552537,1.5179386903842356,1.4427581587466618,1.3587968467926008,1.558874875685991,-0.5681383320593412
-1.4245721418290165,-0.5822654212127452,0.07796835562049571,-0.7388621229813327,-0.3298470258593608,0.5745234443310361,-0.8092497757574622,0.4430068305623519,1.1913687121648102,1.267464104220009,-0.16442224922495546
-1.078461974837431,-0.2540242649969045,-0.10473237891257907,0.37285197077722215,0.8370151376839121,0.5745234443310361,-0.7630754014292538,0.6833150854105644,0.11423896517458239,-0.47684194700650967,-0.06674376390345485
-1.4245721418290165,-1.0587752832757633,-0.8983104437989021,-0.912567450131107,-0.9679052299148516,0.5745234443310361,-0.9939472730702953,-1.2351266524566247,-0.7706633388456512,-0.9170304861410671,-0.20621213803417263
0.9289769937137655,-0.25679066159692887,-0.9654902597672886,-1.0167906464209715,-0.7144725022528192,-0.7462201058552537,-0.218217784356396,-0.13246820078468335,-1.4962727310805106,-1.0452636392504855,-0.3783944609509876
-1.2861280750323822,-0.03427339379221698,0.05305344063734191,0.7723742232217028,2.1671238876872168,-0.7462201058552537,-0.8554241500856704,1.6399489037536876,0.09980550529287617,-0.5135243252677227,0.1954377833087579
-0.1785755406593084,1.2549625960140913,2.403769070536961,2.7265591536566625,1.6303815724440769,1.8952669945173257,-0.3844455319379459,-0.1514399051148052,1.3018502868956876,0.1565342441382439,0.044216088834388476
0.0983125929339601,0.31387381135305087,0.9619022834958609,-0.24380194060447627,-0.44655402432699276,0.5745234443310361,-0.12586903569997943,-0.5274245909299511,0.9448189747309405,1.5969848253516172,-0.2936439134531173
-0.5939077410492111,-0.32535317549689763,0.05692566912174781,-0.9212527164885956,-0.41802903059020646,-0.7462201058552537,-0.7907800260261789,0.6907887871163698,0.541206951129778,1.9347295991390807,-0.06396469699715057
-1.3553501084306994,-0.7675588411885831,-0.06914974934897578,-0.3567104032518295,-0.41659280137371096,0.5745234443310361,-0.7907800260261789,-0.36702745432073763,1.4208607242839368,0.1819822561299484,-0.2714657942675025
0.1675346263322772,1.6375509019495886,1.5673015348735255,1.3456018028159575,-0.00823044784344489,-0.7462201058552537,0.17888183486619533,-0.7838300494522066,0.295969346412427,0.3507770576212666,-0.1749377415082833
1.6904193610952538,-0.5078411530491398,-0.010620107744717378,-0.1830050761020553,-0.37915001763077655,0.5745234443310361,1.1670134454898526,-0.4618859759713478,0.7792278259062762,0.06101109668645532,-0.5549520553421264
-0.2477975740576255,-0.7505978235020189,-0.7405399974728949,-0.9038821837736182,-0.21709891709450446,1.8952669945173257,0.40975370650723675,1.3174299301416128,-0.6655615082525007,-0.4659799906685869,-0.5433900157111714
-1.147684008235748,-0.5331484595604602,0.10517752885041587,-0.9299379828460843,0.008391127530266345,-0.7462201058552537,-0.7261359019666872,2.2286466381186862,1.1163147207799389,2.123882810223763,-0.2232311745491839
-0.10935350726099127,-0.17774458810447194,0.47308535454071576,-0.5998978612615133,-0.8029466911509173,1.8952669945173257,-0.5414384046538541,-0.9764215934095061,1.033912786182562,1.6916700504573372,-0.2294318576524311
0.5136447933238628,-0.40427137391715856,0.3168071531867959,-0.43487780046922786,-0.29959156110384577,-0.7462201058552537,-1.0955308965923534,-0.039909279658936425,1.2459534331719895,0.9701878763315483,1.099619513596567
-1.4937941752273336,-1.0922748916451301,-0.46332168584318545,-0.9473085155610618,-0.580901127483759,-0.7462201058552537,-1.0678262719954283,0.19177547322103877,1.5491873039594688,0.45964489428821736,-0.0523443937008339
-0.9400179080407967,0.2734718775218731,-1.0209873375322522,-0.4088220013967617,-0.1474027050298413,-0.7462201058552537,-0.5599081543851373,0.23086868214371434,-1.6434940218739127,-1.3760257268207134,-0.07877960805838818
-0.04013147386267415,-0.5887133509027456,-0.8331282349683732,-1.02547591277846,-0.8310292933668635,-0.7462201058552537,-0.9108333992795203,-0.5889389049700439,-1.077571181239383,-0.5747236906916756,-0.01698934197075109
-1.2169060416340651,-0.25679066159692887,-0.14633375591991385,-0.9473085155610618,-0.8833919883545094,-0.7462201058552537,-0.6707266527728373,-0.9057088772699602,0.04010346669127397,1.4402623124758758,-0.1628452826596495
-0.04013147386267415,-1.0765896962437569,-0.5895712907577435,-0.8691411183436634,-0.6876512302800131,-0.7462201058552537,0.3266398327164618,-0.35035535051547884,0.8113750774609851,-0.09651830437438888,-0.5813334032920823
0.652088860120497,-0.4188945229173932,0.16065115593483337,-0.13957874431461176,0.46676635690027335,0.5745234443310361,-0.6153174035789872,0.8925787331731225,0.9498050790537116,0.25469529527209933,-0.2606732747450969
-0.10935350726099127,-1.0247483122517869,-0.7693173698235604,-1.242607571715678,-0.5833373673008515,-0.7462201058552537,-0.5968476538477039,1.6514469063780042,-0.24764723804128425,0.32442905496156266,-0.46963096364948875
-1.2169060416340651,-0.8631903603521284,-0.7825630958853848,-1.121013842710836,-0.24022673427703906,0.5745234443310361,-0.5876127789820623,2.516671603857812,-0.6387940008355186,-0.18229672528301238,-0.42017720421633975
-0.4554636742525769,-0.9978535489758971,-0.8530261374117926,-1.0341611791359488,-0.2955153862071731,-0.7462201058552537,0.06806333647849534,1.6606453084774568,-0.6799949681342068,-0.6314541369365974,-0.5557688459716297
1.4135312275019853,-0.25679066159692887,-0.6430587754814596,-1.3815718334354972,-0.8081319313021618,-0.7462201058552537,2.967814044289976,1.296158625286628,-0.8915107620370266,2.527295868614211,-0.581858325937557
-1.770682308820602,-0.5029701865586241,-0.3431275677718811,-0.40013673503927305,-0.27284436399034323,0.5745234443310361,-1.1417052709205617,-0.03301047808434671,-0.00017900770585106235,-0.22363422768904936,1.7504895152376363
-1.6322382420239678,-0.3402972323596085,-0.15105294481671194,-0.5391009967590924,-0.2856263924901569,-0.7462201058552537,-1.1232355211892786,0.14980776364228413,0.15255324049692925,0.311736083126676,1.6562843138917955
1.4827532609003025,-0.8908369997681622,-0.6846154659141981,-0.8170295201987311,-0.8423771502851621,-0.7462201058552537,2.718472422917651,-0.9062837774011762,-0.2374126028524381,-0.43500789802502454,-0.6111330694956587
-0.6631297744475282,0.3409772257486496,-0.1439370963680959,0.6768362932893269,0.6710442425094972,-0.7462201058552537,-0.22745265922203764,0.19464997387711788,-0.5176841511008395,-0.649609121101411,-0.2524108274081576
0.7213108935188142,-0.4997179134915348,-0.9779347542437858,-0.7736031884112876,0.11837377488112576,0.5745234443310361,0.6498604530139197,1.8210424450866707,-1.467012171502143,-1.2108929563233235,-0.5288609264045379
1.0674210605103998,-0.5044295242146003,-0.8011297813631336,0.05149711555013987,0.0574122233093328,0.5745234443310361,0.031123837015928687,0.0032082301822500643,-1.0569706975900388,-1.1411281624728944,-0.47199119175385396
1.6211973276969367,-0.28147055053073833,-0.2914817431603903,-0.23511667424698757,-0.7395674184768577,-0.7462201058552537,-0.5599081543851373,-1.049433910073915,-0.20303472567964728,-0.30035067359574896,-0.25000277912561836
0.8597549603154484,0.1445423240531475,0.6464033415057122,0.2599435081298689,-0.13749725023297985,-0.7462201058552537,0.7699138262672612,-0.43544056993542013,0.7584961289852802,0.4139005410250801,-0.46905107528197476
-0.3862416408542597,-0.49266062491742535,-0.9117967998994421,-0.7041210575513779,-0.8652559936350378,0.5745234443310361,-1.0031821479359369,-1.062656613091879,-1.317560255090659,-1.0839011696525247,0.3214456017692851
-0.3170196074559426,0.32141429199385485,-0.4248258303479556,-0.06141134709721336,0.16830434532164049,-0.7462201058552537,0.7606789514016198,0.29755709736474967,-0.8705166385727269,-0.6133301869327493,-0.4497850400499992
1.3443091941036682,1.312082975352897,-0.63408354862865,2.6483917564392643,0.7702140180370273,-0.7462201058552537,2.8477606710366348,-0.6130847104811084,-1.351806918991798,-1.2866473432400927,-0.5000033726767141
0.3752007265272286,-0.6839575843037432,-0.473453943217831,-0.4522483331842053,-0.4984167140143402,0.5745234443310361,1.610287439040652,-0.43026646875447766,-0.0042466191270592694,-0.3975806999006396,-0.5821348035194144
-0.04013147386267415,3.9577838099541265,5.992586700270249,2.7265591536566625,0.4166876367411516,-0.7462201058552537,1.8503941855473354,-0.8292471598182564,1.405115131685712,1.8663303083711336,-0.2741431745880341
0.8597549603154484,-0.7495072248423937,-0.2665031204950861,-0.9299379828460843,-0.5958724796029868,-0.7462201058552537,2.2844333042324934,0.09174285038948606,0.757708849355369,1.003146155276902,-0.5983865185547579
0.7213108935188142,0.5832987793051061,1.381257775547037,1.545362929038198,2.454604301374107,-0.7462201058552537,1.5456433149811608,1.0506762692574727,1.0865293081149636,0.11125540328958908,-0.48580462735953645
1.275087160705351,0.24684653042862498,-0.6859521547053293,1.1979522747386495,2.698341453007304,0.5745234443310361,0.13270746053798704,1.596831393912501,-1.1880527559702603,-1.2080378135144982,-0.37064484380067453
-0.04013147386267415,2.151604543558367,-0.7739692031545675,2.7265591536566625,1.4768099856630739,0.5745234443310361,1.2224226946837027,-0.23710002466596244,-1.5343245798595537,-1.357374196080452,-0.33183354746876403
1.0674210605103998,0.14751102682655068,-0.3562504383239554,-0.05272608073972465,-0.6256053050734162,0.5745234443310361,-0.28286190841588754,-0.9453769863238518,-0.682881660110548,-0.5275828001850913,-0.2717466691071231
1.4827532609003025,-0.0901918938742197,-0.2665031204950861,-0.4435630668267166,-0.19985182068667467,0.5745234443310361,-0.28286190841588754,0.17855277020307478,-0.36180278437841396,-0.040656814636500685,-0.32372665312519583
-0.8015738412441624,-0.25645681980539453,0.6478769562149213,-0.6780652584789117,0.08039600604322174,0.5745234443310361,-1.0770611468610702,1.3668713414261735,1.5288492468534285,2.344256387239731,1.0900082074407846
-1.5630162086256507,0.9341960306117779,-0.8443327095702128,-0.13957874431461176,0.44744104916198457,0.5745234443310361,-0.9662426484733703,0.8609592259562525,-1.4982409301552888,-1.1535107926981263,1.2961076787991361
1.6904193610952538,-0.7974674539713801,-0.7485265175775665,-0.7736031884112876,-0.3466805376360793,1.8952669945173257,-0.3567409073410209,0.4815251393538117,-0.6250166073120719,-0.6475298323167229,-0.46421464139974156
0.02909055953564297,1.3539632816790423,1.9150154584192904,0.737633157791748,0.40836656087939277,-0.7462201058552537,-0.28286190841588754,-0.1244195989476618,0.7871006222053886,1.1378964821890742,-0.007925494406479688
-1.3553501084306994,-0.5090669478728804,-0.0943993576561466,-0.9386232492035731,-0.4663237812211024,-0.7462201058552537,-0.6984312773697622,0.5781083613980692,0.5875252360228894,1.5610162327926105,-0.23578479580572698
0.652088860120497,-0.7933522682033657,-0.5599816128892707,-1.0775875109233923,-0.6528916025518496,-0.7462201058552537,0.3174049578508202,0.3188284022197349,-0.03219504598890812,0.565564485663446,-0.542970627252012
0.9289769937137655,-0.2158152422320479,-1.000200784577692,-0.33933987053685205,-0.5247606146716348,1.8952669945173257,0.1973515845974786,-0.5900887052324756,-1.5669966845008705,-1.3498018608048716,-0.45034404144313833
0.652088860120497,2.802181175174894,3.8877948396561597,1.0763585457338076,0.8215890482339602,-0.7462201058552537,0.6498604530139197,0.05322454159802626,1.0558254025484253,2.32029801497437,-0.16429967566480788
1.6904193610952538,0.2682846398604301,1.381815380617801,-0.07009661345470207,-0.29959156110384577,0.5745234443310361,0.5113373300292948,-0.42566726770475116,1.5741178255733248,1.80947572548235,-0.42798178708869206
-1.701460275422285,-1.0384995192043955,-1.0755394831527643,-1.3034044362180988,-0.868844509041296,0.5745234443310361,-1.104765771457995,0.082544448290033,-1.6319472539685476,-1.344526053440738,0.2039953965730479
-1.0092399414391138,-1.0987950561087374,-1.080347393790962,-1.242607571715678,-0.8163316067000622,-0.7462201058552537,-1.104765771457995,0.13773486088675166,-1.64191946261409,-1.3986185960035926,0.10699024134652803
0.7905329269171313,-0.2343410212982308,0.35633535975229125,-0.5304157304016037,-0.666202443241691,-0.7462201058552537,1.5087038155185937,-0.715416933837524,0.9368149651601761,1.2640503465138044,-0.5456447096292212
-0.10935350726099127,1.9239251738411367,3.3769022217242086,-0.24380194060447627,-0.57500806089917,-0.7462201058552537,-0.06122491164048789,-0.7545101427601998,1.402097226437719,5.237943623984261,-0.027561448947779385
-0.4554636742525769,0.19048778868585617,1.206707325037781,0.7550036905067253,-0.29959156110384577,0.5745234443310361,-1.1232355211892786,-0.8602917669039105,1.4763639381926792,0.500454815957841,2.65254901899751
1.6904193610952538,0.5551235570524761,1.2596587011479004,1.2934902046710253,1.5839057711360776,-0.7462201058552537,-0.2551572838189627,0.5602864573303789,0.9832644633249394,0.16541001417437498,-0.1957472142151209
-0.8015738412441624,2.1855080321652993,0.6937709802962314,2.7265591536566625,3.369825937323496,-0.7462201058552537,-1.0124170228015785,0.820716216771145,-0.5750243508127081,-0.6581124812059562,2.875200318233539
0.9289769937137655,-0.25679066159692887,-1.0400408851944514,-1.268663370788144,-0.9106535942131749,-0.7462201058552537,0.696034827342128,-0.38542425851964374,-1.6360148653897557,-1.1499728983480602,-0.5055010441950794
0.1675346263322772,-0.1779283475116542,0.6839654690705289,0.13834977912502697,0.11761450757326505,-0.7462201058552537,-0.28286190841588754,0.0032082301822500643,1.407345757303794,0.5917573175183225,-0.3429124384029941
1.4135312275019853,-1.0566592436745978,-0.4573678186156318,-0.8517705856286859,-0.6371095422502445,-0.7462201058552537,-0.4306199062661541,-0.21985302072948784,1.3477749319738435,0.2291541807974983,-0.5145341109550088
0.5136447933238628,1.0248985026222452,0.9352271343746004,0.5986688960719286,0.712499414464704,-0.7462201058552537,0.6036860786857113,0.3061805993329867,0.18023924081547468,0.38898010976978886,-0.3533377869021776
-1.4245721418290165,1.0394433159389398,-0.7810907839917616,0.2686287744873576,-0.756277472154737,-0.7462201058552537,-0.7353707768323288,-1.238001153112704,-1.4487735267425326,-1.161983118641706,0.4405442289694795
0.0983125929339601,2.235448616658541,-0.2665031204950861,0.616039428786906,0.7614073403198345,-0.7462201058552537,-0.44908965599743744,0.344124007993231,-1.211015078509338,-0.7397012903842382,0.36093022819617654
1.205865127307034,-0.32480311745733736,0.31729740269176937,-0.13957874431461176,0.37050196196542445,-0.7462201058552537,-0.07969466137177114,0.7344811970887721,1.0551693361901657,0.4741999157810337,-0.42284963762188776
1.4135312275019853,2.6793147059975952,-0.3084692858664723,2.240184237637295,4.150614049446931,-0.7462201058552537,0.4466932059698033,1.626726200735724,-1.29171124057524,-1.08799767889997,-0.12118896055498765
-0.10935350726099127,4.11062014504995,4.6010108096313065,2.7265591536566625,2.055349040268209,-0.7462201058552537,0.9546113235800945,0.08599384907732818,0.7178200147731996,1.2033475276652994,-0.1071243315995858
0.0983125929339601,-0.4605259121182716,0.09233333055216511,-0.41750726775425046,0.5001535420963417,0.5745234443310361,1.2778319438775525,1.555438584464962,0.8996816092826957,0.5467267499573916,-0.5550834234178003
-1.770682308820602,-0.23468901720080979,0.7093363695087472,-0.2611724733194537,-0.39077565527146346,0.5745234443310361,-1.1417052709205617,-0.4124445646867873,1.588551285455031,1.2512022038740904,2.3547546308188503
-0.10935350726099127,-0.9502972000844763,-0.2665031204950861,-1.242607571715678,-0.610125717113967,-0.7462201058552537,0.4374583311041618,1.4772521666196108,1.5739866123016726,3.1098691382584516,-0.569953300201077
0.5828668267221799,0.4792021255913101,-0.7152911708550753,0.8679121531540785,1.3855086063015591,0.5745234443310361,1.804219811219127,0.7488537003691677,-1.2871187760674245,-1.1919000498124415,-0.5066267421824431
1.4827532609003025,-0.41761552815903696,0.16492165514384816,-0.3306546041793634,-0.29959156110384577,-0.7462201058552537,-0.6153174035789872,-0.17213630983857497,0.9559721028213499,0.5243821540622363,-0.2602428931415296
1.1366430939087169,2.630668246519344,3.947659085546612,2.7265591536566625,5.97440704508824,-0.7462201058552537,0.5852163289544281,2.2763633490096,1.2054085322315606,0.8920748931814014,-0.16676708692714964
-0.04013147386267415,-0.9587872263472538,-0.8167812866858772,-0.730176856623844,-0.723509635087845,1.8952669945173257,0.08653308620977876,-0.6562022203222947,-0.6023167113162978,-0.8493760152362917,-0.5508878898545447
1.6904193610952538,-0.7640334913928922,-0.24159367733739318,-0.6954357911938892,-0.25066100126392815,-0.7462201058552537,3.1525115416028093,0.5516629553621416,0.8793435521766556,0.4181832552383181,-0.6086425726300605
0.7213108935188142,1.0192524765338398,1.4669679284383257,0.9634500830864544,-0.024533089795154943,-0.7462201058552537,0.779148701132903,-0.6671253228153953,0.6897403746396985,0.5464784766696676,-0.3794921264201113
0.652088860120497,-0.17368626281703337,-0.4924131670316109,0.45970463435210923,0.03541404773117625,-0.7462201058552537,1.5271735652498772,-0.35265495104034217,-0.6771082761578656,-0.9066030080566613,-0.5417514875371815
1.759641394493571,1.2729373408951246,-0.2665031204950861,2.622335957366798,2.941078594039905,0.5745234443310361,-0.28286190841588754,0.636748174782083,-1.0282349910982784,-1.1058423214551287,-0.025643694905830076
-0.9400179080407967,-1.061662965965256,-0.692998563083217,-1.0081053800634827,-0.6200949585952287,-0.7462201058552537,-0.28286190841588754,0.22224518017547734,0.23298697601952775,-0.12466628837009133,-0.5361636722346719
-0.4554636742525769,-0.25679066159692887,-0.7920164560582189,-1.1644401744982795,-0.8737972364397265,-0.7462201058552537,0.21582133432876183,-0.48488198121998055,-1.1708638173838648,-0.09760450000818109,-0.4587241154252415
-0.04013147386267415,1.678234453783274,-0.7674607273320971,0.6855215596468157,-0.06823931441919588,-0.7462201058552537,-0.7169010271010455,-0.591813405626123,-1.497847290340333,-1.2133446550395977,0.6586394195056754
0.1675346263322772,-0.9058833078813504,-0.7628796368874042,-0.24380194060447627,-0.49832206280523017,3.2160105447036154,-0.40291528166922913,-0.6188337117932664,-0.4938033356601986,-1.0033675219470695,-0.4812072943681741
-0.04013147386267415,-0.34741357774186954,-0.5506445941482573,-0.07009661345470207,-0.8095743334235992,-0.7462201058552537,0.021888962150287062,-1.2259282503571716,-0.6415494795402079,-0.7766319419331752,-0.44470235973303024
-0.3170196074559426,0.9164267643772883,1.0119378280431819,0.40759303620717696,-0.7863971330015289,-0.7462201058552537,-0.28286190841588754,-1.304114668202523,0.34045064550241183,0.6469981240369006,-0.10360377710297214
0.4444227599255457,-0.6995163688513043,0.019080309448556862,-1.1296991090683246,-0.86201521854051,-0.7462201058552537,1.6379920636375775,-0.5107524871246925,1.4220416437288037,3.251446980583032,-0.5838843624519237
-1.5630162086256507,0.024205536170471637,-0.8342771880335766,0.555242564284485,-0.4907561389813707,0.5745234443310361,-0.947772898742087,-0.9988426985269231,-1.338423165283307,-1.2590269399808036,0.5095943676240599
-1.0092399414391138,-0.25679066159692887,-0.2665031204950861,-0.24380194060447627,-0.6504924001644087,0.5745234443310361,-0.4121501565348708,-0.8878869732022698,-0.1853209340066443,-0.2550097644251633,-0.3150788960767615
0.30597869312891146,0.6872714625290636,0.7167884746600834,0.45970463435210923,-0.3864402183672285,0.5745234443310361,1.5179386903842356,-0.8459192636235151,0.2312812034880533,0.29860863303827234,-0.4763257885938687
-1.770682308820602,-0.25679066159692887,-0.3471717679136256,-1.121013842710836,-1.015568286606687,-0.7462201058552537,-1.1417052709205617,-1.2839931636099693,-0.33660983622125445,1.6372671662848275,2.3049738253395677
-1.6322382420239678,-0.482785448063457,0.25138105727858684,-0.5043599313291376,-0.8367474609780968,0.5745234443310361,-1.0216518976672202,-1.1103733239827918,1.3145779742459194,1.00364270185235,0.41530561838071944
-0.9400179080407967,-0.040820158223132,0.09418137446076143,0.47707516706708664,0.5434893924238648,0.5745234443310361,-1.0770611468610702,0.2256945809627722,0.17407221704783643,-0.3318193128147592,1.3757084877991492
-0.5939077410492111,-0.16617165003434542,0.2274079476824786,-0.460933599541694,-0.29959156110384577,-0.7462201058552537,0.18811670973183697,-0.00311567126112389,0.5799148662670808,0.8660993004532834,-0.441808414467664
-0.1785755406593084,-1.20123177424796,-0.9201819815733985,-1.268663370788144,-1.0577621495199483,0.5745234443310361,-0.8923636495482369,-1.412770793002313,-0.5361852224037537,-0.4361871961417133,-0.4238972842839558
0.1675346263322772,1.2696355284393792,0.8426504919378367,1.9883115132701221,0.14372795311272651,0.5745234443310361,1.1208390711616443,-0.8401702623113568,-0.06644170989004707,-0.3975186315787086,-0.39615223677020633
-0.04013147386267415,-0.5196205459113995,-0.9994134931191337,-0.4522483331842053,-0.2872683852047176,-0.7462201058552537,-1.0770611468610702,0.010107031756839774,-1.5120183236787355,-1.3325468673080576,0.7413380965998206
-0.3170196074559426,0.9493736303067246,1.073986635108068,2.083849443202498,-0.5915946564782102,-0.7462201058552537,0.7976184508641864,-1.3437827772564146,0.37377881650198774,-0.29696795005051024,-0.38907594971487397
1.6904193610952538,-0.31965858616542536,-0.21977985429335226,0.3207403726322899,0.4290704840547187,3.2160105447036154,1.046960072236511,0.23546788319344103,-0.014350041044253567,-0.5718375137218847,-0.532961918925886
0.8597549603154484,0.12797859762142103,-0.09541529325002995,0.5812983633569512,0.665147060654947,0.5745234443310361,-0.40291528166922913,0.2699618910663902,-0.29252217694622495,-0.5663755013919579,-0.22247099861338115
-0.04013147386267415,0.9604096883027462,2.003901354582764,1.3195460037434914,0.3608619420810674,0.5745234443310361,-1.0308867725328619,-0.47050947793958503,1.2686533291677635,0.6750219713887411,1.9411210827569234
-0.3170196074559426,1.625934525400739,0.48102171624533047,1.7190682561879722,0.4808796752325692,0.5745234443310361,0.4651629557010865,-0.5274245909299511,-0.5327736773408048,-0.5318034460763983,-0.2558467346928308
-0.5939077410492111,-0.45165177256611144,0.43430900284984225,-0.5130451976866263,-0.27669625667412484,-0.7462201058552537,0.40975370650723675,0.12623685826243525,1.6319828783718007,1.3665872143437947,-0.5055620561465429
-1.770682308820602,0.6680589650408211,0.5607211991495203,-0.38276620232429565,-0.2216113106070754,-0.7462201058552537,-0.28286190841588754,0.044601039629788966,0.07671196948214667,1.2744467904372447,-0.15791595670717004
1.0674210605103998,0.7438664315044384,0.3404523440999337,1.2674344055985594,3.9197206553629664,-0.7462201058552537,-0.32903628274409585,2.5459915105498188,-0.2174681855613535,-0.4789522699521632,-0.11555332507430396
0.1675346263322772,0.186448010164614,1.188705019271843,-0.24380194060447627,0.5673682463743378,3.2160105447036154,1.3332411930714025,1.265688918332189,1.4585189332480246,1.9389192108694226,-0.5046435789312671
-1.0092399414391138,-1.0764022762906151,-0.4736104113696974,-0.8691411183436634,-0.13189225254568235,1.8952669945173257,-0.5322035297882124,1.4554059616334096,1.3910753116189616,0.2246852616184672,-0.501251094567005
-0.04013147386267415,-0.9842861014304707,-0.8604430665423096,-1.1818107072132569,-0.9738929477085504,-0.7462201058552537,-0.2736270335502459,-0.9965430980020598,-0.7361542484012085,-0.3669810171886632,-0.5204693096208064
0.4444227599255457,-0.5669499409533125,-1.0041758052118253,-0.30459880510689724,-0.29959156110384577,0.5745234443310361,1.1393088208929276,-0.2020311166617975,-1.512411963493691,-1.3604155438550702,-0.5590612927217804
1.4827532609003025,-0.5821324213762056,-0.23624757358066087,-0.8430853192711972,-0.562145784635111,0.5745234443310361,-0.09816441110305439,-0.0008160707362605467,0.4071069875015637,0.8013930748402298,-0.466331371355473
-1.6322382420239678,-0.4966003485157664,-0.24609620800225637,-0.08746714616967949,-0.7911255781870685,-0.7462201058552537,-0.28286190841588754,-1.1914342424842224,0.21212406582687987,-0.3560880266897751,-0.4125985304615687
0.7213108935188142,0.38804306148145645,-0.3225072540860813,-0.15694927702958916,-0.309071085459712,0.5745234443310361,1.2224226946837027,-0.36702745432073763,-0.7718442582905181,-0.40931161274559613,-0.4811633217905427
-0.04013147386267415,-1.002339914104236,-0.4309966163705613,-0.790973721126265,-0.180384536134721,-0.7462201058552537,0.9915508230426613,1.0161822613845237,1.1646012047478282,0.16689965390071876,-0.5939320964406974
-0.1785755406593084,0.013914277259071921,0.27505334675591114,0.5465572979269964,0.5025136494191501,0.5745234443310361,-0.0519900367748461,0.11818825642541403,0.38860591619864954,-0.1967586442929322,-0.3684945847544993
-1.6322382420239678,2.751976055226957,2.4456039120972886,2.5007422283619563,-0.29959156110384577,0.5745234443310361,-0.9754775233390118,-1.2052318456334021,0.26775849300727417,0.26915721428201916,2.827741264853194
-1.5630162086256507,-0.8260575380994548,-0.6131417000562506,-0.5998978612615133,-0.8577435683206754,-0.7462201058552537,-0.9939472730702953,-1.107498823326713,-0.13270441207424308,-0.5198552941046833,-0.004611061367513185
-0.04013147386267415,-0.3052431121393104,0.009155069470510487,-0.11352294524214562,0.5773210267757541,0.5745234443310361,-0.4121501565348708,1.0265304637464083,0.411699452009379,0.015452948389111152,-0.32734064934927615
1.0674210605103998,-0.736375870338979,-0.4788515081902062,-0.8170295201987311,-0.15701803329443056,-0.7462201058552537,0.3081700829851784,1.1748546976000898,0.08996450991898587,0.09775554326959951,-0.5346647569946616
0.5136447933238628,-0.7238492380281241,-0.891561207656158,-0.3653956696093182,0.3659401852133178,0.5745234443310361,-0.7169010271010455,1.1604821943196941,-1.1400286985456745,-1.1666692769474956,-0.30749472574978653
-0.8707958746424795,1.1742270585429853,2.0587352992145056,1.0416174803038527,0.7882121512127953,-0.7462201058552537,-0.3198014078784542,0.04517593976100472,1.0823304834221037,0.9465398456758424,-0.023006989219607553
-0.9400179080407967,-0.5679973451706117,-0.2396325490359408,-0.3306546041793634,-0.07850691297265203,0.5745234443310361,-0.9385380238764451,0.24524118542410983,0.3682678590926091,-0.12674557715477922,0.05663009715695187
-0.04013147386267415,-1.20123177424796,-0.6529240859425546,-1.3120897025755875,-0.9082379307458889,0.5745234443310361,0.8622625749236779,-0.1819096120692438,1.258287480707266,1.5365923481127668,-0.6104102702508426
1.5519752942986196,-0.4632701014061397,-0.011780395305518061,-0.15694927702958916,-0.06987924949877583,-0.7462201058552537,1.859629060412977,0.030803436480609226,0.6745196351280814,0.031249336320547383,-0.5725031600464776
0.9981990271120826,0.9864422709869027,-0.3308949111096509,1.7016977234729946,1.9865787639448396,-0.7462201058552537,2.3398425534263434,0.5798330617917168,-1.009209066708757,-1.0329430773471846,-0.49810265800859704
-1.2861280750323822,0.2918988218471411,-0.8899543149125114,-0.191690342459544,0.22555803865829763,0.5745234443310361,-0.6060825287133457,0.5758087608732062,-1.4713422094666546,-1.2066102421100855,-0.030914907649393704
-0.524685707650894,0.4596706725317696,0.2683682091399931,0.14703504548251567,0.3406230444113688,-0.7462201058552537,-0.4767942805943624,0.3015813982832603,-0.08992888551573243,0.09372110234408541,-0.08997117872279879
-0.10935350726099127,0.31582146584006515,-0.9960083240222724,0.8331710877241237,0.5598064378204396,0.5745234443310361,-0.44908965599743744,-0.03473517847799398,-1.6133149693939814,-1.4244700520878486,-0.14773905327160394
-1.770682308820602,-0.6617890739347582,-0.8521012686273636,-0.6259536603339795,-0.49423354209867354,-0.7462201058552537,-1.1417052709205617,-0.20145621653058174,-1.0748157025346936,-0.9930331463455603,1.392772596206233
-0.9400179080407967,-0.5294644861065111,-0.08371444590996316,-0.3914514686817843,0.6049468340259951,0.5745234443310361,-0.5044989051912874,1.6945644162191902,0.6587740425298566,0.20547511598082693,-0.3508390451782736
0.30597869312891146,1.8866644765162672,1.6020305596652487,2.7265591536566625,1.2615237529073589,-0.7462201058552537,-0.9108333992795203,-0.35725415209006867,0.17302251087462156,-0.22540317486408248,1.5759925857657486
-1.0092399414391138,-0.5622127064085284,-0.3062148937766345,-0.1830050761020553,0.2952213285632704,-0.7462201058552537,-0.31056653301281256,0.6798656846232692,0.19322935470901015,-0.3657396507500435,-0.4203525448696449
-0.04013147386267415,-0.25679066159692887,-0.6039870754972628,-0.6085831276190021,-0.7004394316847687,0.5745234443310361,0.14194233540362866,-0.7234655356745456,-0.8182937564552812,-0.49251419829408377,-0.44863021022995464
-1.770682308820602,-0.6974723199873483,0.025421243186680667,-1.1036433099958585,-0.29959156110384577,-0.7462201058552537,-1.1417052709205617,2.093545107282969,1.4325387054609537,3.034766468721958,1.3124011677832292
0.7905329269171313,3.4158719493728364,1.7148190831016334,2.7265591536566625,2.6366988242569156,-0.7462201058552537,-1.1140006463236367,0.4108124232142661,-0.36154035783511024,-0.17168304223281358,7.98700312371053
1.4135312275019853,-0.71488895362771,-0.6500115114187212,-0.5477862631165811,-0.18430844604282534,-0.7462201058552537,-0.12586903569997943,0.394715219540223,-0.4499781029284729,-0.6397402579143843,-0.48673904463420364
-1.6322382420239678,-0.3857250957936008,-0.1934917716826619,-0.8951969174161295,-0.8032717974778605,-0.7462201058552537,-1.0216518976672202,-0.6918460284576755,0.13733250098531216,1.0914383432237305,0.5103550932170831
0.1675346263322772,1.3589962883373785,0.6768858388952008,0.1730908445549818,-0.5417937170414765,-0.7462201058552537,0.6498604530139197,-0.9235307813376508,-0.25709459360021925,0.5426923090318775,-0.3236409065988146
-0.1785755406593084,-1.1302359734303093,-0.6896319573276981,-0.9820495809910166,-0.7753887858550378,-0.7462201058552537,-0.1720434100281877,-0.45038797334703135,0.5631195674956411,-0.17075201740384877,-0.5611318514709988
-0.04013147386267415,-0.8189875596326845,-0.32280924673889244,-0.24380194060447627,-1.0021977745024069,-0.7462201058552537,0.4374583311041618,-1.5099289151777864,0.8057329067799546,-0.33991922882675296,-0.5536130903532505
-1.2169060416340651,-0.028449465170164945,-0.17225691988499406,-0.460933599541694,-0.10281992790404251,0.5745234443310361,-0.5322035297882124,0.41023752308305,-0.2670668022457614,0.15026534362321425,-0.190677176014221
-0.04013147386267415,0.27042044640977825,-0.09875167368395596,-0.07009661345470207,0.025541515094005412,1.8952669945173257,0.5298070797605784,0.08484404881489635,-0.40995805507465144,-0.17190028135957208,-0.43002046571912766
-0.04013147386267415,2.1304482961654676,3.2242104111151484,2.709188620941685,2.4979319211617073,0.5745234443310361,-0.2920967832815293,0.3418244074683677,1.1244499436223547,0.5556956224764192,0.16980012157799318
1.6211973276969367,-0.10272633534978876,-0.6238035519665637,-0.11352294524214562,-0.4843630670964833,-0.7462201058552537,2.579949299933026,-0.6878217275391647,-0.9495070281071545,-0.8560793940048382,-0.566859279707488
-1.147684008235748,-0.5305880296797741,0.09087013836764314,-0.7649179220537988,0.1493103168152369,-0.7462201058552537,-0.8277195254887454,1.8739332571585259,1.0753761800245543,1.3839663444844708,-0.11604581794377555
0.9289769937137655,-0.6970269535622385,-0.9047037507235793,-0.48698939861416013,-0.06571253866295441,-0.7462201058552537,-0.5599081543851373,0.5384402523441779,-1.1959255522693726,-1.1534487243761953,-0.37821912029768245
-0.04013147386267415,-0.9736275677411036,-0.7395112942862698,-0.8604558519861747,-0.35246866483665495,0.5745234443310361,-1.0955308965923534,0.7109102917089236,-0.25368304853727036,-0.5233311201328187,0.2446903681992434
0.9981990271120826,0.5460253920875761,1.2120878231259808,-0.2959135387494085,-0.5969280463480616,-0.7462201058552537,-0.8738938998169536,-0.7585344436787106,0.9397016571365171,2.1118415557691512,0.5737646494759963
-1.5630162086256507,-0.35336806583648794,-0.7931396133748215,0.19046137726995924,0.10877902296634291,1.8952669945173257,-0.9570077736077286,-0.057156283595411014,-1.1270385846521391,-1.1605865813982588,0.26466161364498253
0.0983125929339601,-0.48815083229494394,-0.05112047530040968,-0.8865116510586408,-0.5479995441431247,0.5745234443310361,0.9453764487144529,0.14578346272377318,0.6407978243135499,1.4641586164193054,-0.543739597703341
-1.3553501084306994,-0.8399361320514646,-0.92140962469999,-1.0341611791359488,-0.7339418444397535,0.5745234443310361,-0.947772898742087,-0.16811200892006406,-1.1434402436086233,-0.8745757539402723,-0.11826258551361828
1.0674210605103998,0.23810587878579928,-0.7405519833762851,0.8505416204391012,2.6920512628714492,-0.7462201058552537,0.7052697022077697,2.0515773977042144,-1.259695202292183,-1.2108308880013925,-0.45309342685954135
-0.04013147386267415,-0.0043455021340316775,-0.16262481341377472,0.24257297541489148,-0.15184513895307017,-0.7462201058552537,-0.45832453086307906,-0.4429142716412257,-0.2746771720015701,-0.4686489285116193,-0.22764767031503721
1.6211973276969367,0.7871599526074661,0.9214258877469491,0.7289478914342592,2.42957728710443,-0.7462201058552537,-0.15357366029690447,1.9733909798588625,0.36078870260845225,0.27111236642284536,-0.19347877886656126
-1.5630162086256507,-0.8555959476675166,-0.8386091801382458,-0.9559937819185504,-0.29959156110384577,0.5745234443310361,-1.0216518976672202,1.250741514920578,-0.8441427709707003,-0.6906673160587588,0.05021724636663321
-0.7323518078458453,-0.25679066159692887,-0.8050684534424203,-0.7475473893388215,-0.057782413447519505,0.5745234443310361,-0.9015985244138787,1.2242961088846502,-1.195400699182765,-0.8081936836350819,0.17318710937005136
0.9981990271120826,0.26888814187100346,0.24334476961853396,0.885282685869056,-0.8203295914674702,0.5745234443310361,-0.32903628274409585,-1.4075966918213705,0.04902596916360125,-0.4012427308945678,-0.22471854698756588
-0.8015738412441624,-0.7862317742023502,-0.41478620316146747,-0.9473085155610618,-0.33579359095344674,0.5745234443310361,0.11423771080670364,1.0811459762119113,0.40907518657634157,0.609788165039274,-0.5262368628343843
0.02909055953564297,1.475846772247935,2.36359193152813,0.09492344733758341,-0.32023787049971336,-0.7462201058552537,-0.28286190841588754,-0.5751413018208641,1.047821392977661,2.6761667387656822,0.018727384210350053
0.7213108935188142,-0.04140877401346894,0.21835220682646056,-0.07009661345470207,-0.29959156110384577,-0.7462201058552537,2.0443265577258103,-0.42566726770475116,0.3748285226752026,0.25246083568258376,-0.5499193938322132
-1.4937941752273336,0.6896220211080538,0.9978999901051314,-0.3480251368943408,-0.8865730920345982,0.5745234443310361,-0.7907800260261789,-1.275369661641732,0.5353023539054438,1.9113608759320648,0.412303390642936
-1.4245721418290165,-0.6673814120157532,-0.6206648086570183,-0.7822884547687763,-0.4301094055616176,1.8952669945173257,-0.6984312773697622,0.26133838909815293,-0.438431335023108,-0.32123666392552597,-0.29726395590662197
-0.5939077410492111,-0.856682397708387,-0.2660906490805908,-1.1383843754258134,-0.8730914676413627,-0.7462201058552537,-0.09816441110305439,-0.5458213951288574,1.1374400575158903,2.102996819893986,-0.5166063186758884
-0.8707958746424795,-0.25679066159692887,1.9343719107052104,0.737633157791748,1.7379753055823985,0.5745234443310361,-0.4213850314005125,1.2467172140020673,3.942386165617986,1.1549032023981647,-0.3113098965165305
-1.2861280750323822,-0.624812679012767,-0.7669531503798312,-0.11352294524214562,-0.29959156110384577,0.5745234443310361,-1.0216518976672202,-0.38944855943815454,-0.8791767145017504,-1.0532083844576519,0.2762203553326153
-0.6631297744475282,3.7235542592964177,1.1361369315070953,2.7265591536566625,-0.29959156110384577,0.5745234443310361,-0.07969466137177114,-1.2299525512756826,-0.7112237267873526,-0.44735949408929093,0.3066180485919786
-1.147684008235748,-1.20123177424796,-1.0217898719331655,-1.3728865670780086,-0.8289202175116945,-0.7462201058552537,-0.6984312773697622,0.9828380537740061,-1.218363021721843,-0.8390416396347824,-0.5045781697220404
0.5828668267221799,-0.25679066159692887,-0.6036067836277393,-1.1991812399282344,-0.6925648626138114,0.5745234443310361,-0.6153174035789872,0.6695174822613846,-0.81750647682537,0.9553535473900423,-0.2061780592865083
1.0674210605103998,0.06300219858007586,0.5272508244953332,0.22520244269991407,0.25795344379369145,0.5745234443310361,1.5364084401155191,0.10898985432596066,0.7043050477930566,0.31639120727150016,-0.5243312012512837
0.3752007265272286,-1.0430637319434795,-0.9854018417743601,-0.7736031884112876,-0.5675429611893626,1.8952669945173257,1.554878189846802,-0.15431440577088432,-1.2082595998046486,-1.2292341454539302,-0.6076339516306404
-1.4245721418290165,3.1288180361147506,2.0341673240218765,2.7265591536566625,-0.29959156110384577,-0.7462201058552537,-0.28286190841588754,-1.2299525512756826,-0.10961087626351358,-0.019522551018999912,0.38019186617038897
-0.04013147386267415,0.703212164038431,1.396444436268732,1.006876414873898,2.0623326533925437,-0.7462201058552537,0.2065864594631202,1.2467172140020673,0.9530854108450084,0.4567276831574609,-0.31891220553177835
0.5136447933238628,0.6821000872334463,-0.9398010814814356,1.9101441160527237,0.3853004727462776,0.5745234443310361,0.5205722048949366,-0.6556273201910789,-1.5742134144417232,-1.4186045956653703,-0.38007751135982926
-0.2477975740576255,0.6850341368384297,-0.5898037130582676,0.8592268867965899,-0.7672919922061701,0.5745234443310361,0.696034827342128,-1.3529811793558677,-1.192514007206424,-1.0858873559543163,-0.40400244119185125
0.4444227599255457,-1.0529901564408852,-0.5842322222051751,-1.1904959735707457,-0.7341146857781284,1.8952669945173257,-0.8646590249513121,0.3843670171783381,0.7193945740330221,0.9991737826733188,-0.3571364679523098
-0.6631297744475282,-0.7412270698813118,-1.0351335697270496,-0.7736031884112876,-0.8691243473986646,-0.7462201058552537,-0.5506732795194956,-1.0229885040379874,-1.5544002104222905,-1.3513535688531464,-0.39530136739303884
0.30597869312891146,0.08559777264437163,0.12788951295937467,0.06018238190762858,0.5244706722976935,-0.7462201058552537,1.3332411930714025,0.6706672825238161,0.07697439602545039,0.003597898900292764,-0.5128142335124009
-0.7323518078458453,-0.15035467497841928,-0.07858669404542745,0.04281184919265116,-0.5889259039083039,0.5745234443310361,-0.9939472730702953,-0.9338789836995355,0.023045741376530284,-0.23803407837703833,0.58074474651776
0.4444227599255457,-1.1832035853959133,-0.6108964276755141,-1.0862727772808811,-0.9598351855207323,-0.7462201058552537,-0.8923636495482369,-1.0546080112548575,1.3860892072961903,0.40080412509764185,-0.41292227856437985
0.30597869312891146,-0.6857702866630393,-0.09973777480092215,-0.5304157304016037,0.3395942269210425,-0.7462201058552537,1.0561949471021528,1.5324425792163292,1.041391942666719,0.39493866867516375,-0.5666707472808934
-1.4937941752273336,-0.8724783856341436,-0.35594245271944913,-0.6346389266914682,-0.7842016364771727,-0.7462201058552537,-0.8461892752200286,-0.9051339771387444,0.8852481494009901,0.05747320233638905,-0.2741222876136592
0.0983125929339601,-1.1740202517283485,-0.611571676993685,-1.4076276325079633,-0.8519945361847321,-0.7462201058552537,0.5113373300292948,1.1570327935323994,1.3085421637499335,3.3448598050891674,-0.5998645468203931
-0.3862416408542597,-0.26110693335633534,0.11563509927685997,-0.582527328546536,0.01968754357404895,-0.7462201058552537,-0.45832453086307906,0.9431699447201145,0.5389763255116962,0.9222711318008263,-0.29649498545529296
-1.5630162086256507,1.1460725793841273,-0.0004422518245653979,2.466001162932001,2.3045883078396714,-0.7462201058552537,-0.8646590249513121,0.34642360851809406,-0.7534744002592558,-0.9553887090944169,0.8811324174622311
1.6211973276969367,-0.25679066159692887,-0.03510861118660683,-0.8344000529137086,-0.7695718517647331,-0.7462201058552537,0.5113373300292948,-0.6636759220281003,0.24873256861775256,1.308056786762874,-0.4905564140298292
-1.6322382420239678,-0.8271398395215709,-0.9116051557267565,-0.877826384701152,-0.8327659372905342,0.5745234443310361,-1.086296021726712,-0.8120001558817818,-1.1213964139711086,-0.9823263608124652,0.3951903627432376
1.0674210605103998,-0.40985321843306877,-0.0007712127600046303,-0.8517705856286859,-0.4169693485751704,-0.7462201058552537,-0.5044989051912874,0.47922553882894836,0.5859506767630668,1.4651206754092359,-0.3167372119106855
1.1366430939087169,-0.25679066159692887,-0.718489192273779,-1.2860339035031214,-0.8811347627807335,-0.7462201058552537,-0.49526403032564575,-0.10027379343659751,-1.0329586688777461,0.8848439336764415,-0.2777681639565223
-1.2169060416340651,-0.830218358673768,-0.5852088127683641,-1.02547591277846,-0.8132389813241415,0.5745234443310361,-0.4306199062661541,-0.5159265883056348,-0.030358060185782094,0.2937673039276553,-0.45591042011405264
0.1675346263322772,-1.169874561410669,-1.036593374591048,-1.2947191698606102,-0.8559307919027205,0.5745234443310361,-1.0401216473985035,0.13256075970580952,-1.3519381322634498,-1.0983320545014792,-0.22048673604776445
-0.3170196074559426,-0.25679066159692887,0.3239553114619422,-0.20906087517452143,0.1409378000789616,-0.7462201058552537,-0.24592240895332104,0.4573793338427474,0.9221190787351662,0.5821367276190194,-0.37087075291825583
1.3443091941036682,-0.0836585514451572,-0.2980924900063537,0.6681510269318383,1.8987938827652597,-0.7462201058552537,-1.0031821479359369,1.5065720733116177,-0.4203239035351494,-0.7859421902228233,0.6899330540342784
-1.3553501084306994,-0.3546819577996612,-0.2665031204950861,-0.5477862631165811,0.02883167342806879,-0.7462201058552537,-0.6984312773697622,0.8787811300239429,-0.05896255340589053,0.10300031647276779,-0.17583148414864144
-0.3862416408542597,-1.0103652950665156,-1.0388964919837984,-0.8517705856286859,-0.7140980126863403,-0.7462201058552537,0.1973515845974786,-0.4641855764962111,-1.4761971005177739,-1.3449915658552203,-0.5658028385298937
0.4444227599255457,-0.6580489721094254,-0.8115254680492476,-0.5738420621890472,-0.7863333463171287,-0.7462201058552537,1.213187819818061,-0.9551502885545208,-0.9678768861384167,-0.9385061255291886,-0.5694509135016385
-0.04013147386267415,-0.3082618423741642,-0.8464772743061594,-0.14826401067210046,-0.5300569671118344,-0.7462201058552537,0.26199570865697014,-0.7401376394798043,-1.253528178524545,-1.1544107833661257,-0.47168338371043417
-1.701460275422285,0.09189293554964917,-0.5728209907698535,0.5465572979269964,2.132399239753724,0.5745234443310361,-1.13247039605492,1.947520473954151,-0.9680080994100686,-1.007867475287066,2.750600721571657
-1.2169060416340651,1.0155865617732924,-0.14290617839497496,0.4336488352796431,-0.6938200199520095,-0.7462201058552537,-0.7630754014292538,-1.198907944190028,-0.8386318135613217,-0.5461101942814908,0.4939654142194211
-1.770682308820602,-0.1891781813917287,-0.3029375308887496,0.4423341016371318,1.0857893797497473,1.8952669945173257,-1.1417052709205617,0.8966030340916332,-0.3270312673906676,-0.7110257256521223,2.4572613051642778
0.5136447933238628,-0.13709202889324598,0.07701677911655593,-0.6085831276190021,-0.4667826338217879,0.5745234443310361,-0.28286190841588754,-0.1606383072142586,0.27405673004656395,0.9059471631329769,-0.33398270720049844
-1.078461974837431,-0.6733754340067374,-0.9431607823143493,-1.1123285763533473,-0.9319254246431611,0.5745234443310361,-0.3844455319379459,-0.8878869732022698,-1.3163793356457922,-0.8647999932361418,-0.427882299131801
-1.4937941752273336,0.16287092171029544,0.41378887568259803,-0.6780652584789117,-0.649484159023889,-0.7462201058552537,-1.1232355211892786,-0.5211006894865772,0.40146481682053287,1.8279410512568184,2.60071304517118
1.4135312275019853,0.49471185882300994,-0.28054851476353476,-0.035355548024747226,-0.12655680504085023,-0.7462201058552537,2.515305175873535,-0.18708371325018625,-0.7725003246487775,-0.43932164639922816,-0.5323380579807405
-1.147684008235748,0.44989189005474295,0.2874089892094501,-0.11352294524214562,-0.44460338636533414,-0.7462201058552537,-0.6799615276384788,-0.6234329128429931,-0.05870012686258681,0.398600699669092,0.11050310064205614
-0.8015738412441624,-0.9348526245708609,-1.0201656517422264,-1.1383843754258134,-0.7705986116200786,-0.7462201058552537,-1.0031821479359369,-0.02553677637854093,-1.4361770526639526,-1.1629451776316362,-0.07694430259949785
0.1675346263322772,-0.6483604830994071,-0.9735840015946796,-0.6433241930489569,0.24071869319574568,-0.7462201058552537,0.08653308620977876,1.6583457079525938,-1.4095407585186224,-1.2421443564155752,-0.5019931318145348
-0.524685707650894,1.6448558874669783,-0.7062436377372485,2.2141284385648285,4.855214111141745,-0.7462201058552537,-0.1720434100281877,2.095844707807833,-1.4483798869275768,-1.2999609982942895,-0.017609904972574107
-0.04013147386267415,-0.16394213350842599,0.3339597626276112,0.02544131647767374,0.3128552603474627,-0.7462201058552537,-0.6614917779071956,0.40736302242697087,0.7628261669497921,0.29541211445882654,-0.13691905088817866
-1.5630162086256507,-0.4202684478343073,-0.15853749007613713,-0.6780652584789117,-0.5045731578764526,-0.7462201058552537,-1.1140006463236367,-0.1462658039338631,0.26907062572379276,0.5655955198244117,1.3405721996427828
-1.4245721418290165,-0.7938952491874036,-0.53692334039758,-0.5130451976866263,0.11818035719294451,-0.7462201058552537,-0.8277195254887454,0.9949109565295383,0.04233409230935587,-0.4551180343306642,-0.25083276152841094
1.0674210605103998,-0.4805888764511758,0.2714371215341343,-0.13089347795712303,0.09633238896837569,-0.7462201058552537,-0.005815662446637814,0.27226149159125357,1.3536795291981776,0.39869380215198824,-0.4626986867858993
-1.4937941752273336,-0.4810854905197229,-0.8279948809968181,-0.8865116510586408,-0.514869563319638,-0.7462201058552537,-0.781545151160537,0.25616428791721046,-1.132549542061518,-0.7389254363601009,-0.14744278802981245
-0.04013147386267415,-1.0317206761596287,-0.9925357993596199,-1.3120897025755875,-0.998887039818537,0.5745234443310361,-1.0770611468610702,-0.9057088772699602,-1.25247847235133,-0.7747698922752456,0.06284836929125155
0.4444227599255457,0.0851541144740429,0.658646681255747,-0.41750726775425046,-0.23268344443796682,0.5745234443310361,1.2593621941462692,0.07219624592814844,0.8668782913697275,1.5242717862094661,-0.5088836347293745
-0.8015738412441624,0.15420762960542025,-0.08071354048940586,0.9634500830864544,1.6447459222440122,0.5745234443310361,-0.3936804068035875,0.9035018356662232,-0.29370309639109166,-0.6948569277891004,-0.22064118972669472
-0.6631297744475282,0.06653535754048098,0.8325156289320192,-0.6433241930489569,-0.16708604125476353,0.5745234443310361,-1.0401216473985035,0.6407724757005937,1.1583029677085384,2.5992020195712593,1.1056261677010155
-0.6631297744475282,-0.13551530973015868,-0.2665031204950861,-0.40013673503927305,0.10515141249545244,-0.7462201058552537,-0.3936804068035875,0.7212584940708084,-0.3178463383750363,-0.09325971747301195,-0.2923505700135339
1.3443091941036682,-0.07257759075202858,0.0567630777366278,-0.13957874431461176,-0.5598535792666639,0.5745234443310361,1.0838995716990778,-0.7947531519453072,0.15334052012684068,0.10914508034393548,-0.5126026154825498
-0.04013147386267415,-0.6298410489795544,-0.5394982251215487,-0.5998978612615133,-0.29959156110384577,1.8952669945173257,-0.6984312773697622,0.2256945809627722,-0.27821993033617054,-0.3699292624803851,-0.2826859471073735
-0.3170196074559426,-0.5618920425824493,0.02879840174844535,-0.6693799921214231,-0.5006019223637933,-0.7462201058552537,-0.8554241500856704,-0.1502901048523737,1.0116065300017438,0.9559431964483867,-0.09441240906356971
0.02909055953564297,-0.5724829781897585,-0.9409226754193353,-0.16563454338707786,-0.04009086788386898,0.5745234443310361,-0.8277195254887454,0.0911679502582703,-1.3548248242397911,-1.2848163277431286,-0.1374917937118276
1.275087160705351,0.6438354241700005,0.16101281754147856,1.3282312701009802,1.7388107053845434,-0.7462201058552537,2.450661051814043,0.6614688804243631,-0.34763175104001176,-0.6263955686992221,-0.5219132591387774
-0.10935350726099127,-0.9559334647169888,-0.7589846091302451,-0.8430853192711972,-0.993214140176878,0.5745234443310361,0.9453764487144529,-1.3541309796182994,-0.3753177513585569,-0.5977200039671062,-0.5883844061152765
0.652088860120497,-1.0421285844689476,-0.8148191161319563,-0.9733643146335279,-0.8020454470293915,0.5745234443310361,1.3240063182057606,-0.5676676001150585,-0.41087654797621476,-0.591854547544628,-0.6040292995793067
-0.1785755406593084,0.23202278350979288,0.08845224292177518,0.616039428786906,0.2130825977706012,0.5745234443310361,-1.1140006463236367,-0.2520474280775737,-0.12561889540504212,-0.41067711582807787,2.470720761520028
1.205865127307034,-0.08853025004486482,0.535939822763921,0.14703504548251567,-0.9031308807239093,0.5745234443310361,1.6287571887719356,-1.409896292346234,0.9704055627030556,0.4076937088319816,-0.5392895728470437
-1.0092399414391138,1.950707192301464,2.3157240115526263,2.535483293791911,1.4519619856367136,0.5745234443310361,-0.9570077736077286,-0.18535901285653864,0.6365989996206899,0.18952355724456332,1.9945285265763553
0.9981990271120826,-0.9767441565712828,-0.2665031204950861,-0.9038821837736182,-0.39145261718009816,-0.7462201058552537,-0.2736270335502459,0.7235580945956718,1.722913675626549,0.9110988338532489,-0.5188357283618001
1.4135312275019853,-0.4894942526621928,0.015028031850179771,-0.4088220013967617,0.16774261097192242,0.5745234443310361,2.256728679635568,0.8644086267435473,0.7947109919611973,0.3994386220151603,-0.5825096697437221
0.23675665973059432,-0.4003958318913129,0.476543678513482,-0.6172683939764908,0.4473443403178939,0.5745234443310361,0.012654087284645435,2.073423602690416,1.5724120530418504,1.7545452605734269,-0.45204578019747327
1.6904193610952538,-0.504644764317037,-0.2851629572872267,-0.6954357911938892,-0.46945344402667494,-0.7462201058552537,3.2540951651248675,-0.02496187624732517,0.1366764346270526,0.3202704773921866,-0.5974828820844327
-1.5630162086256507,-0.7836357150076555,-0.9411915765562646,-0.8430853192711972,-0.7300796635810687,-0.7462201058552537,-0.947772898742087,-0.5279994910611671,-1.2490669272883812,-1.0853908093788684,-0.07735654551479218
-0.3170196074559426,-0.21280310097992186,0.2024258074150926,-0.5564715294740699,-0.18294629168563337,-0.7462201058552537,0.5205722048949366,0.41483672413277667,0.6148175965264789,1.0318527541699831,-0.4861635535244528
-0.524685707650894,-0.627104180783606,-0.4641810230036437,-0.8691411183436634,-0.5218593493489148,-0.7462201058552537,0.11423771080670364,0.1883260724337439,-0.0855988475512208,0.2507849909904472,-0.501688072057217
0.0983125929339601,-0.8715217629566475,-0.949280107121312,-1.121013842710836,-0.6791737741597247,0.5745234443310361,0.5021024551636534,0.3648204127170005,-1.2144266235722867,-0.8790136389583378,-0.5633739032729794
-1.147684008235748,-0.5683485135463558,0.17431756114934432,-0.9646790482760392,-0.7564359100482472,-0.7462201058552537,-0.5876127789820623,-0.4124445646867873,1.3875325532843612,2.5374440392499267,-0.3253074672910445
-0.04013147386267415,-0.4543227509347836,-0.235373775167199,-0.3567104032518295,-0.29959156110384577,-0.7462201058552537,-0.49526403032564575,-0.14109170275292066,0.1612133164259531,-0.09108732620542752,-0.3333819318586095
0.652088860120497,-0.3440829689912404,0.11912221547407446,0.01675605012018503,-0.29959156110384577,-0.7462201058552537,1.9519778090693938,-0.49178078279457044,0.7012871425450636,0.03283207852978744,-0.5668735707952182
-1.2169060416340651,-0.25679066159692887,-0.5675995664646918,-0.23511667424698757,-0.8577147614309463,1.8952669945173257,-1.0308867725328619,-1.2569728574428258,-0.7499316419246553,-0.7140360392657752,0.6949530734281226
-0.2477975740576255,-0.7935650679418291,-0.6928151266487226,-1.0081053800634827,-0.491737630867142,-0.7462201058552537,0.17888183486619533,0.7344811970887721,-0.4536520745347254,-0.12404560515078125,-0.5328294515357713
0.1675346263322772,-0.5294657062884975,-0.06684585026687369,-0.3480251368943408,0.5499874036927657,0.5745234443310361,0.0034192124190038113,1.4738027658323156,0.698794090383678,0.17413061340567867,-0.47228745699564545
0.30597869312891146,0.4908590121821149,-0.2665031204950861,-0.24380194060447627,-0.11186117600902991,-0.7462201058552537,-0.569143029250779,0.06472254422234265,-0.7538680400742115,-0.2550097644251633,-0.0028867866671421407
-1.701460275422285,2.8215986632368866,3.7807366202927892,2.7265591536566625,0.2317247706953134,-0.7462201058552537,-1.13247039605492,-0.9327291834371038,0.983395676596591,0.8125653727878076,8.339940223553402
1.6904193610952538,-0.05081784134855527,-0.2354929827933088,-0.2959135387494085,0.45709958776116777,-0.7462201058552537,0.1511772102692703,1.1788789985186006,-0.34763175104001176,-0.15675561080841136,-0.4190223743962952
0.7213108935188142,0.03279220084658838,0.2633436402698603,-0.1743198097445666,-0.5390508896122667,0.5745234443310361,1.748810562025277,-0.7384129390861569,0.3453055365535312,0.444655394541884,-0.5351539519208109
-1.3553501084306994,-0.9772622458427941,-0.2665031204950861,-0.8344000529137086,-0.8883550039278433,0.5745234443310361,-0.8831287746825954,-1.0321869061374407,1.7259315808745421,0.6955976201088632,-0.29700836529913943
1.4827532609003025,0.8568779788487468,0.6417154201829754,0.555242564284485,1.0903737904866413,0.5745234443310361,0.9453764487144529,0.7684003048305056,0.01648507779393676,0.1473481324924578,-0.4153715511384486
0.8597549603154484,-0.424368747382085,-0.44068669813535305,-0.5130451976866263,-0.21976561202943018,-0.7462201058552537,-0.8092497757574622,0.2515650868674841,-0.33031159918196434,-0.274623354155355,-0.08710966323343565
0.9289769937137655,-0.7277025727418136,-0.1990852801191561,-0.24380194060447627,-0.29959156110384577,0.5745234443310361,1.9335080593381102,-0.2675697316204009,0.8899718271804576,-0.15337288726317247,-0.5915988015401316
0.30597869312891146,-0.7347269164022849,-1.0362205087703642,-0.999420113705994,-0.749135421136892,-0.7462201058552537,-1.1417052709205617,-0.31241194185523474,-1.559123888201758,-1.2957403524029822,1.2284904965181183
-0.3170196074559426,0.7960958333681482,-0.29062813838851004,2.144646307704919,-0.29959156110384577,0.5745234443310361,-0.32903628274409585,-1.1609645355297842,-0.907649994450207,-1.0673599618579168,-0.10354936103815329
-1.701460275422285,-0.5405996228798446,-0.2796633818544757,-0.460933599541694,-0.875157333161938,1.8952669945173257,-1.1232355211892786,-1.212130647207992,0.21592925070478408,-0.04208438604091336,1.2803237220583463
1.6904193610952538,-1.1005958006845649,-0.8905490502274738,-1.2599781044306553,-0.5873086028135109,-0.7462201058552537,2.053561432591452,1.7865484372137215,-0.6419431193551636,-0.29029560544292915,-0.6172040334948932
-0.04013147386267415,-0.8450911569084615,-0.9306005978138243,-1.0862727772808811,-0.7643043062142625,-0.7462201058552537,-0.9847123982046536,-0.158913606820611,-1.1704701775689093,-0.847638102222224,-0.044271028447709714
0.7905329269171313,-0.5022002517250782,-0.09998218300483654,-0.5564715294740699,-0.27674563991366047,0.5745234443310361,-0.28286190841588754,0.19982407505806032,0.5595768091610402,0.4413968076405071,-0.4138226170913827
-0.04013147386267415,-0.8256773293924295,-0.8623632864343647,-0.999420113705994,-1.0096032027977755,1.8952669945173257,-0.7076661522354039,-1.3374588758130406,-0.9594792367526969,-0.712453297056535,-0.3536840709510249
0.5136447933238628,-1.0519971723401884,-0.4380976127214981,-1.1296991090683246,-0.884762373251624,-0.7462201058552537,1.813454686084769,-0.6245827131054246,1.4116757952683054,1.3067533520023236,-0.6115607028131239
1.205865127307034,-0.9532712716586201,-0.3708242545940442,-1.1991812399282344,-0.7613042744124711,-0.7462201058552537,-0.44908965599743744,0.26938699093517443,1.1724740010469403,2.110600189330532,-0.4840275855660077
-1.2169060416340651,-0.5792132579914586,-0.31218582788836335,-0.11352294524214562,0.5094993201784656,-0.7462201058552537,-0.4398547811317958,0.9172994388154027,0.21186163928357615,-0.42700108449592733,-0.38795245035639186
0.30597869312891146,-0.007192186708774496,1.0636107512188593,0.3815372371347108,1.318956460487333,-0.7462201058552537,-0.8831287746825954,1.2582152166263836,1.6598000919619982,0.7287110698590445,0.2779770598089895
-0.4554636742525769,-0.1019751913188365,-0.9334218449650864,0.3815372371347108,0.29964318613669266,0.5745234443310361,-0.13510391056562104,0.019880333987508905,-1.4692427971202249,-1.3395916218472244,-0.3693861287659759
-1.2861280750323822,0.10611830522225146,0.6875020922600074,0.5726130969994625,-0.29959156110384577,-0.7462201058552537,-0.624552278444629,-0.7924535514204438,0.8764568602003141,0.17745126862898644,-0.07565425710323671
1.3443091941036682,0.3786571776041155,1.2806707714803793,1.3195460037434914,0.9154583560513295,-0.7462201058552537,0.696034827342128,-0.012314073360576943,1.2577626276206584,0.16531691169147844,-0.437019800763605
-0.8707958746424795,-0.817683185089007,-0.08717576635857692,-0.999420113705994,-0.6748115880007413,-0.7462201058552537,-0.23668753408767926,-0.01978777506638273,1.573855399030021,1.8883335284956684,-0.49040031137923773
0.02909055953564297,-0.1894700489229239,0.060078613121179375,-0.24380194060447627,-0.7841975212072113,-0.7462201058552537,1.1208390711616443,-1.1241709271319715,0.32076865475463096,0.23734719929238846,-0.5250314645500637
0.02909055953564297,0.18063652739882535,-0.5523132403506753,0.3207403726322899,-0.9564051080079845,-0.7462201058552537,0.13270746053798704,-1.5007305130783333,-0.9788988009571742,-0.9270545201329214,-0.3807211599649088
-0.2477975740576255,-0.831724795354427,-0.9725453970096019,-0.6085831276190021,-0.922764833709296,0.5745234443310361,-0.8738938998169536,-1.2592724579676893,-1.32110301342526,-1.2493442817595697,-0.2219240896790907
1.205865127307034,-0.4425858204056575,-0.430397712045724,0.08623818098009471,0.3480408185166213,0.5745234443310361,1.1208390711616443,0.3832172169159066,-0.28491180719041626,-0.6981465488514426,-0.5473887719895264
-1.2861280750323822,-0.6269604433455842,-0.4505165720125117,-0.24380194060447627,-0.29356680588049505,0.5745234443310361,-0.7446056516979705,-0.2566466291273002,-0.050171264205214824,-0.5324551634566737,-0.24711762837577841
0.4444227599255457,-0.43643585915678557,0.21346117655388253,0.08623818098009471,-0.4097326463482153,-0.7462201058552537,1.7857500614878434,-0.6970201296386178,1.106473725406048,0.08437981989347192,-0.5688385953581212
1.5519752942986196,-0.8326133318770708,-0.8210947788092269,-0.24380194060447627,-0.8725708859912576,-0.7462201058552537,0.10500283594106201,-1.2805437628226743,-0.8139637184907694,-1.0911631633184502,-0.5326106879620551
-0.04013147386267415,0.26793151919350744,-0.3524278471133722,0.39022250349219956,-0.2543009575447025,-0.7462201058552537,-0.8092497757574622,-0.6573520205847263,-0.7478322295782253,-0.7412219642715474,0.25187054046922985
-0.1785755406593084,0.13187561485023064,-0.24655453852537537,-0.6259536603339795,-0.09314081295505293,-0.7462201058552537,0.13270746053798704,0.7816230078484695,-0.5144038193095427,0.2722606303785684,-0.38814208209742723
-0.04013147386267415,-0.6556920685841047,-0.14202026379656438,-1.0689022445659038,-0.6586180007030057,0.5745234443310361,-0.6430220281759123,0.2619132892293687,0.835255892901626,2.1128967172419784,-0.3259126398906966
-1.2861280750323822,-0.8035839822338192,-0.07604542196357494,-0.9733643146335279,-0.11421511042689635,-0.7462201058552537,-0.7076661522354039,2.029731192718013,1.5482688110579055,1.786262173080161,-0.34495386531953165
0.5828668267221799,-0.3913084045278949,0.4338591406280317,-0.9212527164885956,-0.8625358001906153,-0.7462201058552537,1.6656966882345021,-0.862016467297558,1.4574692270748093,3.057111064617113,-0.5623768250751876
0.7905329269171313,-0.8118775591967541,-0.37399739223505724,-0.9212527164885956,0.03286258035516716,0.5745234443310361,-0.218217784356396,2.265440246516499,0.6150800230697827,0.651622214020759,-0.4920536802981782
0.0983125929339601,0.6514713230421569,1.3961860879380483,1.6235303262555965,1.672349095509466,-0.7462201058552537,-0.753840526563612,0.3987395204587336,1.015805354694604,0.0815867454065774,0.31431434899191363
-1.770682308820602,1.7104936251450613,1.3984051737255085,2.1533315740624075,2.7927148813949336,-0.7462201058552537,-0.28286190841588754,0.8287648186081666,0.1236863207335171,-0.14133163280856129,0.07003898504842551
-0.8015738412441624,-0.8789870803870768,-0.9264593379109306,-1.0167906464209715,-0.653766097418627,-0.7462201058552537,0.09576796107542039,0.11301415524447159,-1.1270385846521391,-0.9105133123383135,-0.5390713589305479
0.3752007265272286,-0.34984491236837306,-0.9056300526051528,-0.6693799921214231,-0.7516333900034041,-0.7462201058552537,0.9546113235800945,-0.7936033516828755,-1.356005743684658,-1.0861666634030058,-0.5310298737962065
1.5519752942986196,-0.6042025850770704,-0.31133105058245575,-0.3567104032518295,-0.6984023730539227,-0.7462201058552537,0.2527608337913285,-0.909733178188471,0.26487180103093294,-0.21587568744767618,-0.5119974428828977
0.4444227599255457,-0.708468600050607,-0.015556736562801867,-0.5998978612615133,-0.13678530852967408,0.5745234443310361,0.7422092016703362,0.614327069664666,1.3560413680879115,0.6968079523865174,-0.5563399398236174
-1.2169060416340651,1.023199033151306,0.9390912854023737,0.8158005550091464,-0.0318953077559299,-0.7462201058552537,-0.5044989051912874,-0.6130847104811084,0.1852253451382459,0.22241976786798623,0.0918383904091899
0.30597869312891146,0.33738500998009296,-0.770000305753688,-0.24380194060447627,-0.1950204937521026,-0.7462201058552537,1.5641130647124437,-0.08245188936890716,-1.32320242577169,-1.0141053416411303,-0.5051470649451466
0.3752007265272286,3.4364351883202477,3.0217915626895078,2.7265591536566625,2.4975718350400933,-0.7462201058552537,1.554878189846802,0.3332009055001304,0.27471279640482354,0.4509863633788448,-0.27354679650390834
0.1675346263322772,0.16167319107224673,-0.7368855997544511,0.12966451276753826,1.9896878504006053,1.8952669945173257,0.3912839567759535,2.6138297260332854,-1.2327964816035488,-1.0816356759020438,-0.425467654962617
-1.770682308820602,-0.5607567852621148,0.012590594170523342,-0.23511667424698757,-0.9666253809568857,1.8952669945173257,-1.1417052709205617,-1.4484146011376937,0.9688310034432333,0.15519977521672776,1.620333433734807
0.9289769937137655,-0.7995205321820368,-0.9893123730369912,-0.999420113705994,-0.062261884800400194,0.5745234443310361,1.8503941855473354,2.390193574990332,-1.3927454597471827,-1.1383661221469656,-0.5949561078422886
-0.8707958746424795,0.2695860859673397,1.023341893992781,0.00807078376269632,-0.47696792697601803,-0.7462201058552537,-0.2736270335502459,-0.750485841841689,1.0920402655243424,1.1929200495808936,-0.2489144578292413
-1.701460275422285,-1.20123177424796,-0.7636764388997395,-1.060216978208415,-0.724729812631372,-0.7462201058552537,-1.1140006463236367,-0.057156283595411014,0.5147018702560996,-0.25755456562433365,-0.012511284596213874
0.8597549603154484,0.23057589171008025,-0.7119545298580321,-0.6520094594064456,-0.29959156110384577,0.5745234443310361,-0.28286190841588754,0.32802680431918796,-1.2184942349934949,-0.6782226175115958,-0.25358269660203436
-1.2861280750323822,-0.9245877215903718,-0.9504540742457646,-0.9299379828460843,-0.7386600014503898,-0.7462201058552537,-0.6153174035789872,-0.413594364949219,-1.1745377889901172,-1.0591669433630266,-0.4306734584969538
-1.3553501084306994,0.002629058101386027,-0.32581914158699243,-0.2959135387494085,-0.23995924172955418,1.8952669945173257,-0.7169010271010455,-0.10257339396146084,-0.5368412887620129,-0.29830241897202653,-0.015300794989705532
0.30597869312891146,0.12439150661720794,0.8839094890091975,0.555242564284485,-0.13696020750302962,1.8952669945173257,-0.28286190841588754,-0.6033114082504394,1.1335036593663343,0.37811815343186617,-0.2768024162202928
-0.10935350726099127,-0.7835947168929057,-0.8993916504536389,-0.5651567958315585,-0.21410094292769358,0.5745234443310361,0.11423771080670364,0.3602212116672738,-1.11798486890816,-1.116238765378569,-0.525830116491294
0.3752007265272286,-0.054041318120760885,-0.24869324059118542,0.4336488352796431,-0.39681892920964,-0.7462201058552537,-0.4767942805943624,-0.8476439640171625,-0.36600160907127405,-0.6528677080027878,-0.2310764320558453
-0.7323518078458453,0.023382401402309936,0.010800004429265169,-0.15694927702958916,0.22040983593670507,0.5745234443310361,0.14194233540362866,0.5137195467018976,-0.03245747253221213,0.06327659043693629,-0.4062774724270556
1.0674210605103998,-1.1765448082586283,-0.9793249887554976,-1.09495804363837,-0.7117276171886286,-0.7462201058552537,-0.11663416083433781,0.111289454850824,-0.9849346114531603,-1.0299948320554628,-0.5739965787142839
-0.3862416408542597,-0.8154153548487082,-0.6359663777133898,-1.060216978208415,-0.7032995443078758,0.5745234443310361,-0.7076661522354039,0.03655243779276742,-0.23019587291158497,0.21779567788412774,-0.34962869997896945
1.275087160705351,-0.25679066159692887,-0.5091744106704225,-1.1731254408557683,-0.8867891437075668,-0.7462201058552537,0.8160882005954696,-0.5325986921108936,-0.640368560095341,1.251233238035056,-0.5137711867331041
0.7905329269171313,-0.25679066159692887,-0.4396238611803775,0.7723742232217028,0.165376330744172,-0.7462201058552537,0.12347258567234526,-0.3934728603566653,-0.5099425680733789,-0.9402750727042216,-0.4459346912211501
-0.4554636742525769,0.5117556048482657,-0.2665031204950861,1.0155616812313866,1.7964368306526985,-0.7462201058552537,-0.8554241500856704,0.9920364558734592,-0.7638402487197538,-0.8571035213166994,0.4954022181935269
1.3443091941036682,-0.20272757024375349,-0.7492507527617671,0.285999307202335,0.14250366029923828,1.8952669945173257,2.053561432591452,-0.09509969225565507,-1.116803949463293,-1.1305455135836613,-0.5603975094245544
-0.7323518078458453,-0.25679066159692887,-0.8978837716945206,-0.9733643146335279,-0.26229692707951835,0.5745234443310361,-0.4121501565348708,1.4703533650450211,-1.369389497393149,-0.8592448784233184,-0.3150788960767615
-0.7323518078458453,0.25588759087655244,-0.8379718427536246,0.7028920923617931,1.2014181774875174,0.5745234443310361,-0.7630754014292538,0.728732195776614,-1.3957633649951757,-1.2785163930671335,0.1584529979202115
-0.2477975740576255,-0.6294227705945472,-0.13531428113127172,-0.3914514686817843,-0.29959156110384577,0.5745234443310361,-0.8831287746825954,-0.09797419291173416,0.7804087453511432,0.11830015782875618,-0.09083523987325567
0.7905329269171313,-0.8570801770360194,-0.18882925526385025,-0.6085831276190021,0.028058002675343387,-0.7462201058552537,-0.6891964025041205,1.031129664796135,1.4064272644022306,0.3600252375889835,-0.37560604987193674
1.759641394493571,-0.8079554062190202,-0.08200723636620257,-1.1470696417833022,-0.9796604985593195,-0.7462201058552537,0.012654087284645435,-1.0764542162410586,1.5480063845146017,2.9820083950806193,-0.5200433252750023
-0.9400179080407967,-0.8216016775207811,-0.5089277876800119,-0.43487780046922786,-0.5313697382294907,-0.7462201058552537,-0.6799615276384788,-0.5159265883056348,0.20123336427977442,-0.47609712714333774,-0.36680603777345366
-0.10935350726099127,-0.6375816394661611,-0.2796547832716088,-0.3653956696093182,0.4474904324015202,-0.7462201058552537,-0.5044989051912874,1.3191546305352608,0.4210155942966622,-0.15445908289696497,-0.3816643717551023
1.3443091941036682,-0.79462052536024,-0.24504665976625703,-0.6693799921214231,-0.052012804961769764,0.5745234443310361,1.480999190921669,0.999510157579265,0.9723737617778337,0.35748043638981325,-0.587536285024211
1.6904193610952538,0.5462228175330083,-0.6961189366930013,0.5812983633569512,0.30029134115559836,-0.7462201058552537,-0.9200682741451619,-0.1330431009158991,-1.279508406311616,-1.1319420508271085,0.7533799869841783
-1.2861280750323822,-0.976885209608934,-0.9431512717605723,-0.7214915902663553,-0.19830036391126266,-0.7462201058552537,-0.8184846506231037,0.7586270025998367,-1.0931855605659557,-1.148079814529165,-0.3512210569464463
1.759641394493571,-0.8947252316866686,-0.5734916802334739,-0.5477862631165811,-0.7742694324255628,0.5745234443310361,-0.28286190841588754,-0.9453769863238518,0.17748376211078534,-0.491521105143188,-0.4996581879423077
-0.04013147386267415,-0.6400632455905125,-0.21533933765037755,-0.22643140788949884,0.02721025706331456,-0.7462201058552537,-0.5414384046538541,0.2854841946092172,0.5972350181251278,-0.19458625302534777,-0.36827252323746074
-0.2477975740576255,-0.13926126842902725,-0.846733668413464,0.4510193679946205,0.5431786895417863,1.8952669945173257,-0.07045978650612951,0.24926548634262075,-1.31270536403954,-1.2586855642101833,-0.39145926342249565
-0.04013147386267415,-0.33221279458917746,-0.316158503454442,-0.6346389266914682,-0.7426065453432814,-0.7462201058552537,-0.3198014078784542,-0.8028017537823285,-0.18847005252628948,0.14135853942611773,-0.36573860345145154
-0.04013147386267415,0.33970799244618616,-1.0138257602565712,-0.47830413225667145,-0.6430993176789241,-0.7462201058552537,0.8068533257298282,-0.7102428326565818,-1.637983064464534,-1.3546121557545232,-0.45237667384414953
-1.5630162086256507,1.0508232212187862,0.10036206188181974,2.0577936441300317,0.789907642436853,-0.7462201058552537,-1.0678262719954283,-0.42911666849204616,-0.6226547684223381,-0.8366520092404394,2.6293347959514555
0.7905329269171313,-0.6893356584278907,-0.6907818223638117,-0.9038821837736182,-0.4371382866555266,-0.7462201058552537,2.0997358069196603,0.5677601590361847,-0.6019230715013422,-0.32142286889131905,-0.5919538801045051
1.759641394493571,0.568818391597304,1.7723192398299152,0.5291867652120189,1.4060808408381231,-0.7462201058552537,-0.28286190841588754,1.154733193007536,1.5556167542704107,1.2578745484816714,-0.17961752308270457
1.0674210605103998,-0.30500224821515526,0.4551793268465759,-0.33933987053685205,-0.4669451869852595,0.5745234443310361,0.23429108406004526,-0.480282780170254,1.2796752439865209,1.0085771334458633,-0.46791878140796633
0.9289769937137655,1.1149525699250316,0.3974668111777927,0.2512582417723802,-0.10213679309046593,0.5745234443310361,-1.0678262719954283,-0.3836995581259963,-0.37728595043333507,0.14706882504376845,2.70958090252821
1.1366430939087169,0.49601428107550893,0.2804842638072853,0.6247246951443948,1.8632523537444483,0.5745234443310361,2.589184174798668,1.5295680785602503,-0.10475598521239422,-0.23766166844545247,-0.5344778735397283
-1.147684008235748,-0.994957080976101,-0.7292043293415554,-1.1644401744982795,-0.6801923034751476,0.5745234443310361,-0.7169010271010455,0.5556872562806525,-0.15369853553854282,0.1901132063029077,-0.41653627478846017
0.9981990271120826,-0.25679066159692887,-0.5783845344478722,1.3108607373860028,-0.5873003722735883,-0.7462201058552537,0.058828461612853725,-1.253523456655531,-0.7702696990306956,-1.1437660661549613,-0.43589520209068205
0.4444227599255457,0.7329909494578537,1.0916280609567122,1.7451240552604383,2.0297973290784657,0.5745234443310361,1.0377251973708697,0.5815577621853645,0.5923801270740088,-0.16355209205985427,-0.4361194622366022
0.3752007265272286,-0.17437298123909303,-0.20578279448314032,-0.24380194060447627,-0.29959156110384577,3.2160105447036154,-0.6799615276384788,-0.2675697316204009,-0.17075626085328652,-0.16349002373792343,-0.12384105664338119
0.3752007265272286,-0.5489629942524132,0.11269451421792981,-0.24380194060447627,0.5965064153353586,1.8952669945173257,1.554878189846802,1.3174299301416128,1.1790346646295344,0.31667051472018953,-0.5707832826038697
0.7905329269171313,0.10179837291688552,1.1813786358245462,0.3815372371347108,0.1841584228475684,-0.7462201058552537,1.0284903225052278,-0.1203952980291512,1.6105951150925457,0.8506753224534334,-0.49328711110073886
0.9289769937137655,-0.9724339857218095,-0.29377613168871525,-1.09495804363837,-0.39622221506525074,-0.7462201058552537,1.8319244358160525,1.5807341902384584,1.58500852712043,1.6917321187792682,-0.6063752365959416
0.5828668267221799,-1.153932883755712,-0.7876800343805576,-1.3642013007205198,-1.020946944446113,0.5745234443310361,-0.7353707768323288,-0.9591745894730315,0.11279561918641165,1.060714523867892,-0.4743200893966568
-1.4245721418290165,-1.057674679123848,-0.4161086912627125,-0.24380194060447627,-0.8410643791675059,0.5745234443310361,-1.0401216473985035,-1.22477845009474,1.5528612755657214,-0.4805660463223689,-0.10014643318670367
-0.2477975740576255,1.08510813871473,-0.7080240655169366,1.4324544663908447,-0.29959156110384577,0.5745234443310361,0.6129209535513531,-1.0408104081056777,-1.3863160094362408,-1.2464891389507444,-0.34802425055264385
0.9981990271120826,-0.38223805971228925,0.1357473148841596,0.00807078376269632,-0.4306958315311035,0.5745234443310361,-0.9847123982046536,-0.6814978260957908,0.8146554092522822,0.06225246312507519,0.34184393087526915
0.8597549603154484,-0.3665396863454608,-0.2665031204950861,-0.582527328546536,-0.037450922203691776,1.8952669945173257,2.0443265577258103,0.8092182141468287,-0.042167254634450556,0.15731009816238106,-0.5705474796563212
-1.3553501084306994,-0.9632862813682531,-0.4902729015870978,-0.8865116510586408,-0.8836656538069362,-0.7462201058552537,-0.9662426484733703,-0.9706725920973478,0.7348777400879429,0.21878877103502342,-0.177619519086578
1.275087160705351,0.8470782092415506,0.5403472478910138,-0.0961524125271682,0.5442754089864743,1.8952669945173257,0.7422092016703362,0.9431699447201145,-0.0795630370552344,0.7210456321005677,-0.39261849050030334
0.7213108935188142,0.2407412278404627,0.5881420799121487,1.0676732793763188,0.20904963320852232,-0.7462201058552537,1.0561949471021528,-0.49523018358186527,0.5457994156375936,-0.2110033241760938,-0.48252427306823437
-0.04013147386267415,-0.9075193278889866,-0.9373766719576382,-1.1296991090683246,-0.29959156110384577,-0.7462201058552537,-0.32903628274409585,2.2953350533397217,-1.1408159781755858,-0.8170384195102476,-0.49509548335583
0.9981990271120826,-0.7985917296538353,-0.2660256385828545,-0.24380194060447627,-0.9574483289431752,0.5745234443310361,-0.1720434100281877,-1.4305926970700034,0.9193636000304769,-0.254295978722957,-0.49617665910834197
-1.6322382420239678,-0.6119749002953287,-0.6312722028758408,-0.9559937819185504,-0.8087883168609901,-0.7462201058552537,-1.0955308965923534,-0.6211333123181297,-0.5418273930847841,-0.04081198544132834,0.7877374108592488
-0.04013147386267415,-1.0961250538856548,-0.7614540960733147,-0.24380194060447627,-0.599543300408471,-0.7462201058552537,-0.07045978650612951,-0.7976276526013862,0.020946329030100543,-1.0012261648404506,-0.5625070938364206
0.5136447933238628,-0.42381356457818103,-0.18669732783908685,-0.7388621229813327,-0.33106926103786843,1.8952669945173257,1.425589941727819,0.4395574297750571,0.2148795445315692,0.6432740247210412,-0.5573034889309654
-0.04013147386267415,-0.47192607241909523,0.18941484872184686,-0.8170295201987311,-0.44924746851666686,1.8952669945173257,0.5944512038200699,0.2872088950028648,1.1451816405433508,1.8280651879006806,-0.5221276254547305
-0.1785755406593084,-0.25679066159692887,-0.7493509392803227,1.302175471028514,-0.7316228898165581,-0.7462201058552537,0.5113373300292948,-1.3719528836859898,-1.090823721676222,-1.2638682690914207,-0.4905564140298292
-1.147684008235748,-0.25679066159692887,-0.6102319917267062,0.3381109053472673,0.0896553634561582,0.5745234443310361,-0.3659757822066625,-0.203180916924229,-0.8299717376322979,-0.9935917612429392,-0.332720144565257
0.652088860120497,-0.8969249757721149,-1.0662260453738557,-0.9733643146335279,-0.9362176512128024,0.5745234443310361,0.9546113235800945,-1.0741546157161954,-1.6227623249529166,-1.4011633972027633,-0.5830224999303483
-1.5630162086256507,1.6026524769507806,-0.2665031204950861,2.092534709559987,-0.5745039403289102,-0.7462201058552537,-1.0124170228015785,-1.33343457489453,-1.103420195754802,-1.0476532696448286,2.328200690501691
-0.7323518078458453,-0.3381187194407292,0.22436404934758664,-0.01798501530976981,-0.05580091096115108,-0.7462201058552537,0.12347258567234526,-0.09624949251808658,0.8998128225543479,0.20268204149393243,-0.4583959700646672
-1.0092399414391138,-0.0913308117405141,0.21184060424658405,-0.4696188658991827,0.3173223858904594,-0.7462201058552537,-0.15357366029690447,1.3157052297479657,0.4358426939933237,0.8560131981394982,-0.3625962131224679
-0.04013147386267415,-0.9890675065631698,-0.4157867655314371,-1.1557549081407907,-0.6405560808428375,1.8952669945173257,-1.0031821479359369,0.7224082943332399,1.1623705791297463,1.5666334159273645,-0.12578904183245204
0.23675665973059432,-0.8797801986783682,-0.3203688125833884,-0.5217304640441149,-0.8340581320583839,-0.7462201058552537,-0.24592240895332104,-1.0954259205711805,1.0404734497651558,-0.0373051252522275,-0.5020107208455873
0.652088860120497,0.7823414539423743,2.061420792981717,1.154525942951206,1.492314265242291,-0.7462201058552537,1.2224226946837027,0.591905964547249,1.5575849533451889,0.8483167262200558,-0.44777604290946477
-0.6631297744475282,0.48893283289806494,-0.8765635854759766,0.01675605012018503,-0.8941945720029353,-0.7462201058552537,-0.5599081543851373,-1.3754022844732847,-1.4821016977421084,-1.2287686330394476,-0.012300765880803472
0.7905329269171313,-0.3446554783793541,-0.7878853581168951,-0.9038821837736182,-0.781250987914917,-0.7462201058552537,-0.4306199062661541,-0.604461208512871,-1.120871560884501,-0.6035233920676534,-0.33020216483863923
-1.6322382420239678,-1.0713202183164172,-0.5708483976912455,-0.8517705856286859,-0.974979378978335,-0.7462201058552537,-1.058591397129787,-1.2926166655782065,0.8769817132869221,-0.07802194443895467,-0.05878747563827421
-1.701460275422285,-0.34204160452765503,-0.19263933944480896,-0.7388621229813327,-0.6712662829290769,-0.7462201058552537,-1.1140006463236367,-0.5015540850252393,0.07172586515937546,0.6292465839646384,1.476106677047152
-1.4937941752273336,-0.26464936569983855,0.5856686845223216,-0.24380194060447627,-0.15876702302798523,1.8952669945173257,-0.9570077736077286,-0.018637974803951216,1.4320138523743458,1.0297424312243302,0.3312701749265798
1.3443091941036682,-0.14535900588887282,0.30359699399046647,-0.23511667424698757,0.11200333698102546,0.5745234443310361,0.3266398327164618,0.44703113148086254,0.6775375403760745,0.5911676684599781,-0.45722300155634976
-1.147684008235748,0.5156701926976827,0.8557203378955651,1.4324544663908447,1.128400942564081,-0.7462201058552537,-0.28286190841588754,0.095767151307997,0.5585271029878254,-0.18524497057473427,-0.19123947535068245
-0.04013147386267415,-0.6632127822767256,-0.3177375159445503,-0.999420113705994,-0.29959156110384577,-0.7462201058552537,-0.8831287746825954,1.4565557618958411,0.3790273473680627,1.114807066430747,-0.11086364966991555
-1.701460275422285,-0.11866313227679932,0.20496069570057415,0.37285197077722215,1.5792616889847448,-0.7462201058552537,-1.1417052709205617,1.5887827920754796,0.4653656801149954,-0.1546763220237232,2.616086407968336
-0.04013147386267415,-0.9902444941074463,-0.3072846356542153,-0.8517705856286859,-0.47021271133453574,-0.7462201058552537,0.9176718241175279,0.3102049002514976,1.6304083191119785,0.6354223819967716,-0.5909496563628481
1.759641394493571,-0.5354419136224775,-0.35588564995990396,-0.191690342459544,0.369989610855242,-0.7462201058552537,-1.0493565222641452,0.8218660170335766,0.024489087364701026,-0.43088035461661406,0.515310253058921
1.6904193610952538,-0.34997449569535016,-0.7696415103413318,-0.7475473893388215,-0.03346939851612902,0.5745234443310361,1.0746646968334361,1.292134324368117,-1.0813763661172873,-0.7237807658089401,-0.5370579645322504
-0.2477975740576255,0.25243252356328977,-0.005558538911945131,0.6594657605743496,-0.34002203083868765,-0.7462201058552537,0.4466932059698033,-0.8689152688721479,-0.2708719871236659,-0.517186356261651,-0.42152991063572554
-1.6322382420239678,-0.38768641631886497,0.4902340555347735,-0.24380194060447627,-0.7211166056053463,0.5745234443310361,-1.0031821479359369,-1.0126403016761027,1.5651953231009972,0.8858680609883028,0.41602127208167045
1.3443091941036682,-0.3702929661362489,-0.2665031204950861,-0.8951969174161295,-0.6786964028442133,0.5745234443310361,1.6472269385032186,-0.2721689326701274,-0.03691872376837562,0.8818956883847197,-0.5603189084420382
1.6904193610952538,-1.0237433703676213,-0.42806775665190416,-0.9299379828460843,-0.875583263602933,-0.7462201058552537,1.9796824336663184,-0.8976602754329388,1.2926653578800564,0.5160029306015531,-0.6115513586403772
0.1675346263322772,-0.002727052747002611,-0.621582121111049,-0.08746714616967949,-1.0392928179336112,0.5745234443310361,-0.19974803462511276,-1.5858157324982745,-0.9972686589884365,-0.8642724124997284,-0.3320929856767892
-1.701460275422285,0.00896961177656536,-0.8627560853335128,-0.16563454338707786,-0.20352058385717817,-0.7462201058552537,-1.1140006463236367,-0.18248451220045955,-1.3788368529520838,-1.173310587394111,2.084262816091524
1.759641394493571,2.9320776008498037,4.288903226892808,2.7265591536566625,-0.29959156110384577,1.8952669945173257,-0.947772898742087,-1.2299525512756826,1.193861764326196,1.054662862479621,2.622357996853014
1.6904193610952538,-0.8367824496888928,-0.7718083532237972,-0.7128063239088666,-1.0592230703562115,0.5745234443310361,0.3081700829851784,-1.577767130661253,-0.6427303989850748,-0.7591286751486369,-0.5482066619334705
0.8597549603154484,-0.6533459026602662,-0.8265969598731496,-0.5738420621890472,0.18004109525128262,-0.7462201058552537,-1.104765771457995,1.2950088250241958,-1.0123581852284018,-0.9684230566999241,0.8236410204952833
-1.5630162086256507,-0.8649945214375181,-0.2665031204950861,-1.207866506285723,-0.9617446707827778,-0.7462201058552537,-0.9939472730702953,-0.88098817162768,1.1701121621572068,2.716418045537927,-0.038341876011336366
-0.5939077410492111,0.4705598206166045,-0.5217851444156802,0.5291867652120189,-0.6152903809154049,-0.7462201058552537,-0.218217784356396,-1.1316446288377773,-1.0518533799956158,-0.9545818209093141,-0.22946208879955268
1.275087160705351,-0.25679066159692887,2.0120625822575042,0.9981911485164092,-0.562530562376493,0.5745234443310361,-0.34750603247537926,-1.1799362398599063,4.088164110423217,0.9504811841184599,-0.33926161514514747
-0.04013147386267415,-0.07892522148273022,-0.11824466104327828,-0.7736031884112876,-0.9704649278307833,1.8952669945173257,-0.8092497757574622,-1.3150377706956236,-0.12745588120816814,0.9002989458372572,0.08203470422627021
-1.701460275422285,-0.9491292418869006,-0.41085990783024684,-0.6954357911938892,-0.6762622206621013,1.8952669945173257,-0.28286190841588754,-0.5699672006399219,0.9937615250570893,0.03779754428426638,-0.5115555184777021
-0.6631297744475282,0.2117013846321266,1.0540783101399613,-0.38276620232429565,-0.111457879552822,0.5745234443310361,-0.9108333992795203,0.26133838909815293,1.22705872205412,2.102065795065021,0.4981021344600947
-0.3170196074559426,1.7296158291662957,1.4321238650303676,0.7289478914342592,2.4270875487778403,-0.7462201058552537,-0.11663416083433781,1.9705164792027838,0.13798856734357146,0.7216973494808429,-0.033028339661802596
-0.8707958746424795,-0.3928348521931341,0.019952805046432733,0.06018238190762858,0.27246182804227265,-0.7462201058552537,-1.0678262719954283,0.3056056992017709,0.5955292455936537,-0.12963175412457026,0.822871500386734
1.0674210605103998,4.840992529971502,-0.07922051382796692,2.7265591536566625,5.652876887741511,-0.7462201058552537,-0.5876127789820623,2.0964196079390485,-1.3584987958460437,-1.0263948693834657,1.4152310405742476
0.8597549603154484,-0.25679066159692887,-0.27879192850906853,-1.1991812399282344,-0.9879363064515041,-0.7462201058552537,0.2527608337913285,-1.050008810205131,-0.20828325654572222,2.5673299362596973,-0.46339510248413646
-0.2477975740576255,-0.25679066159692887,-0.24153544148070352,2.083849443202498,-0.40467086429581006,0.5745234443310361,-0.4213850314005125,-1.2213290493074451,-0.13847779602692573,-1.0326017015765643,-0.3113098965165305
-0.2477975740576255,-0.2588173838766751,-0.37501645458634664,0.1557203118400044,-0.07754188216672588,1.8952669945173257,-0.6984312773697622,-0.2807924346383647,-0.38673330599227007,-0.6654365431938126,-0.13860375026868146
-1.701460275422285,0.14646191435447004,1.044458319853691,0.10360871369507213,-0.8450438452200879,0.5745234443310361,-1.104765771457995,-1.3213616721389976,1.32651838196624,1.0679765175338176,2.1103929706917604
1.275087160705351,1.1180930743221482,0.6231767452403234,1.66695665804304,0.1304171124228851,-0.7462201058552537,-0.624552278444629,-0.7683077459093796,-0.17233082011310882,-0.42662867456434145,0.2696986724126588
1.275087160705351,-0.09715278807138752,-0.2450186492311603,0.1817761109124705,0.3502568913907842,1.8952669945173257,-0.7446056516979705,0.2768606926409799,-0.31928968436320704,-0.52814141508247,-0.021963739815302714
-0.04013147386267415,-0.37986212134797753,-0.888618928936966,-0.6346389266914682,-0.7917346381413417,0.5745234443310361,-0.28286190841588754,-0.9241056814688665,-1.310737164964762,-1.0654358438780562,-0.387070250517662
-0.524685707650894,-0.045840230952410486,0.013173083018978399,-0.5217304640441149,-0.3108694584328024,0.5745234443310361,-0.015050537312279602,0.06472254422234265,0.04955082225020869,0.593246957244666,-0.3871219182963789
-0.1785755406593084,-1.20123177424796,-0.7964228389328429,-1.2339223053581891,-0.756312451949408,-0.7462201058552537,-0.6430220281759123,0.4775008384353011,0.29478842696755997,0.13589652709619068,-0.5179051586876756
1.205865127307034,0.4732866833202631,1.0360707931116797,-0.0961524125271682,-0.2382123096309802,-0.7462201058552537,1.5271735652498772,-0.30608804041186083,0.8237091249962613,1.395821393973289,-0.493015580433865
1.4135312275019853,0.9804614269613741,0.17534248617077022,2.0404231114150546,-0.4725069743379633,0.5745234443310361,-1.0401216473985035,-1.2609971583613364,-0.5191274970890101,-0.7910007584601986,2.085859020659544
-0.3862416408542597,-0.5063200741846418,0.2004796614928782,-0.04404081438223594,-0.29959156110384577,0.5745234443310361,0.40051883164159496,-0.4463636724285206,1.2645857177465558,0.1996717278802797,-0.5117209653010403
-0.524685707650894,-0.590986305907388,-0.40542612458458366,-0.41750726775425046,-0.8742313974206444,0.5745234443310361,-0.4398547811317958,-1.2270780506196035,0.0007394851957119496,-0.3124850305332569,-0.39103602736279347
-1.078461974837431,-0.7831332440655727,-0.2989459644966755,-1.1036433099958585,-0.828994292370998,0.5745234443310361,-0.8369544003543872,-0.413594364949219,0.7636134465797032,1.7251559101391043,-0.23598871863449258
1.6904193610952538,-0.6068413506412962,-0.4428590128432793,-0.13957874431461176,-0.17535979151196746,-0.7462201058552537,0.779148701132903,-0.16236300760790584,-0.06617928334674335,-0.5909545568766287,-0.5474987034336048
0.1675346263322772,0.4538277090707268,0.8238126905366626,0.285999307202335,0.018957083155917254,-0.7462201058552537,-1.086296021726712,-0.25319722834000535,0.5902807147275787,0.5804608829268828,2.1984387132258836
1.5519752942986196,0.4024382804865939,0.620147959566228,0.5639278306419737,0.2639905448269261,0.5745234443310361,2.312137928829418,-0.16121320734547434,0.3972659921276731,0.12025530996958211,-0.5311964199339854
1.1366430939087169,-0.13639847745206138,0.41489822315399005,0.20783190998493664,-0.1872220571754295,0.5745234443310361,1.8319244358160525,-0.4664851770210743,0.8534945376612365,0.20637510664882608,-0.5496566576808657
0.9981990271120826,-0.5669584822272187,-0.6814088459126274,-0.02667028166725852,-0.07612417166505639,0.5745234443310361,0.4374583311041618,-0.11867059763550361,-0.7193589496297687,-0.9669644511345459,-0.5222507486720983
-1.147684008235748,-0.5811606684420757,-0.5905497052627529,-0.24380194060447627,-0.9670286774130936,-0.7462201058552537,-0.33827115760973764,-1.4478397010064779,-0.47805774306197374,-0.7435805605049248,-0.4177510172455275
0.9289769937137655,-0.43354085537537324,-0.027290935981867433,-0.5043599313291376,0.21214843148938498,-0.7462201058552537,1.3240063182057606,1.1794538986498164,0.5772906008340433,0.48503083795799073,-0.5545431103701545
0.652088860120497,-0.5891396824888643,-0.02885757172390972,-1.0689022445659038,-0.3054002646542279,0.5745234443310361,-1.0493565222641452,1.828516146792476,0.9436380552860734,2.5407957286342007,0.45483696567134413
0.7905329269171313,1.4542041603151756,0.8617635782723112,2.7265591536566625,3.9353463354060425,-0.7462201058552537,0.23429108406004526,1.1369112889398456,-0.15382974881019468,-0.5780753800759489,-0.21871354185477843
0.7905329269171313,-0.21032905998388743,-0.17190151179316113,0.39022250349219956,-0.29959156110384577,-0.7462201058552537,1.739575687159635,-0.7119675330502292,-0.06749141606326223,-0.5550790668005183,-0.5518135126136856
1.4827532609003025,0.9911258175242768,1.4975033201406016,0.24257297541489148,0.6251569248059646,1.8952669945173257,-0.9293031490108037,0.5717844599546953,0.7458996549067005,1.3792801861786812,1.099468357860959
-0.9400179080407967,0.2735372792763548,0.7095201967879172,0.616039428786906,-0.29959156110384577,0.5745234443310361,-0.8277195254887454,-0.8091256552257027,0.6669092653722728,0.16497553592085798,0.29558532886426137
-0.5939077410492111,-0.25679066159692887,-0.7618851977506883,-0.6867505248364004,-0.2190145752614919,-0.7462201058552537,-1.0308867725328619,0.6137521695334502,-1.1143108973019074,-0.7581666161587067,0.6949530734281226
0.9981990271120826,-0.20504518390910545,0.7472932501960908,0.05149711555013987,-0.5022644914281605,0.5745234443310361,1.1947180700867777,-0.8114252557505659,1.584352460762171,0.779948469613074,-0.5300674240032993
1.6904193610952538,0.08789903587110333,-0.18223570558362084,-0.24380194060447627,-1.0513773081749835,-0.7462201058552537,-0.28286190841588754,-1.5967388349913751,-0.38607723963401047,-0.1279869435933991,-0.2847823397459503
-0.10935350726099127,0.06432316759877145,1.1138539645705725,-0.6780652584789117,-0.31342504107877284,0.5745234443310361,0.9176718241175279,0.34814830891174164,1.5860582332936455,3.372014695933974,-0.4890069303255429
0.8597549603154484,-0.7180616708292729,-0.9168691821015772,-1.0341611791359488,-0.47064481468047276,-0.7462201058552537,1.804219811219127,0.9299472417021508,-1.2174445288202798,-0.8584379902382158,-0.5885927262018054
-0.3862416408542597,0.20345466265747722,0.6063869699401809,0.5639278306419737,0.13523197827761216,0.5745234443310361,-0.6707266527728373,-0.30493824014942916,0.6195412743059465,0.10722096236407497,0.007095538112405085
-0.2477975740576255,0.8453604370408122,0.9200889383927007,2.118590508632453,0.42366096169058315,-0.7462201058552537,0.7329743268046948,-0.687246827407949,0.3085658204910066,-0.39354625897512546,-0.3916071212147812
0.9981990271120826,-1.151667737915784,-1.0056198460072345,-1.1383843754258134,-0.7291331514899686,-0.7462201058552537,0.9915508230426613,0.18545157177766483,-1.186215770167134,-1.099945830871685,-0.6078878932664616
-1.0092399414391138,-0.5427239597185191,0.1561138400938265,-0.6867505248364004,-0.614555805227312,-0.7462201058552537,-0.19051315975947097,-0.4193433662613772,1.265372997376467,1.285525985901926,-0.44251142605254595
-0.6631297744475282,-0.10137461774503091,-0.5298593440092827,-0.4696188658991827,-0.41918747908431386,-0.7462201058552537,-0.19051315975947097,-0.24342392610933639,-0.7928383817548178,-0.48245913014126396,-0.35453988724317587
-1.4245721418290165,-0.24128483294758626,0.05612860654629535,-0.7128063239088666,-0.31825225274338376,-0.7462201058552537,-0.8738938998169536,0.4131120237391291,0.39437930015133194,1.1372447648087989,0.11907115739353363
-0.5939077410492111,-0.9327868564675437,-0.3303732637490574,-1.0862727772808811,-0.8377947971832489,0.5745234443310361,-0.19974803462511276,-0.49523018358186527,1.2348003050815806,1.4962789730185913,-0.5191308942891509
0.0983125929339601,-0.11346808545064195,-0.39646770405283216,-0.25248720696196497,0.6897069917840156,-0.7462201058552537,-0.024285412177921226,1.501972872261891,-0.5592787582144833,-0.4441940096708107,-0.3967678528570459
0.0983125929339601,-0.268846059624558,0.6348407228993093,0.23388770905740278,0.5038758037763421,0.5745234443310361,0.40051883164159496,0.42346022610101397,1.5354099104360222,0.428114186747276,-0.4815019106383045
-1.0092399414391138,0.1624692378003062,1.3411739181341558,0.7202626250767705,1.0930199090717603,0.5745234443310361,-0.19051315975947097,0.598229865990623,1.7197645571069038,0.6494498227531746,-0.30194978371046755
0.1675346263322772,-0.15668937178006279,-0.7733035946717323,-0.12220821159963433,-0.6133273971438624,-0.7462201058552537,-1.0031821479359369,-0.8913363739895649,-1.1793926800412364,-1.0593221141678542,0.6241363364672008
1.275087160705351,-0.5144523430889476,-0.28384932833196586,-0.5564715294740699,-0.593810729352373,1.8952669945173257,-0.8738938998169536,-0.5262747906675196,0.15727691827639675,0.08236259943071486,-0.03869035868906518
1.5519752942986196,-0.7400632603024906,-0.2665031204950861,-1.121013842710836,-0.29959156110384577,0.5745234443310361,1.397885317130894,2.2257721374626076,0.7291043561352606,1.9743912568529816,-0.5813553895808979
-1.4937941752273336,0.9128477265741868,1.7780388608151245,1.8059209197628592,1.2302579893763437,-0.7462201058552537,-1.104765771457995,-0.02553677637854093,1.1026685405281438,0.227447301944396,3.343375252960567
-0.3170196074559426,1.0670692122612013,1.3221027824615474,-0.14826401067210046,0.8411016007554882,-0.7462201058552537,0.021888962150287062,1.526693577904171,0.510371832291588,1.9022678667691748,-0.21044339931675368
-0.4554636742525769,-0.25679066159692887,1.1621464721455206,-0.16563454338707786,1.6006775538633766,-0.7462201058552537,0.1511772102692703,2.8357411766825917,2.4941852863962604,1.7150077395033885,-0.44995048687333733
0.9981990271120826,1.524959097208671,-0.11618334622327053,2.7265591536566625,0.44799866824174145,0.5745234443310361,2.21055430530736,-0.8120001558817818,-0.967614459595113,-1.0439912386509005,-0.46000591606319663
0.8597549603154484,-0.25679066159692887,0.13649916975878137,-0.9646790482760392,-0.7396229746213352,0.5745234443310361,0.7606789514016198,-0.34978045038426303,0.5705987239797976,2.417341836313468,-0.5100780398692872
-1.701460275422285,0.01533896174662851,-0.23764510385965365,-0.16563454338707786,0.06393081092803996,-0.7462201058552537,-1.13247039605492,0.26478778988544777,-0.40956441525969584,-0.28166810869452197,2.593848925802919
0.23675665973059432,-0.5048663493658039,0.12761266464737137,-0.5304157304016037,-0.06645122962100872,-0.7462201058552537,1.0838995716990778,0.6252501721577667,1.0919090522526902,0.8282065899144161,-0.5513946738117466
0.5136447933238628,1.024424583938649,1.3346184106690346,0.6768362932893269,-0.29959156110384577,-0.7462201058552537,1.748810562025277,-0.8321216604743354,0.5594455958893885,0.6844873904832165,-0.46600487496655985
0.652088860120497,-0.8402868123544143,-0.29798318377869687,-0.9733643146335279,-0.36063541807486493,-0.7462201058552537,1.8226895609504106,1.0989678802796017,0.9645009654787216,1.0718557876545045,-0.5972608205673942
0.23675665973059432,-0.11211148711793778,0.6055523862758546,0.4336488352796431,-0.29959156110384577,-0.7462201058552537,0.07729821134413697,-0.7326639377739986,1.1320603133781637,0.20935438610151366,-0.4159162614438575
1.6211973276969367,-0.04030865793434841,0.7471915002988322,-0.20906087517452143,0.12050959999104313,-0.7462201058552537,-0.18127828489382933,0.42231042583858247,1.2244344566210823,1.2044647574600573,-0.3450379628742517
1.3443091941036682,0.35746627704279604,-0.9976883047202877,-0.15694927702958916,0.31488820370834747,-0.7462201058552537,-0.2551572838189627,0.6706672825238161,-1.6184322869884047,-1.3666534102091346,-0.237747072082528
-1.4245721418290165,-0.4847257814585516,-0.42277155073211176,-0.05272608073972465,-0.3912612571268974,0.5745234443310361,-1.058591397129787,-0.5814652032642382,-0.21051388216380412,-0.6155956806832303,0.6365915690812934
0.02909055953564297,0.5758534728592573,-0.17221379668910086,1.5627334617531754,0.6992297264744757,0.5745234443310361,-0.4860291554600041,-0.30436334001821325,-0.6852434990002817,-0.9086822968413495,-0.05079051273878444
-0.10935350726099127,-0.6456377690145031,-0.015139835575314524,-0.3306546041793634,0.2899249761230708,-0.7462201058552537,0.16041208513491192,0.9402954440640354,1.1454440670866544,0.23455412480549423,-0.5092552030103598
-0.1785755406593084,0.4469654055780764,-0.750599948582523,1.2934902046710253,-0.6266217767538586,-0.7462201058552537,-1.058591397129787,-1.2834182634787537,-1.322808785956734,-1.264023439896248,1.741066191851228
-1.4245721418290165,-0.45967544527360976,-0.2221221864352381,-0.6606947257639343,-0.5356722529740352,-0.7462201058552537,-0.28286190841588754,-0.25319722834000535,0.19992123156325553,0.3900973395645468,-0.40452351623678323
1.205865127307034,-0.5155475784401216,0.16849280294635305,-0.999420113705994,-0.8302823718688865,1.8952669945173257,0.28970033325389516,-0.6320564148112303,1.2162992337786664,2.7461177375819044,-0.5031617030650891
0.9289769937137655,-0.6423518189245835,-0.30962345019401927,-0.6433241930489569,-0.9681398003026459,1.8952669945173257,1.8319244358160525,-1.3575803804055941,0.3525222664943843,0.17003410415823345,-0.583981651779933
1.6211973276969367,-0.7940226361868049,-0.965556833643728,-0.6085831276190021,0.17724888458253715,-0.7462201058552537,2.893935045364843,1.3904422468060222,-1.3197908807087408,-1.235006499393512,-0.6077675183351957
-0.5939077410492111,0.04345293086353103,0.16746839905116162,0.885282685869056,0.3768518235157184,-0.7462201058552537,-0.22745265922203764,-0.2462984267654155,0.1852253451382459,-0.46399380436679544,-0.313890537166273
-0.04013147386267415,-0.7587020282206328,-0.0663743613063372,-0.8691411183436634,-0.7513412058361514,-0.7462201058552537,0.16964696000055354,-0.5573193977531737,1.3946180699535622,1.3526528760702883,-0.5269140405299079
1.0674210605103998,-0.3305118608998541,-0.20701395521181387,-0.13089347795712303,-0.628306979803013,-0.7462201058552537,-0.13510391056562104,-0.9114578785821185,0.026194859896175482,-0.26779583874294655,-0.41264195338197973
-1.4937941752273336,0.14661004444764336,-0.49331145837808754,0.9026532185840335,0.6571901861847635,-0.7462201058552537,-0.8277195254887454,0.014131332675350704,-0.8789142879584467,-1.0140122391582338,0.23061144815611126
-0.8707958746424795,0.9496296244875139,1.528543031756179,-0.24380194060447627,-0.039677283252757774,-0.7462201058552537,-0.5783779041164206,0.19235037335225452,0.8174108879569715,2.451262174248752,0.15171914731318364
-1.078461974837431,-0.1996644253845874,-0.8864886951724642,0.2599435081298689,-0.45788542016544626,0.5745234443310361,-0.7169010271010455,-0.8499435645420258,-1.3649282461569854,-1.2765922750872731,-0.09666435469551751
1.3443091941036682,0.2750283416639827,0.04812215336315965,-0.24380194060447627,-0.29959156110384577,-0.7462201058552537,2.903169920230484,-0.2675697316204009,-0.21733697228970136,0.21931635177143696,-0.5541072321943832
-0.3862416408542597,-0.4554011477745426,-0.2436570766623382,0.12966451276753826,-0.5033221158082158,-0.7462201058552537,0.6590953278795615,-0.8516682649356733,0.1448116574694687,-0.49710725411697687,-0.5245670041988321
0.4444227599255457,-0.22297234169266136,0.662633166667036,-0.6346389266914682,-0.5678824709611703,3.2160105447036154,0.3912839567759535,-0.3704768551080325,1.4741333125745972,2.2046647312169423,-0.4746927569920828
-0.2477975740576255,0.003914641842470044,-0.5478372871237643,-0.24380194060447627,0.17598343906943592,-0.7462201058552537,0.040358711881570475,0.5735091603483429,-0.8850813117260847,-0.6791846765015263,-0.3902884935430597
-1.4937941752273336,2.546849309168094,1.8965987270154785,1.4324544663908447,0.19324905419209143,0.5745234443310361,-1.1140006463236367,-0.6487285186164891,0.0403658932345777,0.5211546013218251,6.481349086178322
0.3752007265272286,-0.25679066159692887,-1.0441568704749786,-1.060216978208415,-0.8388215570385946,-0.7462201058552537,0.45592808083544506,-0.5550197972283104,-1.6437564484172162,-1.301512706342564,-0.4854358073646532
0.8597549603154484,-0.25679066159692887,0.8884646534237309,0.09492344733758341,-0.9950001673400842,-0.7462201058552537,0.3081700829851784,-1.5323500202952034,1.980878967694132,0.8924473031129873,-0.4699821946133195
0.30597869312891146,1.0516927229024386,-0.6890045213415297,1.7885503870478818,1.4248505871316355,0.5745234443310361,1.0654298219677942,0.12163765721270889,-1.3637473267121185,-1.2628131076185938,-0.40982825807079076
-1.701460275422285,-0.8756701376746976,-0.4393424530138236,-0.7736031884112876,-0.9179026422500141,-0.7462201058552537,-1.104765771457995,-1.1638390361858633,0.6010402030030324,0.1117519498650369,0.4659598291832057
-0.9400179080407967,0.6128864842254268,-1.014314316101283,-0.2959135387494085,-0.29959156110384577,-0.7462201058552537,-0.8461892752200286,-0.2118044188924663,-1.6526789508895436,-1.377298127420299,0.5224426051507333
0.02909055953564297,-0.8557050319371188,-0.38363301630835844,-0.9212527164885956,-0.6578649063000869,-0.7462201058552537,-0.9939472730702953,-0.14684070406507885,0.7275297968754383,0.6229466492886434,-0.030294344647570585
0.4444227599255457,1.5242548081660041,2.786049036644653,1.632215592613085,-0.5844917005249977,-0.7462201058552537,-0.781545151160537,-1.2926166655782065,1.339902135674731,0.9625534727340368,0.7743417147410646
1.205865127307034,0.07376395966550951,-0.5999607239290453,-0.13089347795712303,0.725960462508133,0.5745234443310361,-0.8184846506231037,1.3013327264675698,-1.0000241376931258,-0.815176369852318,0.17465359483405843
-1.770682308820602,0.26229696281577614,0.4437399545945989,-0.3653956696093182,0.012325325613274181,0.5745234443310361,-1.1417052709205617,0.474626337779222,0.3248362661758389,1.0422181639324581,3.4741447519213544
0.8597549603154484,0.3963668989576588,1.2299650585956727,-0.16563454338707786,0.868480491808051,-0.7462201058552537,-0.5783779041164206,1.6112038971928968,1.1672254701808653,1.8117412192328313,-0.02379464801642992
-0.6631297744475282,-0.5103891370735625,-0.2665031204950861,-0.6606947257639343,-0.6376280662653689,-0.7462201058552537,-0.5414384046538541,-0.5119022873871241,0.19021144946101712,0.29401557721537924,-0.3293298588298764
1.1366430939087169,0.447328531737289,-0.22828320134094943,0.23388770905740278,-0.8116340260392325,0.5745234443310361,1.1300739460272862,-1.3023899678088757,-0.6856371388152374,-0.5371723559234287,-0.46947980791388083
0.7213108935188142,-1.164570674351307,-0.5826487801420747,-1.1296991090683246,-0.8419615080190703,0.5745234443310361,1.046960072236511,-0.4107198642931399,1.4133815677997799,0.6918735207930038,-0.6100079211655153
1.3443091941036682,0.24682115064330382,0.24842965885029353,0.616039428786906,0.18171395249055314,-0.7462201058552537,2.838525796170993,-0.2859665358193071,0.0778928889270134,-0.2623958947349506,-0.5540775507044821
-1.6322382420239678,0.09719877490018985,1.0991120850899028,-0.6606947257639343,-0.29959156110384577,-0.7462201058552537,-0.9662426484733703,0.34642360851809406,1.498407767830194,3.2512918097782046,0.6460330311559745
0.7213108935188142,-0.25679066159692887,-0.6650392286389369,-0.3567104032518295,-0.16002835327112527,-0.7462201058552537,0.7329743268046948,0.12738665852486708,-0.9327117293357148,-0.796928283204608,-0.5081531402834729
0.02909055953564297,-0.7114880623946525,-0.6853995003337914,-0.4696188658991827,-0.4088067106069217,0.5745234443310361,-0.4306199062661541,-0.22157772112313542,-0.5567857060530979,-0.7631320819131856,-0.4251719393780458
-0.6631297744475282,-0.40163846522646846,-0.2665031204950861,-0.7562326556963102,-0.8990279565724881,-0.7462201058552537,-0.03352028704356285,-1.1207215263446768,0.009268347853083649,0.49480659866212123,-0.44477271585724043
1.3443091941036682,0.43582245964002836,-0.6424807162059967,0.4423341016371318,-0.9241846018459462,-0.7462201058552537,-0.28286190841588754,-1.472560406648758,-1.1877903294269563,-1.0523083937896525,-0.20870043627088924
1.4135312275019853,-0.49217426037756573,-0.1068455457929055,-0.24380194060447627,-0.5253840780707725,1.8952669945173257,0.5390419546262198,-0.6665504226841794,0.5224434532835601,-0.014308811976797056,-0.5206094722120065
0.7905329269171313,2.9887472449627586,3.897415481350224,2.5441685601493997,1.078951858709039,-0.7462201058552537,2.0997358069196603,-0.40612066324341334,0.9459998941758074,0.9725464725649258,-0.36247034161899805
-1.078461974837431,0.49154402234939354,-1.002058729884741,-0.14826401067210046,-0.5259458124204907,-0.7462201058552537,-0.4398547811317958,-0.7332388379052144,-1.632340893783503,-1.3736981647483013,-0.1075189854838276
-1.147684008235748,-0.9605596627009921,-0.8763702476430292,-0.7214915902663553,-0.4011337897640683,-0.7462201058552537,-0.28286190841588754,0.20844757702629763,-0.840337586092796,-0.9936227954039047,-0.5140548098588266
0.5136447933238628,-1.20123177424796,-1.0403061384477401,-1.121013842710836,-0.7117996344129515,-0.7462201058552537,1.0007856979083027,0.20499817623900277,-1.3427532032478189,-1.259430384073355,-0.6126616662255701
0.0983125929339601,-1.1838515020307991,-1.0821743320870667,-1.2252370390007006,-0.8090187719788231,-0.7462201058552537,-1.104765771457995,0.1026659528825867,-1.6295854150788138,-1.4133598224622022,-0.029850771270713897
1.759641394493571,-1.0678412354362172,-0.8213518243243244,-1.3381455016480537,-1.052214765612109,0.5745234443310361,3.041693043215109,-1.2989405670215808,-0.3741368319136902,0.5687610042428918,-0.6224345716041477
1.6211973276969367,-0.26880286518223234,-0.5545113508072024,-0.5304157304016037,-0.783300392355647,-0.7462201058552537,1.379415567399611,-0.9769964935407218,-0.71594740456682,-0.4717213104472032,-0.5433867177678491
-1.147684008235748,-0.27079786273032685,0.6568011126967639,0.27731404084484634,0.6853242292752258,0.5745234443310361,-0.8000149008918204,0.607428268090076,1.5819906218724369,0.407600606349085,-0.025421083731571176
0.1675346263322772,2.4719093920969506,1.2237865859611101,-0.24380194060447627,4.034114872112345,-0.7462201058552537,-0.3567409073410209,7.395849017486472,-0.335822556591343,1.9918014211546236,0.31092296394209223
0.4444227599255457,-1.20123177424796,-0.9298998133101699,-1.1731254408557683,-0.8381404798599985,0.5745234443310361,0.031123837015928687,-0.2658450312267534,-0.6013982184147346,-0.7138808684609477,-0.5865496503136066
-1.0092399414391138,-0.7440488627435279,-0.229017337923603,-0.8344000529137086,-0.0015698834110726132,-0.7462201058552537,-0.513733780056929,1.7210098222551182,0.8529696845746291,0.7948138327155454,-0.4090098184696264
1.759641394493571,-0.14246571036224173,-0.5465287391492883,-0.2003756088170327,-0.03695503217335436,1.8952669945173257,-0.947772898742087,0.13945956128039924,-0.7938880879280328,-0.702832707157232,0.38849663711329846
1.0674210605103998,-0.30589054070140165,-0.2665031204950861,-0.48698939861416013,0.4084550391835607,-0.7462201058552537,2.441426176948401,1.5571632848586099,-0.12430676268852323,0.015980529125524414,-0.5753465368475676
0.9981990271120826,-0.30476846134652225,0.33598042960133895,-0.2785430060344311,0.2891986309749003,0.5745234443310361,1.3517109428026857,0.8373883205764039,1.0470341133477499,0.7095940267043006,-0.5451725540769041
-0.04013147386267415,-0.3374061331605534,-0.29333174129236544,0.31205510627480115,-0.6728630076740633,-0.7462201058552537,-0.8646590249513121,-1.142567731330878,-0.13624717040884385,-0.6465367391658271,0.0458013002580003
-1.3553501084306994,-0.22522919029508076,-0.6589140411618377,-0.28722827239191984,-0.2452946892343863,0.5745234443310361,-0.9015985244138787,-0.12211999842279847,-0.9407157389064791,-0.8248590280735519,0.19293354501264995
1.3443091941036682,1.3388793919606665,2.753660780616112,0.1557203118400044,-0.8331671761117613,1.8952669945173257,-0.1628085351625461,-1.3156126708268394,1.5095608959206033,2.9878738515030974,-0.08244472240396503
1.205865127307034,-0.8164622709932129,-0.9596838712640587,-0.8170295201987311,-0.8491097319418573,-0.7462201058552537,1.0284903225052278,-0.9269801821249456,-1.2877748424256839,-1.1472108580221312,-0.5777056656374921
-0.8015738412441624,-0.39058630082822365,0.16867649994396472,-0.6954357911938892,-0.6356177568892715,-0.7462201058552537,-1.1232355211892786,-0.46303577623377945,0.9016498083574739,1.3401461092011944,1.561893328405462
-1.701460275422285,2.455125788871238,1.088010923764025,0.8158005550091464,1.2018955488030287,-0.7462201058552537,-1.0678262719954283,0.6177764704519609,-0.4128447470509926,0.34913224709009544,4.386552652169557
-0.3862416408542597,0.8748617530764813,1.8082107669689351,0.616039428786906,0.7401602015096163,-0.7462201058552537,0.4743978305667283,0.32112800274459824,1.1774601053697116,1.1833304938425564,-0.34940169154694733
-1.147684008235748,1.1488484934036471,-0.3842738712950617,1.12847014387874,0.265725131115616,-0.7462201058552537,-0.4675594057287208,-0.47108437807080084,-1.1018456364949796,-0.972891975878955,0.0903422234552817
0.8597549603154484,-0.058293896380466524,-0.2665031204950861,0.6594657605743496,1.0382456658867898,-0.7462201058552537,1.859629060412977,0.6005294665154863,-0.39119455722843355,-0.7544425168428475,-0.5452747903198971
1.275087160705351,-1.0311283998233318,-0.5283771307172067,-1.1383843754258134,-0.8989312477283975,-0.7462201058552537,1.0377251973708697,-0.67747352517728,0.8747510876688402,0.9670223919130679,-0.5976406337066853
-1.5630162086256507,-0.5324405099718336,0.07609373427394715,0.03412658283516245,-0.30473359092049646,-0.7462201058552537,-1.1417052709205617,-0.5119022873871241,1.0453283408162755,-0.03739822773512404,1.6841118099886037
1.4135312275019853,5.753805549384216,2.5246203287897924,2.7265591536566625,4.1520399904885235,-0.7462201058552537,-0.07969466137177114,1.257640316495168,-0.5332985304274125,0.21413364689019954,0.6724462592247131
-0.1785755406593084,0.0897566409275063,0.39580884806317884,-0.24380194060447627,0.05199858567523587,0.5745234443310361,0.42822345623852004,0.3544722103551156,0.46982693135115894,0.7435143646395849,-0.4393838764685129
1.0674210605103998,-0.5328500030465373,0.23871456302625255,-0.38276620232429565,-0.4846305596439681,-0.7462201058552537,0.28046545838825354,-0.4728090784644484,1.4328011320042573,0.7342661846718679,-0.5046628169339809
1.0674210605103998,0.262021201686804,0.45976106869906175,0.5031309661395528,0.3387361931341104,-0.7462201058552537,0.18811670973183697,-0.03243557795313064,0.34661766927005006,0.010549550956563333,-0.37918211974780996
-0.7323518078458453,0.45402635469814556,-0.5214284335082614,0.9721353494439431,-0.14750147150891252,-0.7462201058552537,0.08653308620977876,-0.7855547498458542,-1.0456863562279777,-1.0498877292343443,-0.32835916417866334
-1.2861280750323822,2.8888245897887312,0.13044394347864488,1.5540481953956866,0.1864218213262862,0.5745234443310361,-0.9385380238764451,-0.693570728851323,-1.071141730928441,-0.7095050517648132,2.489754841404998
-1.6322382420239678,-0.26281177162801583,-0.014061364833308216,-0.2698577396769424,0.9284584938590921,-0.7462201058552537,-1.0216518976672202,1.9733909798588625,0.2975439056722493,0.15727906400141564,0.630722329281943
-0.5939077410492111,-0.4056111337384477,-0.2665031204950861,-0.3306546041793634,-0.5223861039039618,-0.7462201058552537,-1.0493565222641452,-0.5929632058885547,0.01517294507741788,-0.170007197540677,0.6615229212838541
-0.10935350726099127,-1.0814023380353133,-1.0404003320146005,-1.1123285763533473,-0.13776474278046472,3.2160105447036154,-0.28286190841588754,2.938073400039008,-1.4437874224197613,-1.2641786107010755,-0.5404801303864138
1.759641394493571,0.3192733606801629,0.7633828924003717,-0.07009661345470207,-0.03436035446275156,-0.7462201058552537,0.6867999524764865,-0.009439572704497844,0.6785872465492894,0.9818567208545737,-0.4424421692427765
0.23675665973059432,-0.9556735659538425,-0.7438561842652395,-1.0775875109233923,-0.833169233746742,0.5745234443310361,-1.0401216473985035,-0.49350548318821785,-0.315090859670347,-0.14089715455504428,0.00925514133132695
0.652088860120497,-1.108896698739419,-0.681186325010556,-1.2599781044306553,-1.0353174671509904,-0.7462201058552537,-0.9847123982046536,-1.266171259542279,0.5006620501893493,0.9260883335995822,-0.2643394884051145
-0.9400179080407967,-0.30526214697830156,-0.997547861200128,-0.07878187981219077,-0.7166494800623495,-0.7462201058552537,-0.6337871533102706,-1.0770291163722745,-1.548889253012912,-1.3739154038750598,-0.20941883825794216
-0.524685707650894,0.17721074445324106,0.8051010016842033,0.11229398005256083,0.022850128539311895,-0.7462201058552537,0.2527608337913285,-0.10487299448632387,0.9351091926287017,0.768496864216807,-0.40267941626236664
1.3443091941036682,0.1361791967169765,-0.8478677693809882,0.8244858213666351,-0.4144672644386969,-0.7462201058552537,0.8807323246549611,-0.9976928982644914,-1.385135089991374,-1.2985954952118077,-0.47918455579712993
0.1675346263322772,-0.4525156614126258,-0.7616505606636681,-0.6867505248364004,-0.49118824232730784,-0.7462201058552537,-0.8369544003543872,-0.0973992927805184,-1.0021235500395558,-0.7576390354222933,-0.06280986717710603
1.4135312275019853,1.0731774432861316,1.4413295599603224,-0.08746714616967949,-0.49191252984049755,-0.7462201058552537,1.5271735652498772,-0.7165667340999557,0.6161297292429979,1.9277779470828105,-0.44782551205930016
0.3752007265272286,0.2224568007712297,0.8708716923148822,-0.3653956696093182,-0.6449038635569564,-0.7462201058552537,-0.8554241500856704,-0.8005021532574654,0.9575466620811722,1.7487729066338449,0.33647432948925543
0.7213108935188142,-0.25679066159692887,0.1616553661884435,1.119784877521251,0.7738951270174146,-0.7462201058552537,0.7606789514016198,-0.016338374279087874,0.6177042885028202,-0.5583376537018951,-0.5100780398692872
0.9981990271120826,4.074814392725905,2.791070999883614,2.7265591536566625,3.2988519339358473,-0.7462201058552537,1.3332411930714025,0.7810481077172534,-0.054894941984682324,0.3410633652390672,-0.18960754306333724
-1.4937941752273336,0.7341667168201433,-0.6772415296980157,-0.25248720696196497,0.26159751534442716,-0.7462201058552537,-1.0955308965923534,0.7402301984009303,-1.2978782643428781,-0.8701999372441377,2.8090655614759195
-0.9400179080407967,-1.069466517842371,-0.905035708134866,-0.8951969174161295,-0.9002913444506088,0.5745234443310361,-0.40291528166922913,-1.018389302988261,-0.7827349598376235,-0.9507025507886274,-0.5221457641430034
-1.5630162086256507,1.2038484404861358,1.5433521365210807,1.362972335530935,-0.5301824828456543,-0.7462201058552537,-0.9108333992795203,-1.2138553476016394,0.5950043925070463,0.3232807910058396,1.1365795644101955
-0.9400179080407967,-0.19945870270164626,-0.7056774340836173,0.14703504548251567,0.855974186395645,0.5745234443310361,-0.07045978650612951,1.0110081602035814,-1.040044185546947,-1.0492670460150342,-0.40222045248333893
-0.04013147386267415,-0.9426039526589498,-0.39063213248047807,-1.1557549081407907,-0.8001462499422494,-0.7462201058552537,-1.0955308965923534,-0.11867059763550361,1.0446722744580157,1.6796908643246566,0.29127436728472345
-0.04013147386267415,-0.579464127407904,-0.7410424934443757,-0.9733643146335279,-0.6655049049832498,-0.7462201058552537,-0.8738938998169536,-0.05198218241446857,-0.854771045974502,-0.3543811478366729,-0.07623634409963231
0.4444227599255457,-0.09012014717340745,-0.7943733797346669,-0.25248720696196497,0.5764917998785511,-0.7462201058552537,0.9084369492518861,1.300757826336354,-1.2401444248160538,-1.047932577093518,-0.503321103659003
0.7213108935188142,-0.3502192642018625,-0.23687774547955964,-0.6346389266914682,-0.7717961551788185,-0.7462201058552537,1.9612126839350355,-0.874664270184306,-0.005296325300274141,0.30847749622529935,-0.567503477969788
1.4135312275019853,1.1663766516775844,1.291226704483559,2.3096663684972043,1.2957586837154562,0.5745234443310361,2.0350916828601684,-0.1962821153496393,0.400415110647318,-0.2524649632259927,-0.4727991878678308
-0.4554636742525769,-0.7039732055755672,-0.6925096163938295,-1.02547591277846,-0.47874572359930184,-0.7462201058552537,-0.28286190841588754,0.8586596254313892,-0.5873583983479843,-0.0821184536863999,-0.45794580080116576
1.4135312275019853,0.9702707110456701,0.025282884171458367,1.4932513308932658,-0.7348183969415115,-0.7462201058552537,1.9704475588006773,-1.393224188540975,-0.6595256977565145,-0.7637527651324956,-0.48201968773991405
-0.5939077410492111,-0.07689386251143486,-0.5692760295606252,-0.7475473893388215,-0.5692405100484009,-0.7462201058552537,-0.9200682741451619,-0.2049056173178766,-0.8735345438207199,-0.24650640432061813,0.34059126206999474
1.1366430939087169,-0.7194214416351423,-0.2665031204950861,-0.5912125949040247,-0.8020865997290046,-0.7462201058552537,1.8226895609504106,-0.9804458943280168,0.6687462511753988,0.17149270972361155,-0.589036299578662
-0.3170196074559426,-0.8289696244286795,-0.10921640959612272,-0.5130451976866263,-0.8181917087225721,-0.7462201058552537,0.7606789514016198,-1.0649562136167423,1.551286716305899,0.34711502662733834,-0.5697422318284464
-1.2861280750323822,0.7512709838719348,1.906159569474149,1.5019365972507543,0.8800402851293571,1.8952669945173257,-0.753840526563612,-0.1370674018344097,1.4373935965120728,0.48217569514916536,0.3575421410896775
1.6904193610952538,-0.9146776475315865,-0.2665031204950861,-0.790973721126265,-0.06318987817667435,-0.7462201058552537,2.9216396699617677,1.3605474399827997,1.3925186576071324,0.5793436531321251,-0.6140665900808931
0.5136447933238628,-0.8174074239600347,-0.31330142887456774,-0.5651567958315585,-0.5760245325796124,-0.7462201058552537,-0.8277195254887454,-0.4756835791205275,0.8314507080237219,0.037580305157507876,-0.2628686056833443
1.275087160705351,0.5171578385757482,0.020564998090246058,1.4671955318207996,1.3657203306926236,-0.7462201058552537,-0.44908965599743744,0.26248818936058443,-0.4279342732909581,-0.7605872807140152,-0.0943882241458724
1.5519752942986196,-0.4306507323219074,0.0812629156741145,-0.02667028166725852,-0.29716560946165643,0.5745234443310361,3.0047535437525426,-0.45613697465918956,0.8061265465949101,0.02578732399062033,-0.590955152935052
0.1675346263322772,-0.4652836457204306,0.3179506344265386,-0.14826401067210046,-0.21829851828822489,-0.7462201058552537,0.8253230754611114,-0.22445222177921453,1.4143000607013432,0.48689288761592037,-0.5354260322449053
-0.4554636742525769,-0.9735231201630505,-0.46519656775285123,-1.09495804363837,-1.0153131398690862,0.5745234443310361,-0.24592240895332104,-1.3023899678088757,0.8815741777947375,1.0111529688059995,-0.5217434150576761
0.4444227599255457,-0.42730963000619354,-0.04257361421224337,-0.2959135387494085,-0.5926769724780335,-0.7462201058552537,1.1393088208929276,-0.750485841841689,0.5316283822991914,0.14557918531742464,-0.5468231747097426
-0.524685707650894,-0.25679066159692887,-0.7706231818853058,-0.7475473893388215,-0.5340775858640295,1.8952669945173257,-0.3844455319379459,-0.10659769487997146,-1.1307125562583917,-0.7261393620423177,-0.3258934018879828
-0.8707958746424795,-0.5480197935767697,-0.1454395033017535,-0.24380194060447627,-0.17466842615846825,-0.7462201058552537,-0.6522569030415539,-0.04680808123352613,0.5538034252083579,-0.07249786378709706,-0.28232592162801645
-0.4554636742525769,-1.20123177424796,-0.8630687610741283,-1.1731254408557683,-0.7085814933032109,-0.7462201058552537,-0.5968476538477039,0.44358173069356766,-0.15264882936532795,-0.40173927747001575,-0.527240536918821
-0.8707958746424795,-0.8003461073141718,-1.0635940973272244,-0.7388621229813327,-0.6829515919842026,0.5745234443310361,0.021888962150287062,-0.5337484923733252,-1.6305039079803771,-1.4249045303413657,-0.5197146302572077
1.759641394493571,0.27828891196858097,0.2929473885466609,0.29468457355982375,-0.08864076525236583,0.5745234443310361,3.1432766667371674,-0.3957724608815286,0.10597252906051441,-0.0038502997314256433,-0.55903271054632
-0.5939077410492111,-1.20123177424796,-0.7717923285920907,-1.1557549081407907,-0.5832612348065674,0.5745234443310361,0.012654087284645435,1.024230863221545,0.46024836252057233,-0.033425855131540776,-0.58565810630213
1.3443091941036682,-0.8875478772050776,-0.8237583852745951,-1.121013842710836,-0.647980027853032,0.5745234443310361,-0.28286190841588754,0.5177438476204081,-0.7478322295782253,-0.3544432161586039,-0.49808891657808724
1.6904193610952538,-0.1890791026144165,-0.359750191832353,0.4162783025646657,0.8715648866440491,-0.7462201058552537,-0.5968476538477039,0.6741166833111111,-0.42845912637756556,-0.7585700602512582,-0.19684487968424458
1.4135312275019853,1.0000714597408513,1.7936977921867077,0.23388770905740278,-0.29959156110384577,0.5745234443310361,1.915038309606827,-0.6309066145487987,1.0207914590173752,1.724131782827243,-0.4771530227105594
0.9289769937137655,0.31638860642743794,0.10399613567712351,0.6247246951443948,-0.7838106858308487,-0.7462201058552537,2.0627963074570936,-1.3368839756818247,-0.17810420406579147,-0.400622047675258,-0.5278874834672229
1.275087160705351,-1.0586593659870362,-0.7425772102045635,-0.8170295201987311,-0.17823019230997772,0.5745234443310361,-1.0124170228015785,1.110465882903918,-0.018286439193809623,-0.5850891004541503,-0.16939334912618467
-1.6322382420239678,-0.34198620826546317,-0.8915975562110044,0.06886764826511729,-0.8825072053128288,-0.7462201058552537,-1.13247039605492,-1.367928582767479,-1.3302879424408909,-1.2560476605281163,1.8621908555657887
-0.8707958746424795,1.2327896929899547,0.8224683151335744,1.2674344055985594,2.3293046192272695,-0.7462201058552537,-0.6522569030415539,1.2076240050793914,-0.06211167192553543,-0.1331075801527054,0.35434368572421376
-0.8015738412441624,-0.44689769950991226,-0.600738635115385,-0.24380194060447627,-0.3436537565795394,0.5745234443310361,0.12347258567234526,-0.34518124933453653,-0.6529650341739208,-0.758942470182844,-0.4750632259586273
0.7905329269171313,0.23293084294422237,-0.6712995180922937,1.154525942951206,0.7025816138579585,0.5745234443310361,-0.6060825287133457,-0.09969889330538174,-1.1637783007146636,-1.192303493904993,-0.05044697697603916
0.3752007265272286,-1.1178794344883867,-0.8574815061524463,-1.2947191698606102,-0.9746563302863726,1.8952669945173257,0.5944512038200699,-0.7642834449908688,-0.4184869177320234,0.05480426449335678,-0.5956085509628944
0.8597549603154484,-0.47934038624248443,-0.5347416454174353,-0.9299379828460843,-0.9707632849029779,-0.7462201058552537,-0.28286190841588754,-1.2339768521941932,-0.4711034396644245,0.1943338521942149,-0.4088240343291338
0.23675665973059432,0.17023032734428772,0.8295941952622018,1.0589880130188303,-0.29959156110384577,0.5745234443310361,-0.49526403032564575,-0.9528506880296574,0.9805089846202502,-0.020050131755413172,-0.15754273945452363
0.1675346263322772,-0.8184506795585796,-0.6609410919319363,-0.8691411183436634,-0.9404131689383528,0.5745234443310361,-0.11663416083433781,-1.1713127378916688,-0.3060371439263678,-0.29420590972458127,-0.5073390979400717
1.6904193610952538,0.10365768622806991,-0.11986353969031502,-0.01798501530976981,0.32957560220024534,0.5745234443310361,1.397885317130894,0.4889988410596175,-0.3072180633712346,-0.24296850997055186,-0.5146764721750905
-0.524685707650894,0.0848195405733168,-0.202016484905868,-0.3914514686817843,-0.7048057331137134,0.5745234443310361,-0.218217784356396,-0.9005347760890179,-0.4129759603226445,0.005615119363049815,-0.3084461823982858
0.5828668267221799,-0.8983252566199394,-0.3191294441165237,-1.02547591277846,-0.6812910805548161,-0.7462201058552537,-0.7723102762948955,0.026204235430882857,1.122350531275925,1.2258472943652825,-0.3453831476086581
1.205865127307034,-1.1272582413102055,-0.5132692903384583,-1.1557549081407907,-0.9601541189427335,1.8952669945173257,-0.18127828489382933,-0.9626239902603264,1.5325232184596806,1.1284931314165296,-0.5597923368249023
0.652088860120497,-0.9726167689834024,-0.3788862077211393,-0.7214915902663553,-0.7260220073992218,0.5745234443310361,1.5271735652498772,-0.6728743241275535,1.234275451994973,0.1569066540698298,-0.6019345559123911
-1.0092399414391138,1.4878814271817917,-0.02528655420296355,2.7265591536566625,2.3521155606227837,1.8952669945173257,-0.7353707768323288,0.2521399869986999,-0.8850813117260847,-1.0006985841040372,0.627589283125706
-1.3553501084306994,-0.26747677139919307,-0.371455729308529,-0.7736031884112876,-1.0102760494364489,1.8952669945173257,-0.753840526563612,-1.4300177969387875,-0.3708565001223934,0.2784674625716672,-0.08372432441303856
0.02909055953564297,0.38338440665660967,-0.5004584441192065,1.1024143448062738,1.5137239572159804,-0.7462201058552537,-0.07045978650612951,0.6545700788497734,-0.9937259006538358,-1.0561255955884081,-0.2980318270435102
0.3752007265272286,-0.9193331298832684,-0.7844080130365748,-1.1123285763533473,-0.649726959951606,-0.7462201058552537,-0.28286190841588754,0.4717518371231429,-0.5494377628405929,-0.21280330551209234,-0.5050393321299497
-0.8707958746424795,0.34955681336924366,1.3892674857691374,-0.24380194060447627,0.8649228409265028,-0.7462201058552537,-0.8738938998169536,1.7917225383946638,1.4426421273781478,2.241285041156224,0.4602989094703838
1.6904193610952538,0.8899061088984909,1.6492776880140723,0.05149711555013987,-0.06922286393994775,0.5745234443310361,2.0443265577258103,-0.18133471193802803,1.0005846151829865,1.899040314028764,-0.4908301433255846
0.7213108935188142,0.4329328246593571,-0.546784221285683,0.8244858213666351,0.648432891707106,-0.7462201058552537,1.554878189846802,0.059548443041400216,-1.0694359583969668,-1.043339521270625,-0.4975519014737639
-1.4245721418290165,0.44467732031679985,-0.07693224853289578,1.2500638728835818,0.7220735900296804,0.5745234443310361,-0.7169010271010455,-0.1359176015719782,-0.4994455063412291,-0.7739630040901428,0.16249407780453679
0.0983125929339601,-0.5176462914570773,-0.16429554412113032,-0.4522483331842053,-0.5482773248655127,-0.7462201058552537,0.21582133432876183,-0.5337484923733252,0.4430594239341768,0.15200325663728195,-0.49614752727566114
-1.6322382420239678,-0.609914256956355,-0.6920230147724967,-0.5477862631165811,-0.9172586025010697,-0.7462201058552537,-1.0678262719954283,-1.2701955604607897,-0.700464238511899,-0.7210807938049422,0.5512380476126527
1.4135312275019853,-0.6434465662029629,-0.27543105514212757,-0.6867505248364004,-0.3092871371326806,-0.7462201058552537,1.4348248165934605,0.37804311573496413,0.44607732918216986,0.3248014648931488,-0.5747303711035078
0.4444227599255457,-0.04694010299513365,0.5906261583897805,-0.6954357911938892,0.06238964232753123,-0.7462201058552537,-0.5414384046538541,1.376644643656842,0.9843141694981543,2.2883948975018433,-0.19014950508264422
0.02909055953564297,0.05109688293679868,-0.24173685677028325,0.2686287744873576,-0.12376253673712409,1.8952669945173257,-0.7630754014292538,-0.42336766717988794,-0.44538563842065726,-0.5699133957420242,0.06800965059073659
-0.04013147386267415,0.06087200486786601,0.7572128880671177,0.11229398005256083,-0.02415860022867624,-0.7462201058552537,0.9361415738488111,-0.1704116094449274,1.0547756963752104,0.7111767689135409,-0.4906800869044175
-0.04013147386267415,-0.9030937278235807,-0.8006872149086041,-0.8083442538412424,-0.5659133142846857,-0.7462201058552537,0.28970033325389516,-0.08417658976255442,-0.6390564273788223,-0.7438909021145799,-0.5560645615562008
0.1675346263322772,1.1665670000674944,2.2974766461749807,1.9275146487677013,3.646623110190838,-0.7462201058552537,-0.4675594057287208,1.5726855884014366,1.3048681921436807,0.4710033972015879,0.09515007516205438
-0.3862416408542597,-0.7711920550718896,-0.9074908641064907,-0.8604558519861747,-0.7391888136404176,-0.7462201058552537,0.021888962150287062,-0.5308739917172461,-1.1528875991675582,-0.9832884198023953,-0.5148864412332803
-0.9400179080407967,-1.0179004069065782,-0.8029135964633451,-1.1731254408557683,-0.29959156110384577,0.5745234443310361,-0.781545151160537,2.6845424421728312,-0.416781145200549,-0.12075598408843918,-0.3941976556944908
-0.7323518078458453,-0.03302954027507473,0.9304443680772105,-0.23511667424698757,0.4243440965041597,0.5745234443310361,-0.03352028704356285,0.9960607567919701,1.5039187252395725,1.5302924134367721,-0.3809085930770627
0.7905329269171313,-1.1573872189597827,-0.8480687938258923,-1.2512928380731667,-0.8643053662739764,0.5745234443310361,-0.3752106570723041,-0.13821720209684155,-0.23360741797453388,-0.0784874568534371,-0.5474580287992958
-0.10935350726099127,-0.3552205461285474,-0.8998997485321392,-0.8951969174161295,-0.7657549388756225,0.5745234443310361,-0.06122491164048789,-0.5653679995901953,-1.342621989976167,-0.935961324330018,-0.4317700246516368
0.7905329269171313,1.8193216565301058,2.647425419576795,2.023052578700077,-0.2438996127175039,0.5745234443310361,-0.3936804068035875,-1.106923923195497,0.9700119228881002,0.6178570468903022,0.19149454240966252
-0.3862416408542597,-1.17214946870649,-0.7361514631717976,-1.2599781044306553,-1.0273811690306134,-0.7462201058552537,0.4836327054323701,-1.212130647207992,0.5191631214922634,0.6067468172646558,-0.5988823093675518
-0.04013147386267415,1.2682208494441127,1.6896722669441897,2.1533315740624075,0.7502693621695621,0.5745234443310361,-0.024285412177921226,-0.4860317814824122,0.6684838246320951,0.018525330324695,-0.1592060022034311
-0.9400179080407967,0.4265356545399994,-0.004798867143808067,0.885282685869056,-0.8712766335884272,-0.7462201058552537,-0.9570077736077286,-1.457038103105931,-0.39906735352754596,-0.6065026715203408,0.8502021063563074
0.9981990271120826,-0.2719667970734917,-0.4588956304532144,0.23388770905740278,-0.10426850293042189,0.5745234443310361,-0.28286190841588754,-0.37450115602654327,-0.5319863977108937,-0.7950662335466783,-0.36347621433231625
0.652088860120497,0.5309859169935128,0.012653259600205004,1.0676732793763188,-0.13122763644693167,1.8952669945173257,0.5944512038200699,-0.8028017537823285,-0.4459104915072648,-0.6546676893387865,-0.4080413224472949
0.3752007265272286,-0.6595973830504235,-0.4924056107012127,-0.3740809359668069,-0.7102893303371525,-0.7462201058552537,-0.28286190841588754,-0.922380981075219,-0.10239414632266047,-0.4993417137064923,-0.4482416025751372
-0.04013147386267415,-0.3381523964635593,0.0860897171383077,-0.4261925341117392,-0.3140773113676397,1.8952669945173257,-0.624552278444629,-0.08130208910647532,0.6233464591838507,0.5509163616877331,-0.2272689564901868
0.5136447933238628,0.21669851794005673,1.3251920187788284,1.1632112093086948,0.7196373502125878,1.8952669945173257,1.5087038155185937,-0.08992559107471262,1.5922252570612832,0.2928983474206216,-0.511438991146979
1.4827532609003025,0.3182569490853231,-0.2665031204950861,1.3977134009608898,2.684082042591382,-0.7462201058552537,2.404486677485835,1.3685960418198209,-0.6626748162761595,-0.9403061068651871,-0.538941090169315
0.7905329269171313,0.817980041334255,0.6436084112292854,1.3803428682459125,-0.29959156110384577,0.5745234443310361,2.21055430530736,-1.0298873056125772,0.04732019663212709,-0.30860576041257026,-0.5026966930566371
-1.6322382420239678,-0.22469938727649813,-1.0413176444686314,-0.38276620232429565,-0.334435551866216,-0.7462201058552537,-0.9939472730702953,-0.1773104110195171,-1.6411321829841787,-1.4130184466915816,0.5163403106899364
0.7213108935188142,0.23819910068957587,0.42952167669790153,-0.05272608073972465,0.13593568944099535,-0.7462201058552537,0.4374583311041618,0.23661768345587253,0.3331027022899071,0.5123098654466595,-0.42205703191008187
-0.524685707650894,-0.9490696970059544,-0.7582637612665677,-0.6606947257639343,-0.1853804738677453,3.2160105447036154,-0.4213850314005125,0.636748174782083,-0.3876517988938331,-0.7709216563155246,-0.48849849739667983
0.3752007265272286,-0.05988281736341984,0.6789062453058116,-0.15694927702958916,-0.5449563020067396,0.5745234443310361,-0.8831287746825954,-0.7591093438099263,1.151742304125945,1.0105943539086206,0.24674553654629072
1.1366430939087169,-1.0514397932087085,-0.4858650856153292,-0.8344000529137086,-0.9034889092105428,-0.7462201058552537,0.9546113235800945,-1.079328716897138,1.1806092238893566,0.11501053676641383,-0.5977071422303528
-1.6322382420239678,1.992393977764534,0.16995508315996496,0.3815372371347108,-0.27735881513789495,-0.7462201058552537,-0.9754775233390118,-0.6809229259645749,-0.8728784774624606,-0.19685174677582873,2.2167236103194585
0.5136447933238628,-0.8172998039088165,-0.8888213864790145,-0.5651567958315585,-0.6878425903332138,-0.7462201058552537,-0.6799615276384788,-0.7338137380364304,-1.0550024985152606,-1.0954148433707227,-0.3651911448599407
-0.8015738412441624,1.0863910380554438,0.11846663867125072,-0.24380194060447627,0.9059603129806374,0.5745234443310361,-0.8277195254887454,1.8641599549278574,-0.6209489958908637,0.3253911139514932,0.711685188874089
-1.770682308820602,-1.0025734569364715,-0.7378551551134763,-1.2512928380731667,-0.9583845528593722,-0.7462201058552537,-1.1417052709205617,-0.7642834449908688,-0.16970655468007134,0.5466026133135297,0.6252043204464233
-1.6322382420239678,-0.25679066159692887,-0.8954796860938631,-0.0092997489522811,-0.6616262630447197,-0.7462201058552537,-1.0770611468610702,-1.0195391032506924,-1.3649282461569854,-1.2485373935744668,1.0895657333783688
-0.6631297744475282,-0.6542915436998827,-0.755243313612222,-0.43487780046922786,-0.01112965553118436,0.5745234443310361,-0.1628085351625461,0.5528127556245734,-0.8196058891717999,-0.9075340328856262,-0.46945617265340395
0.23675665973059432,0.41107155611459845,0.24318986484537072,-0.07009661345470207,-0.36854702457547395,-0.7462201058552537,1.0838995716990778,-0.5337484923733252,-0.0804815299567977,0.28569842207662716,-0.4692022310175827
0.7905329269171313,-0.485332944015085,-0.9184726875247003,-0.6172683939764908,0.023629972196979203,-0.7462201058552537,-0.8092497757574622,1.043777467682883,-1.3356676865786177,-1.1350454669236578,-0.11696044755850855
1.6211973276969367,0.6178889863340981,-0.009523527866067097,-0.12220821159963433,0.18461316017829263,-0.7462201058552537,2.903169920230484,0.4044885217708918,-0.5228014686952626,-0.0015227376590135548,-0.5368694321056559
0.9289769937137655,-0.25679066159692887,0.1578760284553122,0.6073541624294173,0.023016796972744644,-0.7462201058552537,1.425589941727819,-0.4538373741343264,0.6106187718336192,-0.34178127848468265,-0.5442414347455592
-0.1785755406593084,-0.44690136005587205,-0.2665031204950861,-0.47830413225667145,-0.9444790556601222,1.8952669945173257,-0.2920967832815293,-1.3529811793558677,0.08025472781674715,0.004311684602499101,-0.3993281561896339
0.3752007265272286,-1.16060142234889,-0.5956288621059346,-1.3728865670780086,-0.29959156110384577,-0.7462201058552537,0.6036860786857113,6.264445559253739,1.3039496992421173,2.786493180998011,-0.6007011251098304
1.205865127307034,-0.9168215072820466,-1.050448427502397,-0.9646790482760392,-0.29959156110384577,0.5745234443310361,2.349077428291985,1.2892598237120376,-1.55925510147341,-1.3525328669698353,-0.6089712676478553
-0.524685707650894,2.65758155656143,1.387662156404194,2.7265591536566625,0.7065610799105406,-0.7462201058552537,-0.28286190841588754,-0.667700222946611,-0.3026255988634192,-0.3275365986015212,0.27714377946287455
1.3443091941036682,2.1859436371345167,-0.8832049484882084,1.0329322139463641,0.3942532425470969,1.8952669945173257,2.856995545902276,-0.3101123413303714,-1.6078040119846029,-1.3430674478753597,-0.4559043738846283
-0.6631297744475282,-0.163215637153603,-0.5447984697696574,-0.13957874431461176,0.4259490517890688,-0.7462201058552537,-0.6430220281759123,0.8258903179520876,-0.7766991493416374,-0.733773765639829,-0.15259527481377122
0.5828668267221799,-0.5980726348127786,-0.1776207419336946,-0.24380194060447627,-0.5882119045700174,-0.7462201058552537,-0.042755161909204475,-0.7780810481400483,0.5911992076291418,-0.1210042573761631,-0.47750480333161055
1.1366430939087169,0.5292491099537834,0.03717759047070665,-0.4696188658991827,0.09199695206414082,-0.7462201058552537,-0.9662426484733703,0.8385381208388354,-0.41612507884228966,0.5408302593739478,0.9815954662622401
1.5519752942986196,-1.1836596894225053,-0.6363776765938578,-1.3468307680055425,-0.7577425082609616,-0.7462201058552537,2.700002673186368,1.3668713414261735,1.2265338689675125,2.0572835007918147,-0.6264476189702329
-0.6631297744475282,-0.03605534756545066,0.5983082104920278,-0.24380194060447627,-0.6262287684725539,-0.7462201058552537,-0.8277195254887454,-0.8447694633610834,0.9772286528289533,1.0487974060571428,0.13710541079460967
0.9289769937137655,-0.6209920451763186,-0.9433100849804933,-0.5998978612615133,-1.009232828501258,0.5745234443310361,0.16964696000055354,-1.4691110058614631,-1.3407850041730407,-1.1920862547782345,-0.5065080162228383
0.3752007265272286,-0.6520490932449053,-0.6494193817349306,-0.999420113705994,-0.3967983528598335,0.5745234443310361,0.34510958244774526,1.0742471746373217,-0.5376285683919242,0.0019841225300870125,-0.5261791488262432
-1.701460275422285,-0.25679066159692887,-1.0065452359178977,-1.0081053800634827,-0.759273388686567,0.5745234443310361,-1.058591397129787,-0.33368324671022015,-1.5731637082685084,-1.1916517765247177,0.9067975620540155
-0.3862416408542597,-0.9589751343731906,-1.0437565152454322,-1.1904959735707457,-0.9364810284903259,-0.7462201058552537,-0.5322035297882124,-0.7694575461718111,-1.5189726270762849,-1.234758226105788,-0.46645009731507775
1.759641394493571,-0.24402145710713752,-0.41375671828549093,-0.13957874431461176,-0.023563943719267583,-0.7462201058552537,3.5311414110941173,0.0871436493397597,-0.4738589183691138,-0.5501756693679704,-0.5889703407122149
1.6211973276969367,0.47683009180935565,-0.4463242417386507,1.0329322139463641,-0.29959156110384577,-0.7462201058552537,0.8899671995206029,-0.9453769863238518,-0.9632844216306012,-1.001877882220726,-0.44655360525131194
-1.3553501084306994,-1.20123177424796,-0.9114615854491904,-1.2512928380731667,-0.29959156110384577,-0.7462201058552537,-1.104765771457995,3.6181802552673217,-0.4775328899753663,-0.43801821163867743,-0.05781238372929792
0.23675665973059432,-0.6812551252398168,-0.3969544359557236,-0.24380194060447627,-0.4097717414128477,0.5745234443310361,1.453294566324744,-0.4624608761025637,0.20267671026794487,-0.45170427662446005,-0.5781519873004508
0.4444227599255457,-0.385330000866339,-0.2082879785732636,0.06018238190762858,-0.5489748631239539,-0.7462201058552537,0.9638461984457363,-0.8838626722837591,0.10597252906051441,-0.4113288332083532,-0.5348741763956312
1.4135312275019853,1.069992524264703,-0.8330726047428553,1.5106218636082431,0.20510103168065,-0.7462201058552537,0.17888183486619533,-0.6654006224217479,-1.5007339823166743,-1.3358985566923307,-0.2584894866084777
-1.0092399414391138,-0.3593181612759546,0.2986752172700612,-0.7562326556963102,-0.3968580242742724,-0.7462201058552537,-0.2643921586846043,0.29640729710231783,1.097551222933721,1.8546924980090738,-0.38760946425086695
-1.701460275422285,0.46754572707330005,-0.02015749952284188,0.05149711555013987,-0.33916811232171684,-0.7462201058552537,-1.1417052709205617,-0.5739915015584326,-0.4448607853340498,-0.17217958880826142,3.9364383543901833
-1.078461974837431,-0.3533446383423452,0.08465010591589046,-0.3740809359668069,-0.20492800618394452,-0.7462201058552537,-0.7076661522354039,0.06529744435355841,0.6501139666008328,0.4619103880386983,-0.16704136588012544
0.9981990271120826,-0.45391569822405314,-0.4797305178660115,-0.790973721126265,0.09170065262692675,-0.7462201058552537,-0.18127828489382933,1.816443244036944,-0.37886050969315765,0.044687128018605825,-0.42675660114443725
0.30597869312891146,-1.20123177424796,-0.7867103487399737,-1.0862727772808811,-0.4659492916546236,0.5745234443310361,-0.4767942805943624,1.2076240050793914,0.3600014229785411,-0.2857646179419672,-0.5461839233624262
1.5519752942986196,0.5203466621795342,-0.08919226432242976,1.0850438120912964,0.47130344203261226,0.5745234443310361,0.9546113235800945,-0.26699483148918507,-0.5591475449428314,-0.738180616496929,-0.4483306470448407
1.4827532609003025,-1.20123177424796,-0.8074363207697899,-1.2599781044306553,-0.9209211927666313,-0.7462201058552537,2.524540050739177,-0.48660668161362797,0.2209153550275553,0.19259593918014717,-0.6264734528595914
1.759641394493571,-0.252857038908521,0.13629645165361567,-0.13957874431461176,-0.6391898112156843,0.5745234443310361,1.5733479395780856,-0.9246805816000824,0.563250780767293,0.22058875237102224,-0.5493439027224624
1.6211973276969367,-1.1445777484644335,-0.5688616039227511,-1.02547591277846,-0.7495839855626741,-0.7462201058552537,2.700002673186368,-0.254347028602437,1.343838533824287,0.3510253309089905,-0.6243814574787777
1.759641394493571,0.010025801304168318,0.9366172386047537,0.3207403726322899,1.8655959999874114,-0.7462201058552537,0.45592808083544506,2.035480194030171,1.424665909161841,0.6634151951876466,-0.45259598707508614
0.9289769937137655,0.8437663912935149,-0.08408809341999879,1.1632112093086948,-0.29959156110384577,-0.7462201058552537,0.7606789514016198,-0.9798709941968009,-0.7137167789487382,-0.7561804298569152,-0.3953167577952098
0.4444227599255457,0.11426301998282073,0.04720210499639839,-0.33933987053685205,0.03106832265203809,-0.7462201058552537,-0.20898290949075438,0.4665777359422005,-0.07208388057107787,0.3474874365589242,-0.30551925769969607
0.5828668267221799,0.03868397158709529,-0.5221741651496293,0.42496356892215437,0.2524430973155038,0.5745234443310361,-0.005815662446637814,-0.07210368700702227,-0.8644808280767406,-0.9264338369136117,-0.3747595777525324
1.3443091941036682,1.3958045421816159,1.3537424406544305,0.6507804942168608,0.2258049548559761,0.5745234443310361,-0.8923636495482369,-0.26009602991459524,0.28573471122358085,0.7272214301327008,1.157036706838762
-0.1785755406593084,-0.6212226595717862,-0.542471510851685,-0.9212527164885956,-0.9835823508324433,0.5745234443310361,0.6129209535513531,-1.2845680637411852,-0.29934526707212217,0.1499860361745249,-0.5401871630879446
1.0674210605103998,0.017266361212665324,0.8472777020542702,0.9026532185840335,1.2069552732204534,0.5745234443310361,-0.8369544003543872,0.5436143535251201,1.2716712344157566,0.08717289438036614,0.18326397519150606
-0.8707958746424795,-0.45566641533842983,0.31638191417955885,-0.9212527164885956,-0.5808270526244554,-0.7462201058552537,-0.6707266527728373,0.12221255734392464,1.3834649418631526,2.7072940022140726,-0.236277838332419
0.5136447933238628,-0.4973375824720714,-0.9708853493900507,-0.4435630668267166,-0.14611462553195276,-0.7462201058552537,0.0034192124190038113,0.2900833956589439,-1.4515290054472219,-1.2835439271435434,-0.4668870748052897
0.8597549603154484,-0.6047001752912067,-0.2260552564075054,-0.2003756088170327,-0.33365365057356805,-0.7462201058552537,1.0746646968334361,-0.36875215471438505,0.4837355381462577,-0.2344961840269721,-0.5600078024552961
-1.0092399414391138,0.1047199766656057,-0.0031373864271124264,0.7984300222941689,-0.3588864283413103,-0.7462201058552537,-0.5414384046538541,-0.9344538838307512,-0.13650959695214757,-0.5724581969411946,-0.1446038084864854
-0.1785755406593084,-0.25679066159692887,-0.24658150680800336,-0.30459880510689724,0.5358967193452571,-0.7462201058552537,0.7883835759985446,1.3438753361775408,-0.14792515158586045,-0.16525897091295655,-0.511950172361944
-1.770682308820602,0.21161597189306444,1.012856052468123,0.08623818098009471,-0.6145784392120991,0.5745234443310361,-1.1417052709205617,-0.9890693962962541,1.170243375428859,1.0559042289182408,3.359993039704692
0.7905329269171313,-0.6964839725782006,-0.9915697616026766,-1.1383843754258134,-0.5088283470164422,-0.7462201058552537,-0.2736270335502459,1.3042072271236491,-1.4414255835300276,-1.039118875379318,-0.45813873048552356
-1.701460275422285,0.13507029532755244,1.1267302121322362,-0.6346389266914682,0.11982440754248584,-0.7462201058552537,-1.0493565222641452,1.3300777330283609,1.465998089732181,3.1830166556541197,1.2704271438051806
0.23675665973059432,0.4159779078827257,-0.4750539310388722,0.6942068260043044,2.0773225242265974,1.8952669945173257,-1.0124170228015785,1.657770807821378,-0.9746999762643143,-0.9526266687684879,1.2145275541484892
1.4135312275019853,-0.038817839583118,0.008937499267665567,0.45970463435210923,1.4511492198193556,-0.7462201058552537,-0.6430220281759123,1.302482526730002,0.03446129601024346,-0.40689094819028765,-0.10881562686673338
1.1366430939087169,-0.25679066159692887,1.4450644716819747,1.875403050622769,0.3004168568894181,0.5745234443310361,2.524540050739177,-0.7044938313444236,3.0246805436847843,-0.004470982950735442,-0.5742076470869146
-1.078461974837431,0.33193543319153057,0.3197552945761245,-0.04404081438223594,-0.4328645788007113,-0.7462201058552537,-0.6707266527728373,-0.6521779194037839,0.08825873738751142,0.3566425140437449,0.05453535349003623
0.5828668267221799,-1.1036255125572978,-0.9054084436739914,-0.24380194060447627,-0.7245014151485196,-0.7462201058552537,1.2224226946837027,-1.0189642031194768,-0.7134543524054344,-1.218279086633111,-0.6074707034361838
-1.6322382420239678,0.281358889846872,1.2053906996066726,0.6073541624294173,0.7297012429029593,0.5745234443310361,-1.13247039605492,0.3171037018260873,1.3160213202340902,0.632939649119532,3.138550986353526
-0.2477975740576255,-0.25150190479420054,-0.37307786499453044,-0.7562326556963102,-0.5119950472516664,1.8952669945173257,0.41898858137287825,-0.028411277034620024,-0.3906697041418261,0.23837132660424984,-0.48116607007664464
1.4135312275019853,-0.3980301430556886,-0.7534489457057647,-0.07009661345470207,-0.17044821681314984,1.8952669945173257,-0.2736270335502459,-0.22272752138556692,-1.0198373417125586,-1.04805671373738,-0.393501789653474
-1.6322382420239678,0.1149099604721174,-0.07448230382361463,-0.6867505248364004,-0.9508042255906481,-0.7462201058552537,-1.1417052709205617,-1.2972158666279332,-0.2505339300176254,0.7721588952107351,3.142176525379235
-1.5630162086256507,-0.17532813969820515,0.12426716450434411,-0.48698939861416013,-0.18693810354809942,-0.7462201058552537,-1.104765771457995,0.277435592772196,0.41314279799754977,0.7320006909213869,1.592688423835169
-0.3862416408542597,0.20425681029546935,0.8219190480825599,-0.30459880510689724,0.528814339741851,0.5745234443310361,0.4743978305667283,1.3306526331595772,0.9173954009556987,1.520330447766849,-0.4310472254068208
-0.3170196074559426,-0.6250040035482662,-0.3196526548558203,-0.40013673503927305,-0.2306998843166177,0.5745234443310361,-0.8000149008918204,0.05092494107316292,0.2877029102983587,-0.18369326252645962,-0.1951656768759457
-1.147684008235748,0.629328192458493,1.6074505330657016,-0.08746714616967949,-0.14501584845228427,1.8952669945173257,-0.4767942805943624,-0.1658124083952007,1.2800688838014769,2.1526204432778098,-0.04337014026348643
-0.4554636742525769,-0.5189116201771838,0.33549708501897074,0.03412658283516245,0.09630975498358857,-0.7462201058552537,-0.8738938998169536,0.07794524724030664,1.617418205218443,0.2878087450222807,-0.04126550276660381
-1.2861280750323822,0.6289221158933519,1.3600999201504955,1.302175471028514,2.4980862437852562,-0.7462201058552537,-0.8000149008918204,1.3134056292231024,1.0038649469742833,0.23163691367473777,0.40574707931809495
1.4827532609003025,-0.06767611971184782,-0.1710601534877882,0.5291867652120189,0.4712067331885215,-0.7462201058552537,1.453294566324744,0.09749185170164426,-0.22625947476202893,-0.6163405005464022,-0.5306605041441027
-1.2861280750323822,-1.0948958425523514,-0.5475583543068235,-1.3034044362180988,-0.7607404824277723,-0.7462201058552537,-0.8554241500856704,0.9213237397339136,1.1293048346734744,2.1490825489277436,-0.3872208565960495
-0.1785755406593084,0.7448298872010594,-0.9366827923765889,0.12966451276753826,-0.6267267161378718,0.5745234443310361,-0.19051315975947097,-1.0229885040379874,-1.5757879737015459,-1.318426324068758,-0.18587152293632983
1.5519752942986196,-0.8169659621172822,-0.2665031204950861,-1.0862727772808811,-0.8669576577640375,0.5745234443310361,-1.0955308965923534,-0.6291819141551512,0.9832644633249394,1.7457005246982609,0.47992881778225926
1.759641394493571,-0.38446391569224886,-0.1394330023245295,-0.5651567958315585,-0.38725092654960563,0.5745234443310361,1.7026361876970686,-0.039909279658936425,0.2476828624445374,0.3798560664459339,-0.5629528658421589
-1.770682308820602,-0.25679066159692887,-0.1547660995180798,-0.1048376788846569,-0.29959156110384577,-0.7462201058552537,-1.1417052709205617,-0.3969222611439602,0.02422666082139731,-0.21773773710560587,2.3049738253395677
1.205865127307034,0.34150678473083484,-0.8755128647059498,-0.3480251368943408,-0.6545726903310428,-0.7462201058552537,0.9176718241175279,-0.8309718602119038,-1.4600578681045935,-1.145255705881305,-0.462212240145852
-1.0092399414391138,0.2908421442467436,-0.6239674461672696,0.00807078376269632,1.6260337897299577,0.5745234443310361,-0.9293031490108037,2.391343375252764,-1.1194282148963304,-0.9054857782619037,0.6215023790670801
